episode_id,create_time,avg_score,min_score,sum_score,agent_count,size_bytes
89406784,2026-08-01T22:42:57.3146352,1279.157410,1278.457220,2558.314821,2,4929498
89414680,2026-08-01T23:42:57.9578124,1277.424474,1273.883289,2554.848947,2,620264
89414682,2026-08-01T23:42:57.9607521,1277.424474,1276.357032,2554.848947,2,5347046
89405741,2026-08-01T22:34:49.6261628,1275.731897,1275.231673,2551.463795,2,4391606
89405217,2026-08-01T22:30:48.2714700,1275.662421,1270.430031,2551.324843,2,4265064
89405220,2026-08-01T22:30:48.3038466,1275.662421,1274.896372,2551.324843,2,729402
89416273,2026-08-01T23:54:58.3258922,1274.819149,1272.139459,2549.638299,2,6245085
89407820,2026-08-01T22:50:57.0329325,1274.344282,1267.724749,2548.688563,2,5039931
89408352,2026-08-01T22:54:58.0565319,1274.344282,1268.304591,2548.688563,2,5477009
89407821,2026-08-01T22:50:57.0356648,1274.344282,1263.448689,2548.688563,2,5444770
89404157,2026-08-01T22:22:49.8712790,1273.860117,1270.162603,2547.720234,2,5048914
89408879,2026-08-01T22:58:57.2833882,1272.595342,1266.605046,2545.190685,2,6137641
89409408,2026-08-01T23:02:57.5938209,1272.595342,1262.308704,2545.190685,2,6123268
89403632,2026-08-01T22:18:48.5621135,1272.509298,1262.687167,2545.018595,2,2807559
89413627,2026-08-01T23:34:59.6264312,1272.470975,1262.673645,2544.941950,2,6307380
89416817,2026-08-01T23:58:57.3452150,1271.949893,1262.090355,2543.899786,2,6309575
89409931,2026-08-01T23:06:57.2570265,1271.110881,1252.316301,2542.221762,2,9019866
89412572,2026-08-01T23:26:57.5305081,1270.378251,1248.474428,2540.756502,2,3853479
89413086,2026-08-01T23:30:57.3611848,1270.378251,1253.710290,2540.756502,2,5041844
89402580,2026-08-01T22:10:48.7341978,1269.237904,1260.003287,2538.475808,2,6640478
89403106,2026-08-01T22:14:49.3411733,1269.237904,1260.456222,2538.475808,2,5818386
89403105,2026-08-01T22:14:49.3362734,1269.237904,1264.802873,2538.475808,2,725338
89412565,2026-08-01T23:26:57.5145250,1268.724232,1249.083431,2537.448464,2,6761786
89410454,2026-08-01T23:10:57.2781091,1268.281042,1242.851451,2536.562084,2,6401476
89382536,2026-08-01T19:38:43.3035413,1264.785532,1243.324075,2529.571063,2,4852607
89382076,2026-08-01T19:34:44.5617134,1264.566829,1241.209758,2529.133659,2,6017469
89382579,2026-08-01T19:38:43.5189706,1263.913822,1236.164974,2527.827644,2,7262284
89261138,2026-08-01T04:18:00.3047031,1262.672140,1249.074264,2525.344281,2,5749659
89381021,2026-08-01T19:26:41.7570164,1261.739189,1233.664101,2523.478378,2,5380547
89378920,2026-08-01T19:10:43.0333996,1261.568944,1218.094354,2523.137888,2,6341296
89381553,2026-08-01T19:30:41.7792426,1260.986486,1228.562642,2521.972971,2,2023186
89283475,2026-08-01T07:10:00.3051318,1260.866470,1214.638100,2521.732940,2,7073876
89263224,2026-08-01T04:34:02.3425721,1259.955982,1234.056151,2519.911964,2,7023876
89262180,2026-08-01T04:26:00.3392745,1259.955982,1235.826756,2519.911964,2,4633343
89262701,2026-08-01T04:30:00.2240130,1259.955982,1232.097742,2519.911964,2,6182193
89262713,2026-08-01T04:30:00.2373579,1259.955982,1228.480768,2519.911964,2,6238750
89261793,2026-08-01T04:22:00.7179110,1259.954625,1239.670293,2519.909250,2,6354308
89400994,2026-08-01T21:58:48.5095200,1259.567949,1256.568625,2519.135899,2,4692204
89282947,2026-08-01T07:06:00.2276577,1259.399961,1214.882623,2518.799922,2,7018251
89378397,2026-08-01T19:06:43.7521850,1259.002116,1206.705713,2518.004231,2,5795039
89395686,2026-08-01T21:18:51.3269426,1258.955807,1256.955951,2517.911615,2,5122179
89396217,2026-08-01T21:22:48.3143368,1258.925250,1257.183241,2517.850501,2,3708144
89395709,2026-08-01T21:18:51.3632676,1258.681100,1251.987583,2517.362200,2,6477392
89394663,2026-08-01T21:10:51.2511390,1258.208157,1253.790788,2516.416313,2,6609123
89283994,2026-08-01T07:14:01.7816522,1258.161857,1212.257245,2516.323713,2,6986198
89284014,2026-08-01T07:14:01.8222720,1258.161857,1215.444119,2516.323713,2,6668597
89380505,2026-08-01T19:22:44.0034197,1257.972036,1220.513452,2515.944072,2,4428692
89285066,2026-08-01T07:22:00.6230099,1257.950531,1206.878222,2515.901062,2,5804285
89398369,2026-08-01T21:38:50.1240746,1257.865110,1247.459237,2515.730220,2,6451061
89383638,2026-08-01T19:46:49.3654819,1257.804582,1233.162870,2515.609164,2,4207260
89392040,2026-08-01T20:50:49.0060272,1257.736386,1253.568511,2515.472772,2,5437247
89379431,2026-08-01T19:14:45.9206443,1257.558476,1216.243225,2515.116952,2,7239783
89389434,2026-08-01T20:30:51.5105019,1257.528408,1248.238059,2515.056816,2,7293842
89282352,2026-08-01T07:02:00.1331186,1257.473963,1214.257656,2514.947926,2,2698247
89263733,2026-08-01T04:38:00.5308237,1257.368640,1234.349968,2514.737279,2,9069756
89395156,2026-08-01T21:14:49.7342552,1256.915271,1251.626848,2513.830542,2,5715583
89391987,2026-08-01T20:50:48.8315054,1256.875757,1255.576346,2513.751514,2,4992146
89389974,2026-08-01T20:34:51.7579144,1256.624654,1254.355455,2513.249309,2,5744959
89384162,2026-08-01T19:50:49.5108964,1256.285636,1235.534102,2512.571272,2,5968587
89392043,2026-08-01T20:50:49.0198967,1256.156176,1249.711874,2512.312351,2,6828491
89245338,2026-08-01T02:13:31.2435957,1256.086722,1249.327023,2512.173445,2,5766503
89245863,2026-08-01T02:17:30.6407652,1256.086722,1245.055475,2512.173445,2,5980119
89245859,2026-08-01T02:17:30.6354402,1256.086722,1249.915989,2512.173445,2,7278738
89279259,2026-08-01T06:38:00.1762618,1256.045902,1217.826346,2512.091803,2,6383690
89393091,2026-08-01T20:58:50.1273925,1255.992424,1255.712049,2511.984847,2,7329929
89387320,2026-08-01T20:14:51.1090214,1255.544069,1240.216830,2511.088138,2,4862438
89240700,2026-08-01T01:37:30.5094750,1255.502930,1245.837699,2511.005859,2,6564574
89387840,2026-08-01T20:18:50.6774185,1255.458247,1245.055614,2510.916494,2,4109583
89387846,2026-08-01T20:18:50.7101620,1255.458247,1249.894774,2510.916494,2,6514749
89385131,2026-08-01T19:58:48.9318821,1255.357472,1223.658819,2510.714943,2,7158196
89393043,2026-08-01T20:58:49.9629624,1255.357099,1249.975448,2510.714197,2,7766228
89286151,2026-08-01T07:30:00.2580890,1255.351740,1205.971615,2510.703480,2,8187944
89396233,2026-08-01T21:22:48.3499084,1255.339400,1245.693802,2510.678800,2,6968026
89396767,2026-08-01T21:26:50.1327439,1255.339400,1250.507297,2510.678800,2,5499639
89392520,2026-08-01T20:54:51.0546941,1255.262763,1249.592637,2510.525526,2,5680949
89389853,2026-08-01T20:34:51.1678439,1255.203973,1251.523212,2510.407946,2,7125328
89390470,2026-08-01T20:38:48.9676316,1255.098182,1254.267944,2510.196365,2,6640563
89390473,2026-08-01T20:38:49.0089403,1255.098182,1249.803710,2510.196365,2,5803033
89259599,2026-08-01T04:06:00.3079708,1254.980746,1244.251464,2509.961492,2,5888589
89391521,2026-08-01T20:46:48.9258384,1254.850902,1254.137183,2509.701803,2,6033257
89412033,2026-08-01T23:22:58.0102710,1254.680168,1215.651049,2509.360335,2,7644067
89244809,2026-08-01T02:09:30.8420189,1254.672336,1244.445761,2509.344673,2,7282592
89278698,2026-08-01T06:34:00.8482167,1254.581030,1218.309147,2509.162061,2,7168041
89397819,2026-08-01T21:34:49.4157857,1254.580059,1245.181955,2509.160117,2,9574980
89397825,2026-08-01T21:34:49.4253584,1254.580059,1249.507968,2509.160117,2,6376841
89287222,2026-08-01T07:38:04.6240215,1254.559457,1208.036517,2509.118914,2,6716187
89385242,2026-08-01T19:58:49.3076209,1254.489892,1225.559126,2508.979785,2,2439457
89395190,2026-08-01T21:14:49.8703419,1254.436893,1251.889508,2508.873785,2,5990480
89397292,2026-08-01T21:30:48.6441506,1254.373761,1244.273462,2508.747521,2,7274140
89258449,2026-08-01T03:58:00.3447061,1254.150669,1235.688834,2508.301338,2,6469238
89269385,2026-08-01T05:22:00.5216805,1253.962077,1234.137888,2507.924155,2,5336320
89390993,2026-08-01T20:42:49.0326089,1253.687814,1251.705590,2507.375628,2,4172512
89350265,2026-08-01T15:34:40.2462938,1253.680744,1220.051805,2507.361489,2,6310891
89396771,2026-08-01T21:26:50.1434917,1253.661549,1252.218735,2507.323098,2,8320743
89267819,2026-08-01T05:10:00.2737079,1253.516700,1230.827232,2507.033399,2,6835196
89399351,2026-08-01T21:46:48.0264401,1253.475876,1243.637558,2506.951752,2,6011438
89386763,2026-08-01T20:10:50.9690115,1253.178392,1230.298199,2506.356784,2,5327047
89386251,2026-08-01T20:06:48.4260677,1253.096410,1224.670422,2506.192820,2,7524142
89259133,2026-08-01T04:02:00.4034489,1253.030706,1235.329304,2506.061411,2,7372103
89256881,2026-08-01T03:46:00.2468658,1252.885960,1234.409163,2505.771920,2,6487822
89394149,2026-08-01T21:06:49.0257746,1252.720565,1251.607737,2505.441130,2,5052933
89394668,2026-08-01T21:10:51.2634360,1252.720565,1247.152769,2505.441130,2,4874753
89246395,2026-08-01T02:21:30.6401806,1252.604641,1238.772943,2505.209283,2,7031766
89390932,2026-08-01T20:42:48.7853434,1251.912084,1245.059137,2503.824169,2,6551787
89395712,2026-08-01T21:18:51.3632624,1251.758178,1247.139660,2503.516356,2,4690995
89256534,2026-08-01T03:42:00.2554212,1251.539877,1235.744240,2503.079754,2,6380819
89251474,2026-08-01T03:01:30.5081094,1251.259848,1248.505113,2502.519696,2,6919191
89251983,2026-08-01T03:05:30.3474039,1251.259848,1249.432077,2502.519696,2,6492287
89281343,2026-08-01T06:54:01.2532067,1251.025760,1207.179063,2502.051520,2,7023037
89280810,2026-08-01T06:50:00.0548504,1251.025502,1210.425080,2502.051003,2,6589360
89265682,2026-08-01T04:54:01.5621735,1250.899474,1229.735122,2501.798948,2,4818967
89255533,2026-08-01T03:34:01.0259264,1250.809881,1241.899233,2501.619762,2,6825341
89280353,2026-08-01T06:46:00.1769465,1249.489564,1210.694998,2498.979128,2,6657972
89390403,2026-08-01T20:38:48.8115291,1249.353221,1244.416819,2498.706442,2,6165789
89250947,2026-08-01T02:57:30.8762058,1249.324789,1249.185744,2498.649579,2,7451135
89414160,2026-08-01T23:38:56.8433934,1249.286721,1212.839444,2498.573442,2,4858566
89254998,2026-08-01T03:30:00.4090394,1249.198371,1243.018544,2498.396743,2,6196641
89374752,2026-08-01T18:38:45.5217028,1248.917092,1188.812562,2497.834184,2,5542997
89397282,2026-08-01T21:30:48.6154333,1248.384781,1239.915277,2496.769562,2,5928070
89397818,2026-08-01T21:34:49.3611371,1248.276737,1244.686058,2496.553473,2,6664011
89399946,2026-08-01T21:50:48.2154181,1247.797366,1228.286692,2495.594732,2,4646134
89402060,2026-08-01T22:06:49.2131301,1247.562874,1220.984708,2495.125747,2,5870541
89415213,2026-08-01T23:46:57.4461000,1247.509188,1222.084172,2495.018375,2,3987709
89266316,2026-08-01T04:58:00.3647365,1247.505333,1228.276035,2495.010666,2,6948024
89254506,2026-08-01T03:26:00.4397672,1247.340095,1243.736241,2494.680191,2,40579434
89250324,2026-08-01T02:53:33.5549584,1247.292496,1240.758637,2494.584991,2,6541080
89238120,2026-08-01T01:14:17.8782641,1247.224332,1236.459029,2494.448663,2,5497930
89404679,2026-08-01T22:26:48.2149527,1247.197923,1213.295491,2494.395845,2,4982448
89237622,2026-08-01T01:10:17.8909019,1247.041064,1231.069130,2494.082129,2,8867149
89270386,2026-08-01T05:30:00.1758159,1247.035397,1226.605388,2494.070795,2,7536318
89236598,2026-08-01T01:02:17.7049414,1247.029200,1223.458842,2494.058401,2,6682825
89401531,2026-08-01T22:02:48.5282687,1246.905594,1223.439211,2493.811188,2,5427745
89398365,2026-08-01T21:38:50.1110860,1246.298247,1242.886095,2492.596495,2,5403023
89399373,2026-08-01T21:46:48.0425986,1245.508557,1239.207411,2491.017114,2,5142746
89401018,2026-08-01T21:58:48.5468313,1245.238354,1223.972004,2490.476708,2,5204633
89410979,2026-08-01T23:14:57.8673097,1245.046946,1193.360926,2490.093893,2,1172269
89411505,2026-08-01T23:18:57.4277322,1244.320381,1188.858844,2488.640763,2,4849352
89237117,2026-08-01T01:06:17.8748255,1243.920850,1219.618085,2487.841700,2,6800586
89270899,2026-08-01T05:34:01.2497816,1243.743231,1222.662025,2487.486462,2,7155413
89271401,2026-08-01T05:38:00.2764482,1243.743231,1218.840243,2487.486462,2,5154664
89230411,2026-08-01T00:14:17.9886681,1243.571602,1227.345957,2487.143204,2,6179517
89406275,2026-08-01T22:38:57.3531420,1243.522226,1207.338694,2487.044452,2,5065012
89406263,2026-08-01T22:38:57.3240789,1243.522226,1203.965965,2487.044452,2,6105555
89234064,2026-08-01T00:42:18.0473659,1243.203290,1227.689979,2486.406580,2,7188411
89398900,2026-08-01T21:42:48.0642751,1242.945499,1238.511443,2485.890999,2,401517
89232984,2026-08-01T00:34:18.0709831,1242.922328,1237.621492,2485.844656,2,7839316
89288182,2026-08-01T07:46:04.6375103,1242.696013,1179.808448,2485.392027,2,7240029
89231949,2026-08-01T00:26:17.9523437,1242.604168,1237.096090,2485.208335,2,6263926
89291552,2026-08-01T08:10:04.9441563,1242.338413,1192.412612,2484.676826,2,7618616
89291536,2026-08-01T08:10:04.9212792,1242.338413,1195.484561,2484.676826,2,6473467
89295242,2026-08-01T08:38:06.0777286,1241.792733,1183.508160,2483.585465,2,7373117
89414169,2026-08-01T23:38:56.8623821,1241.397296,1216.305136,2482.794592,2,5545412
89402062,2026-08-01T22:06:49.2154850,1241.360332,1219.520137,2482.720663,2,4357114
89402069,2026-08-01T22:06:49.2235094,1241.360332,1224.753770,2482.720663,2,5141378
89272269,2026-08-01T05:46:00.2614325,1241.105867,1216.432060,2482.211733,2,6494199
89387333,2026-08-01T20:14:51.1488905,1240.888393,1240.045186,2481.776785,2,4963663
89402593,2026-08-01T22:10:48.7552638,1240.728325,1217.121882,2481.456650,2,3795325
89234545,2026-08-01T00:46:18.7839107,1240.682043,1223.969408,2481.364086,2,7457616
89234540,2026-08-01T00:46:18.7884664,1240.682043,1218.731923,2481.364086,2,7692765
89294172,2026-08-01T08:30:04.7764426,1240.523340,1186.348302,2481.046681,2,5693212
89407306,2026-08-01T22:46:57.5171900,1240.304590,1204.064757,2480.609181,2,4622454
89286740,2026-08-01T07:34:00.6669059,1239.925234,1181.937131,2479.850467,2,4533559
89373664,2026-08-01T18:30:41.9883000,1239.737482,1165.874960,2479.474964,2,5478733
89290457,2026-08-01T08:02:04.8448909,1238.926338,1194.638853,2477.852676,2,5179543
89289402,2026-08-01T07:54:06.4530832,1238.793064,1188.096035,2477.586127,2,5785082
89403117,2026-08-01T22:14:49.3756502,1238.789052,1213.318016,2477.578103,2,7682865
89387221,2026-08-01T20:14:50.7250565,1238.764407,1232.852705,2477.528815,2,6595720
89272956,2026-08-01T05:50:00.1489510,1238.481550,1207.549727,2476.963101,2,7132522
89416285,2026-08-01T23:54:58.3610548,1238.422163,1200.151552,2476.844327,2,3488302
89374186,2026-08-01T18:34:46.0193203,1238.309221,1160.677077,2476.618442,2,932772
89292584,2026-08-01T08:18:04.7704979,1238.265430,1189.431558,2476.530859,2,6036071
89371002,2026-08-01T18:10:42.2685370,1238.145149,1163.018438,2476.290298,2,2669214
89413095,2026-08-01T23:30:57.3785677,1237.572951,1217.461125,2475.145902,2,7270667
89276085,2026-08-01T06:14:02.3437434,1237.414996,1191.590529,2474.829993,2,5396956
89264249,2026-08-01T04:42:00.4205410,1237.398856,1191.231114,2474.797713,2,1858386
89259102,2026-08-01T04:02:00.3919336,1237.132264,1198.258981,2474.264527,2,4036734
89366807,2026-08-01T17:38:41.4796750,1236.897854,1175.256817,2473.795709,2,4617127
89247388,2026-08-01T02:29:30.5191937,1236.822198,1209.907595,2473.644396,2,2484736
89416276,2026-08-01T23:54:58.3318701,1236.145506,1205.890064,2472.291011,2,3640964
89386735,2026-08-01T20:10:50.8268459,1235.502079,1235.029553,2471.004159,2,7628093
89386261,2026-08-01T20:06:48.4589132,1235.152350,1224.474187,2470.304700,2,4778956
89248911,2026-08-01T02:41:30.4512377,1234.888397,1214.236934,2469.776794,2,3572330
89375258,2026-08-01T18:42:42.8544929,1234.849349,1158.309002,2469.698699,2,3165582
89297389,2026-08-01T08:54:08.6465207,1233.994750,1194.461166,2467.989499,2,5396893
89409929,2026-08-01T23:06:57.2503661,1233.638111,1181.387725,2467.276223,2,1775667
89379962,2026-08-01T19:18:41.1706156,1233.199373,1164.948494,2466.398746,2,3122372
89408358,2026-08-01T22:54:58.0551514,1232.943829,1182.447854,2465.887657,2,3477282
89372628,2026-08-01T18:22:43.0828252,1232.886833,1146.568103,2465.773665,2,4077003
89241510,2026-08-01T01:45:30.4360555,1232.181152,1192.687461,2464.362303,2,4381940
89257546,2026-08-01T03:50:00.2451078,1231.999040,1198.496637,2463.998080,2,5868377
89264669,2026-08-01T04:46:00.3188241,1231.787519,1177.070542,2463.575039,2,2534165
89295784,2026-08-01T08:42:04.6776892,1230.937936,1168.801209,2461.875872,2,4225586
89296937,2026-08-01T08:50:06.2575696,1230.616247,1181.597944,2461.232495,2,6738591
89293640,2026-08-01T08:26:04.6362042,1230.357754,1168.970031,2460.715507,2,2924270
89285599,2026-08-01T07:26:00.6185831,1229.909528,1158.174607,2459.819056,2,3070205
89252489,2026-08-01T03:09:30.7433953,1229.694924,1211.590358,2459.389849,2,2567448
89251478,2026-08-01T03:01:30.5088499,1229.679045,1206.302229,2459.358091,2,3120449
89277651,2026-08-01T06:26:00.2419836,1229.243845,1173.837139,2458.487690,2,2254676
89384556,2026-08-01T19:54:49.8617130,1229.069605,1225.762755,2458.139211,2,5728557
89416819,2026-08-01T23:58:57.3466884,1228.862041,1192.175243,2457.724082,2,7445763
89376303,2026-08-01T18:50:43.4057577,1228.759338,1143.941041,2457.518676,2,2751146
89260632,2026-08-01T04:14:01.1266718,1228.619811,1185.156191,2457.239623,2,1133660
89364701,2026-08-01T17:22:40.5456024,1228.537595,1166.850256,2457.075191,2,6611534
89253002,2026-08-01T03:13:31.2259804,1228.404495,1207.636938,2456.808989,2,615935
89281859,2026-08-01T06:58:00.2314166,1228.254067,1159.082786,2456.508134,2,7108302
89256021,2026-08-01T03:38:00.3122721,1227.928191,1192.635323,2455.856383,2,2222081
89294698,2026-08-01T08:34:06.0557716,1227.514238,1157.791313,2455.028477,2,4425984
89250965,2026-08-01T02:57:30.7320503,1227.497785,1210.172346,2454.995570,2,3135043
89291010,2026-08-01T08:06:04.8757064,1226.964082,1167.895447,2453.928164,2,3045611
89369967,2026-08-01T18:02:43.4077658,1226.962135,1143.055433,2453.924270,2,2204238
89407305,2026-08-01T22:46:57.5178328,1226.914284,1181.684429,2453.828568,2,2665445
89276606,2026-08-01T06:18:00.1702606,1226.868399,1167.681633,2453.736797,2,1258402
89228837,2026-08-01T00:02:17.7924991,1226.547870,1207.352575,2453.095740,2,4617239
89254018,2026-08-01T03:22:00.5277120,1226.499669,1199.961069,2452.999338,2,2971111
89240699,2026-08-01T01:37:30.5094812,1226.442355,1202.729927,2452.884709,2,3330376
89253985,2026-08-01T03:22:00.4531243,1225.994678,1203.731373,2451.989356,2,4459288
89239143,2026-08-01T01:22:17.7088090,1225.583383,1202.857287,2451.166767,2,1313874
89238646,2026-08-01T01:18:18.0434041,1225.583383,1206.748101,2451.166767,2,3312728
89377881,2026-08-01T19:02:42.8480908,1225.226431,1132.552421,2450.452862,2,7956825
89239653,2026-08-01T01:26:18.3738525,1225.138123,1192.315851,2450.276247,2,2942350
89278177,2026-08-01T06:30:00.1278354,1225.049919,1162.717899,2450.099839,2,1866299
89248415,2026-08-01T02:37:30.4657894,1225.038181,1189.155193,2450.076361,2,5026102
89298457,2026-08-01T09:02:08.1651878,1224.604631,1189.432996,2449.209261,2,6395424
89296325,2026-08-01T08:46:07.0153227,1224.516188,1162.921635,2449.032376,2,6070521
89240189,2026-08-01T01:33:55.9459347,1224.176571,1192.704197,2448.353141,2,3399840
89268848,2026-08-01T05:18:00.2658937,1224.168502,1169.199768,2448.337004,2,3384598
89384100,2026-08-01T19:50:49.3222936,1224.074318,1220.813513,2448.148635,2,4699500
89239655,2026-08-01T01:26:18.3762579,1223.961703,1195.891524,2447.923407,2,3901045
89243785,2026-08-01T02:01:30.4517013,1223.772532,1190.145189,2447.545064,2,2773544
89347695,2026-08-01T15:14:40.9818539,1223.767304,1158.583342,2447.534608,2,4703357
89367324,2026-08-01T17:42:41.0422162,1223.695522,1146.500126,2447.391045,2,5578736
89368386,2026-08-01T17:50:40.3104891,1223.695522,1141.961309,2447.391045,2,6491926
89367847,2026-08-01T17:46:40.5346336,1223.695522,1144.203861,2447.391045,2,5314944
89368916,2026-08-01T17:54:43.6607161,1223.181684,1138.751983,2446.363368,2,2514191
89373131,2026-08-01T18:26:43.5008749,1222.838461,1134.543558,2445.676921,2,6367300
89243250,2026-08-01T01:57:30.5255798,1222.817178,1193.696290,2445.634355,2,3578854
89389346,2026-08-01T20:30:51.1132423,1222.572798,1185.799437,2445.145596,2,2141031
89346160,2026-08-01T15:02:36.5154350,1222.441453,1164.001011,2444.882905,2,1747445
89345578,2026-08-01T14:58:39.3239063,1222.441453,1166.836921,2444.882905,2,3140671
89346659,2026-08-01T15:06:35.1094463,1222.441453,1161.239489,2444.882905,2,5202207
89236077,2026-08-01T00:58:17.7897379,1222.320698,1177.905808,2444.641395,2,5583711
89229904,2026-08-01T00:10:18.0532754,1222.027110,1212.607853,2444.054220,2,5837773
89229369,2026-08-01T00:06:18.0742249,1222.027110,1207.632433,2444.054220,2,5852704
89237112,2026-08-01T01:06:17.8689066,1221.627650,1178.872442,2443.255300,2,5501320
89275557,2026-08-01T06:10:00.5246279,1221.601839,1163.153402,2443.203678,2,3071815
89261787,2026-08-01T04:22:00.6229151,1221.527448,1199.415663,2443.054896,2,446683
89269857,2026-08-01T05:26:00.3617716,1221.493589,1166.276815,2442.987178,2,2476884
89269885,2026-08-01T05:26:00.4122471,1221.493589,1163.430652,2442.987178,2,4246116
89241197,2026-08-01T01:41:30.7648722,1220.952003,1192.360152,2441.904007,2,3943875
89347180,2026-08-01T15:10:34.9120116,1220.941293,1155.587468,2441.882587,2,4835607
89256023,2026-08-01T03:38:00.3159543,1220.930151,1196.135854,2441.860302,2,3484744
89371533,2026-08-01T18:14:44.6394912,1220.901674,1126.576753,2441.803347,2,3934494
89338181,2026-08-01T14:02:04.7485237,1220.541485,1165.791070,2441.082969,2,4111090
89241193,2026-08-01T01:41:30.7586813,1220.488463,1172.676672,2440.976926,2,2437131
89260100,2026-08-01T04:10:00.2598899,1220.439873,1172.054017,2440.879747,2,3857386
89362563,2026-08-01T17:06:41.9453718,1220.413081,1146.830970,2440.826163,2,3069293
89266741,2026-08-01T05:02:00.0932610,1219.995473,1170.181208,2439.990946,2,3453234
89232987,2026-08-01T00:34:18.0709877,1219.960522,1196.161898,2439.921043,2,4707610
89409410,2026-08-01T23:02:57.5994525,1219.836780,1183.340296,2439.673561,2,3799240
89277176,2026-08-01T06:22:00.0594201,1219.444016,1157.156343,2438.888032,2,3896096
89238639,2026-08-01T01:18:18.0212771,1219.341352,1198.279687,2438.682704,2,1206133
89247980,2026-08-01T02:33:31.2077755,1219.210280,1171.547406,2438.420561,2,2543327
89254999,2026-08-01T03:30:00.4091952,1219.194861,1190.936930,2438.389723,2,4688426
89258063,2026-08-01T03:54:02.0658422,1219.060763,1169.536749,2438.121526,2,5771280
89356796,2026-08-01T16:22:36.3540372,1219.044770,1155.874195,2438.089539,2,2846506
89357292,2026-08-01T16:26:35.1410876,1219.044770,1153.234419,2438.089539,2,1363060
89337129,2026-08-01T13:54:08.4632371,1219.033350,1168.418103,2438.066701,2,2955734
89236081,2026-08-01T00:58:17.7950141,1218.983487,1205.575765,2437.966974,2,5396314
89320247,2026-08-01T11:46:04.8441443,1218.827986,1190.503926,2437.655971,2,5614221
89362031,2026-08-01T17:02:40.4741347,1218.555993,1145.568503,2437.111985,2,2217811
89273982,2026-08-01T05:58:00.1389346,1218.508070,1162.203428,2437.016139,2,1720462
89410458,2026-08-01T23:10:57.3052435,1218.499920,1190.343217,2436.999840,2,3079185
89252996,2026-08-01T03:13:31.2211913,1218.477342,1194.653481,2436.954684,2,4796804
89321823,2026-08-01T11:58:04.8252004,1218.384270,1176.621947,2436.768541,2,3987733
89300050,2026-08-01T09:14:08.9647843,1218.218461,1185.843631,2436.436921,2,6553956
89300577,2026-08-01T09:18:08.2353643,1218.218461,1182.360184,2436.436921,2,5644655
89263747,2026-08-01T04:38:00.5470168,1218.112303,1197.903277,2436.224606,2,5392010
89416196,2026-08-01T23:54:58.0471505,1218.068474,1162.855191,2436.136948,2,2966063
89326015,2026-08-01T12:30:04.6472419,1217.847330,1176.454843,2435.694660,2,2403630
89318646,2026-08-01T11:34:06.5515214,1217.612618,1185.570268,2435.225235,2,4930024
89372082,2026-08-01T18:18:43.4729340,1217.602469,1118.134418,2435.204938,2,6495057
89304317,2026-08-01T09:46:04.6452063,1217.365709,1190.395250,2434.731418,2,6039228
89303249,2026-08-01T09:38:04.5378366,1217.365709,1178.953397,2434.731418,2,4393105
89303800,2026-08-01T09:42:04.4698303,1217.365709,1184.779941,2434.731418,2,6370541
89270370,2026-08-01T05:30:00.1593673,1217.361541,1161.884496,2434.723082,2,3903514
89316539,2026-08-01T11:18:04.5334467,1217.103753,1177.752010,2434.207506,2,3759688
89230415,2026-08-01T00:14:17.9927262,1216.917253,1202.334363,2433.834506,2,5047918
89259615,2026-08-01T04:06:00.3111471,1216.794142,1194.358900,2433.588284,2,2706075
89340863,2026-08-01T14:22:04.9152885,1216.760292,1158.429146,2433.520583,2,4995498
89235546,2026-08-01T00:54:18.3015241,1216.745558,1169.985533,2433.491115,2,4961682
89345088,2026-08-01T14:54:40.2913846,1216.685871,1158.239171,2433.371742,2,6770710
89298996,2026-08-01T09:06:05.8231220,1216.683138,1179.598104,2433.366276,2,6283557
89238635,2026-08-01T01:18:18.0166849,1216.291398,1171.377633,2432.582796,2,6184595
89320732,2026-08-01T11:50:04.5735229,1216.141436,1181.607303,2432.282872,2,3643061
89392567,2026-08-01T20:54:51.2258508,1216.095757,1175.715753,2432.191514,2,3161947
89341907,2026-08-01T14:30:04.8372697,1216.011837,1161.074912,2432.023675,2,6319674
89406787,2026-08-01T22:42:57.3251421,1215.916989,1158.761494,2431.833978,2,5235847
89235559,2026-08-01T00:54:18.3103205,1215.825436,1203.452516,2431.650872,2,928090
89354614,2026-08-01T16:06:36.1628047,1215.815211,1148.210266,2431.630423,2,7112803
89339239,2026-08-01T14:10:04.9652551,1215.802950,1151.596834,2431.605901,2,2940611
89384671,2026-08-01T19:54:50.3644864,1215.659574,1151.596398,2431.319147,2,2549411
89358331,2026-08-01T16:34:38.0403503,1215.596079,1153.221578,2431.192158,2,3387310
89243257,2026-08-01T01:57:30.5319979,1215.430819,1177.012864,2430.861638,2,2713927
89242738,2026-08-01T01:53:31.9110073,1215.430819,1180.419483,2430.861638,2,4721070
89313354,2026-08-01T10:54:08.5144912,1215.396316,1172.881051,2430.792632,2,1680120
89236074,2026-08-01T00:58:17.7868264,1215.327832,1203.332850,2430.655664,2,5171698
89360457,2026-08-01T16:50:40.0442106,1215.250213,1145.667891,2430.500427,2,4914993
89334495,2026-08-01T13:34:07.4512333,1215.206260,1174.720336,2430.412520,2,4344513
89335034,2026-08-01T13:38:04.6683745,1215.206260,1171.470568,2430.412520,2,3082481
89276670,2026-08-01T06:18:00.2688748,1215.133151,1151.267181,2430.266302,2,5132472
89312830,2026-08-01T10:50:04.5152522,1215.077925,1175.529703,2430.155850,2,7552593
89329196,2026-08-01T12:54:06.2582263,1215.071892,1181.592080,2430.143784,2,2882485
89244808,2026-08-01T02:09:30.8410030,1214.970252,1169.339936,2429.940504,2,3622567
89307635,2026-08-01T10:10:05.1370570,1214.915539,1181.789933,2429.831078,2,6175846
89306449,2026-08-01T10:02:04.6503794,1214.903215,1181.962410,2429.806430,2,4328992
89324424,2026-08-01T12:18:04.7235395,1214.899739,1156.842098,2429.799478,2,3704268
89342431,2026-08-01T14:34:42.4669254,1214.688955,1155.610516,2429.377909,2,4232622
89351439,2026-08-01T15:42:35.9688313,1214.500605,1146.884036,2429.001210,2,3160413
89412040,2026-08-01T23:22:58.0187534,1214.456662,1185.174146,2428.913324,2,4620525
89359358,2026-08-01T16:42:41.1379270,1214.321866,1148.024703,2428.643732,2,2129360
89314952,2026-08-01T11:06:05.0267976,1214.106183,1171.042081,2428.212367,2,4610726
89263240,2026-08-01T04:34:02.3588349,1213.902534,1198.923603,2427.805068,2,6143431
89265305,2026-08-01T04:50:01.0367025,1213.839255,1197.710129,2427.678510,2,3407037
89355160,2026-08-01T16:10:35.9451139,1213.771158,1141.621402,2427.542316,2,4586535
89313964,2026-08-01T10:58:04.9608662,1213.553136,1166.053659,2427.106271,2,2952654
89322838,2026-08-01T12:06:04.6108634,1213.312894,1161.311330,2426.625787,2,3201906
89231449,2026-08-01T00:22:17.8774843,1213.129179,1187.833963,2426.258358,2,5875243
89415216,2026-08-01T23:46:57.4520838,1212.999658,1156.426428,2425.999317,2,4312755
89233489,2026-08-01T00:38:17.8523970,1212.890902,1174.161315,2425.781803,2,6630760
89309636,2026-08-01T10:26:04.3620305,1212.886720,1171.061205,2425.773440,2,3961073
89312108,2026-08-01T10:46:04.3823937,1212.111558,1172.969938,2424.223117,2,4446664
89241209,2026-08-01T01:41:30.8083231,1211.917295,1170.959498,2423.834590,2,3280230
89249933,2026-08-01T02:49:31.9068726,1211.774074,1164.848492,2423.548148,2,4509853
89234549,2026-08-01T00:46:18.7940478,1211.346624,1200.045763,2422.693249,2,5102527
89343493,2026-08-01T14:42:35.5226636,1211.233359,1152.775090,2422.466718,2,3930348
89305920,2026-08-01T09:58:04.7413193,1211.073310,1177.874648,2422.146619,2,5559208
89246858,2026-08-01T02:25:30.4098167,1211.052202,1162.126120,2422.104403,2,6516592
89242223,2026-08-01T01:49:30.4276908,1210.991462,1175.049822,2421.982924,2,6657647
89412588,2026-08-01T23:26:57.5617292,1210.646189,1168.900910,2421.292378,2,4627229
89244299,2026-08-01T02:05:31.8261205,1210.639418,1172.534730,2421.278835,2,5760754
89308051,2026-08-01T10:14:05.8758036,1210.609214,1169.840464,2421.218428,2,3133304
89408880,2026-08-01T22:58:57.2878904,1210.402707,1159.054533,2420.805414,2,4255725
89311223,2026-08-01T10:38:04.5441962,1210.103000,1165.950176,2420.205999,2,4412755
89284529,2026-08-01T07:18:00.0858234,1209.917439,1113.851623,2419.834878,2,5110701
89363085,2026-08-01T17:10:43.2566712,1209.837740,1123.544653,2419.675480,2,4865681
89260635,2026-08-01T04:14:01.1311441,1209.690684,1168.723069,2419.381369,2,6757614
89307519,2026-08-01T10:10:04.9097519,1209.420812,1174.366884,2418.841624,2,4626553
89337624,2026-08-01T13:58:05.1176220,1209.077793,1145.800662,2418.155587,2,2348268
89245332,2026-08-01T02:13:31.2384717,1209.023945,1150.320205,2418.047889,2,4017019
89229901,2026-08-01T00:10:18.0492588,1208.781087,1163.108025,2417.562174,2,3553790
89270869,2026-08-01T05:34:01.2398591,1208.760218,1156.639362,2417.520437,2,7090580
89341379,2026-08-01T14:26:04.9121909,1208.505407,1139.365678,2417.010814,2,4255392
89246873,2026-08-01T02:25:30.4144464,1208.501010,1174.683760,2417.002020,2,4404869
89349303,2026-08-01T15:26:36.5249433,1208.088422,1124.861367,2416.176843,2,3919653
89365216,2026-08-01T17:26:40.4418957,1208.005019,1123.605433,2416.010038,2,3007329
89311760,2026-08-01T10:42:05.4185330,1207.488047,1157.645952,2414.976095,2,3270920
89271920,2026-08-01T05:42:00.2807359,1207.033889,1152.117126,2414.067777,2,6914664
89342951,2026-08-01T14:38:35.0760388,1206.566536,1146.276870,2413.133071,2,4645694
89256535,2026-08-01T03:42:00.2570157,1206.239388,1172.620083,2412.478776,2,1927337
89319169,2026-08-01T11:38:05.4555365,1206.085185,1159.352376,2412.170370,2,5146000
89235042,2026-08-01T00:50:17.9416732,1206.015234,1151.687130,2412.030469,2,5440195
89323366,2026-08-01T12:10:04.5284873,1205.721787,1143.397521,2411.443574,2,1517280
89302671,2026-08-01T09:34:07.4215757,1205.560380,1158.749527,2411.120760,2,4977209
89351821,2026-08-01T15:46:37.0849362,1205.441068,1126.393702,2410.882135,2,2398010
89389432,2026-08-01T20:30:51.4947233,1205.320057,1161.019270,2410.640114,2,5728775
89265686,2026-08-01T04:54:01.5673074,1205.125224,1176.574629,2410.250449,2,2519466
89333440,2026-08-01T13:26:04.5714205,1205.019150,1150.772307,2410.038299,2,6636955
89403635,2026-08-01T22:18:48.5697551,1204.950088,1142.901168,2409.900177,2,2501501
89238136,2026-08-01T01:14:17.8944492,1204.821893,1202.223675,2409.643785,2,946773
89384714,2026-08-01T19:54:50.5521132,1204.517093,1164.692840,2409.034185,2,3802129
89310689,2026-08-01T10:34:05.6365620,1204.424039,1157.829877,2408.848077,2,4285992
89240190,2026-08-01T01:33:55.9449939,1204.419005,1147.986932,2408.838010,2,3450003
89232424,2026-08-01T00:30:17.8944792,1204.250451,1166.415391,2408.500902,2,3594510
89360980,2026-08-01T16:54:43.5578704,1203.793129,1120.546967,2407.586258,2,4161522
89332833,2026-08-01T13:22:04.5541356,1203.451586,1150.588092,2406.903172,2,7857337
89330243,2026-08-01T13:02:04.6854783,1202.891075,1160.974433,2405.782150,2,5059390
89414158,2026-08-01T23:38:56.8473490,1202.756388,1136.397827,2405.512777,2,3758185
89393570,2026-08-01T21:02:48.3670553,1202.660125,1148.166513,2405.320249,2,6743381
89388300,2026-08-01T20:22:51.0229838,1202.622468,1152.028006,2405.244935,2,5055680
89258627,2026-08-01T03:58:00.7516495,1202.612791,1175.169718,2405.225583,2,5780266
89410986,2026-08-01T23:14:57.9086456,1202.530181,1158.954478,2405.060361,2,3852682
89247397,2026-08-01T02:29:30.5280713,1202.222190,1168.014251,2404.444380,2,5882170
89331847,2026-08-01T13:14:06.3630436,1202.037758,1153.723219,2404.075516,2,7060989
89248938,2026-08-01T02:41:30.4804553,1201.951046,1168.005980,2403.902092,2,5719711
89404159,2026-08-01T22:22:49.9060442,1201.934355,1138.479904,2403.868710,2,1178053
89321254,2026-08-01T11:54:07.3718411,1201.696073,1146.553088,2403.392146,2,4268389
89255522,2026-08-01T03:34:01.0170581,1201.586065,1156.930567,2403.172130,2,1769159
89411515,2026-08-01T23:18:57.4459013,1201.577239,1163.099999,2403.154479,2,4991192
89390045,2026-08-01T20:34:52.0551167,1201.443149,1151.574667,2402.886298,2,8339951
89242733,2026-08-01T01:53:31.9081743,1201.384120,1145.134333,2402.768241,2,5458693
89267311,2026-08-01T05:06:00.2552965,1201.241341,1130.168496,2402.482683,2,4477705
89233954,2026-08-01T00:42:18.0448144,1201.120798,1147.648683,2402.241596,2,3483121
89273468,2026-08-01T05:54:02.2400683,1200.873809,1129.829083,2401.747619,2,6469338
89393612,2026-08-01T21:02:48.4777485,1200.871254,1152.516180,2401.742508,2,7072940
89352530,2026-08-01T15:50:36.9639130,1200.840048,1115.044507,2401.680095,2,5280496
89382010,2026-08-01T19:34:44.2684906,1200.722354,1167.823694,2401.444709,2,3605276
89383114,2026-08-01T19:42:49.0179457,1200.694452,1122.776956,2401.388905,2,4481044
89387751,2026-08-01T20:18:50.3232248,1200.647064,1153.670470,2401.294128,2,4245478
89393092,2026-08-01T20:58:50.1360867,1200.566730,1155.033521,2401.133459,2,1391082
89287767,2026-08-01T07:42:04.6734530,1200.564361,1098.261786,2401.128722,2,4848982
89271932,2026-08-01T05:42:00.3106013,1200.560476,1175.291267,2401.120953,2,1838234
89316012,2026-08-01T11:14:06.7173715,1200.399818,1140.824150,2400.799636,2,3363756
89317057,2026-08-01T11:22:04.8187959,1200.386686,1150.801896,2400.773373,2,4270111
89349833,2026-08-01T15:30:36.6647011,1200.328184,1107.356352,2400.656368,2,3248598
89332374,2026-08-01T13:18:04.8155720,1199.888699,1146.451701,2399.777399,2,5277557
89268859,2026-08-01T05:18:00.2773834,1199.754437,1170.721955,2399.508874,2,1870949
89233493,2026-08-01T00:38:17.8555023,1199.722279,1167.630890,2399.444558,2,361716
89344034,2026-08-01T14:46:36.6400686,1199.700143,1127.114648,2399.400286,2,1829851
89361502,2026-08-01T16:58:40.6201023,1198.955831,1108.824380,2397.911662,2,6876370
89231434,2026-08-01T00:22:17.8728713,1198.185548,1191.643370,2396.371097,2,3275726
89231393,2026-08-01T00:22:17.8010973,1198.177161,1196.340677,2396.354323,2,1481968
89386277,2026-08-01T20:06:48.5270752,1198.134678,1177.552378,2396.269357,2,2664552
89350886,2026-08-01T15:38:36.5782118,1198.016681,1116.509070,2396.033361,2,4284857
89353549,2026-08-01T15:58:35.4688722,1198.005132,1115.196465,2396.010265,2,7717816
89397294,2026-08-01T21:30:48.6473101,1197.868854,1147.161689,2395.737707,2,3005972
89260105,2026-08-01T04:10:00.2652251,1197.540665,1147.753978,2395.081331,2,4699451
89353052,2026-08-01T15:54:37.7548954,1197.201108,1105.748303,2394.402216,2,5159851
89394147,2026-08-01T21:06:49.0221711,1196.756911,1137.299020,2393.513823,2,4924746
89233496,2026-08-01T00:38:17.8592369,1196.750988,1191.686288,2393.501977,2,1605496
89243786,2026-08-01T02:01:30.4522760,1196.606545,1138.431898,2393.213091,2,5716056
89239142,2026-08-01T01:22:17.7060066,1196.349058,1138.313393,2392.698116,2,7690623
89401532,2026-08-01T22:02:48.5324667,1196.249883,1133.218314,2392.499766,2,3004945
89229377,2026-08-01T00:06:18.0827674,1196.132118,1189.785395,2392.264235,2,3534648
89247849,2026-08-01T02:33:31.0528821,1196.029416,1183.203207,2392.058833,2,433613
89247409,2026-08-01T02:29:30.5422736,1196.029416,1178.106064,2392.058833,2,5322115
89336607,2026-08-01T13:50:04.5519235,1195.942678,1125.289223,2391.885356,2,7294385
89241762,2026-08-01T01:45:30.8074266,1195.829220,1195.596392,2391.658441,2,1811314
89388899,2026-08-01T20:26:50.3079577,1195.350836,1134.792155,2390.701673,2,5762461
89318111,2026-08-01T11:30:04.6518716,1195.258603,1135.056270,2390.517207,2,7133425
89335556,2026-08-01T13:42:04.8112447,1195.161701,1128.757153,2390.323402,2,5067370
89268345,2026-08-01T05:14:01.0603482,1194.991455,1164.888449,2389.982909,2,6005528
89242217,2026-08-01T01:49:30.4222227,1194.742679,1125.102612,2389.485358,2,874148
89245915,2026-08-01T02:17:30.7206317,1194.590237,1182.151237,2389.180473,2,4787151
89272278,2026-08-01T05:46:00.2763836,1194.543324,1168.825567,2389.086649,2,2414401
89274525,2026-08-01T06:02:00.2357033,1194.505939,1111.975508,2389.011878,2,5853685
89272959,2026-08-01T05:50:00.1564289,1194.163917,1177.144407,2388.327834,2,2367924
89282957,2026-08-01T07:06:00.2382863,1194.161735,1170.213818,2388.323471,2,3962336
89304865,2026-08-01T09:50:04.5283235,1194.150561,1140.984022,2388.301122,2,4635117
89254497,2026-08-01T03:26:00.4302084,1193.867899,1141.313589,2387.735797,2,6307495
89315490,2026-08-01T11:10:04.8131512,1193.844048,1125.147544,2387.688096,2,4567049
89262238,2026-08-01T04:26:00.4315894,1193.753340,1190.164788,2387.506680,2,4420084
89231947,2026-08-01T00:26:17.9539272,1193.622086,1145.691091,2387.244173,2,3018332
89229365,2026-08-01T00:06:18.0718632,1193.614836,1135.969082,2387.229672,2,3488760
89393632,2026-08-01T21:02:48.5354146,1193.469979,1133.445321,2386.939958,2,961141
89267323,2026-08-01T05:06:00.2669705,1193.415024,1152.143632,2386.830048,2,6558332
89244814,2026-08-01T02:09:30.8492207,1193.354741,1192.601725,2386.709481,2,3005302
89245346,2026-08-01T02:13:31.2527712,1193.354741,1188.134957,2386.709481,2,2422417
89249469,2026-08-01T02:45:31.1084030,1193.108159,1147.135299,2386.216318,2,2219719
89249942,2026-08-01T02:49:31.9292301,1193.108159,1144.039050,2386.216318,2,1235745
89385203,2026-08-01T19:58:49.1689632,1192.938148,1156.156402,2385.876296,2,3482329
89327601,2026-08-01T12:42:04.5375329,1192.848979,1133.265267,2385.697957,2,5492440
89310159,2026-08-01T10:30:05.8407003,1192.821063,1128.257476,2385.642127,2,5946169
89395680,2026-08-01T21:18:51.3129898,1192.584123,1135.158318,2385.168247,2,7758039
89261598,2026-08-01T04:22:00.5169239,1192.285927,1189.884802,2384.571854,2,4682065
89376828,2026-08-01T18:54:43.1361589,1192.042773,1069.119410,2384.085546,2,3707602
89333960,2026-08-01T13:30:04.6752873,1191.864228,1131.381450,2383.728456,2,6191313
89252490,2026-08-01T03:09:30.7445717,1191.847657,1138.476682,2383.695313,2,4210430
89293116,2026-08-01T08:22:05.1064615,1191.663923,1094.338926,2383.327846,2,6023080
89366274,2026-08-01T17:34:42.2520165,1191.398803,1087.104462,2382.797607,2,2832355
89416834,2026-08-01T23:58:57.3696242,1191.323699,1187.013671,2382.647398,2,4485047
89415219,2026-08-01T23:46:57.4640799,1191.309208,1166.084508,2382.618415,2,3320354
89250328,2026-08-01T02:53:33.5583898,1191.197248,1146.509161,2382.394495,2,5471496
89292056,2026-08-01T08:14:06.9410355,1191.114713,1098.233064,2382.229426,2,5750715
89416286,2026-08-01T23:54:58.3606898,1191.095828,1182.218459,2382.191656,2,5698178
89284540,2026-08-01T07:18:00.1146345,1191.058845,1166.042248,2382.117689,2,7207617
89234522,2026-08-01T00:46:18.7652963,1190.792675,1177.265732,2381.585349,2,2935524
89336159,2026-08-01T13:46:05.0147038,1190.702383,1117.390440,2381.404767,2,4319042
89305398,2026-08-01T09:54:05.8115916,1190.525823,1130.929892,2381.051647,2,5217326
89245871,2026-08-01T02:17:30.6491591,1190.516731,1178.229077,2381.033462,2,3738690
89299521,2026-08-01T09:10:07.5567082,1190.369236,1133.734546,2380.738471,2,5489714
89324945,2026-08-01T12:22:04.6234352,1190.241171,1115.078834,2380.482343,2,3000009
89286168,2026-08-01T07:30:00.2768215,1189.766581,1170.474132,2379.533163,2,6277008
89402584,2026-08-01T22:10:48.7407805,1189.422801,1118.373660,2378.845602,2,3437461
89264256,2026-08-01T04:42:00.4276822,1189.404339,1146.701997,2378.808678,2,5400344
89242236,2026-08-01T01:49:30.4437793,1189.399259,1181.727146,2378.798519,2,2936258
89242747,2026-08-01T01:53:31.9217383,1189.399259,1173.377842,2378.798519,2,2842164
89242234,2026-08-01T01:49:30.4413802,1189.399259,1177.484919,2378.798519,2,3779480
89228844,2026-08-01T00:02:17.7984248,1189.354983,1167.353371,2378.709966,2,2790505
89237630,2026-08-01T01:10:17.8992096,1189.101120,1152.343726,2378.202239,2,3308042
89277671,2026-08-01T06:26:00.2627525,1188.246200,1165.449288,2376.492399,2,3549710
89237121,2026-08-01T01:06:17.8790054,1188.134083,1172.367597,2376.268167,2,3224106
89276630,2026-08-01T06:18:00.2197083,1188.130700,1176.854336,2376.261401,2,3017913
89398371,2026-08-01T21:38:50.1279794,1187.839417,1132.673931,2375.678835,2,7037484
89284025,2026-08-01T07:14:01.8363833,1187.817777,1166.406681,2375.635555,2,3215627
89356203,2026-08-01T16:18:35.3542209,1187.798861,1096.091525,2375.597722,2,5195890
89320821,2026-08-01T11:50:04.7262207,1187.598137,1121.878561,2375.196275,2,6523241
89317591,2026-08-01T11:26:04.7509752,1187.360296,1122.047981,2374.720592,2,6013294
89414689,2026-08-01T23:42:58.0056862,1187.318630,1158.110800,2374.637260,2,4858037
89265694,2026-08-01T04:54:01.5729141,1187.142379,1181.419394,2374.284758,2,6162085
89399953,2026-08-01T21:50:48.2235196,1186.933588,1148.225559,2373.867176,2,4529509
89275044,2026-08-01T06:06:00.2520379,1186.785356,1179.719659,2373.570713,2,3227211
89338711,2026-08-01T14:06:04.5713082,1186.634240,1095.941230,2373.268481,2,4535103
89401536,2026-08-01T22:02:48.5432533,1186.458527,1145.610570,2372.917054,2,4089228
89355664,2026-08-01T16:14:38.5174870,1186.304056,1084.884291,2372.608112,2,6298289
89230920,2026-08-01T00:18:18.3026388,1186.199074,1137.783161,2372.398148,2,4327349
89261147,2026-08-01T04:18:00.3099844,1186.018109,1118.775369,2372.036218,2,5078220
89314423,2026-08-01T11:02:04.5737977,1185.972262,1108.545537,2371.944523,2,5732056
89278615,2026-08-01T06:34:00.7298693,1185.839085,1153.372163,2371.678170,2,5898590
89340310,2026-08-01T14:18:04.7478776,1185.726611,1089.529473,2371.453223,2,4682280
89277011,2026-08-01T06:22:00.0725193,1185.699261,1164.243970,2371.398523,2,2678424
89247931,2026-08-01T02:33:31.2049382,1185.618405,1131.842696,2371.236810,2,5468532
89285645,2026-08-01T07:26:00.6727901,1185.609856,1160.521464,2371.219711,2,4708264
89385741,2026-08-01T20:02:51.7066366,1185.574340,1141.987800,2371.148681,2,6066395
89235550,2026-08-01T00:54:18.3070109,1185.527508,1173.147777,2371.055016,2,2807046
89264829,2026-08-01T04:46:00.3364094,1185.473016,1135.761337,2370.946031,2,5335695
89285580,2026-08-01T07:26:00.5785317,1185.231903,1156.073270,2370.463807,2,4220552
89392568,2026-08-01T20:54:51.2299254,1185.138230,1127.374121,2370.276460,2,2762793
89278727,2026-08-01T06:34:00.9166514,1185.059734,1148.339346,2370.119468,2,4378386
89243271,2026-08-01T01:57:30.5422156,1184.883426,1181.766405,2369.766852,2,3658601
89233924,2026-08-01T00:42:17.9912979,1184.835453,1173.864050,2369.670905,2,1989514
89246895,2026-08-01T02:25:30.4346650,1184.667088,1155.668064,2369.334176,2,6115875
89240718,2026-08-01T01:37:30.5308734,1184.394904,1171.171301,2368.789807,2,4337416
89400479,2026-08-01T21:54:49.7267908,1183.983958,1145.724265,2367.967915,2,2914753
89278187,2026-08-01T06:30:00.1387470,1183.595743,1152.485247,2367.191486,2,4380537
89228851,2026-08-01T00:02:17.8185918,1183.362755,1118.322436,2366.725510,2,8456331
89297927,2026-08-01T08:58:13.0259665,1183.198426,1100.695752,2366.396853,2,6320106
89391526,2026-08-01T20:46:48.9209671,1183.140276,1108.202905,2366.280551,2,4549710
89384659,2026-08-01T19:54:50.3376713,1183.125071,1146.069827,2366.250142,2,7700460
89413102,2026-08-01T23:30:57.4107780,1182.854928,1144.274243,2365.709855,2,3769142
89393611,2026-08-01T21:02:48.4744459,1182.788741,1112.171058,2365.577483,2,3007533
89415744,2026-08-01T23:50:57.3223611,1182.705220,1160.481069,2365.410440,2,5103034
89282368,2026-08-01T07:02:00.1613258,1182.469572,1150.503295,2364.939143,2,1665403
89239157,2026-08-01T01:22:17.7425277,1182.381882,1167.092387,2364.763763,2,4758577
89383084,2026-08-01T19:42:48.9124993,1182.088303,1129.387807,2364.176606,2,4196684
89266754,2026-08-01T05:02:00.1078809,1182.018686,1132.672945,2364.037372,2,6357486
89241768,2026-08-01T01:45:30.8167129,1181.909574,1177.476200,2363.819148,2,3503592
89391464,2026-08-01T20:46:48.8069609,1181.861055,1114.822560,2363.722110,2,4820339
89412045,2026-08-01T23:22:58.0340981,1181.830963,1154.083510,2363.661927,2,4325713
89241207,2026-08-01T01:41:30.8049528,1181.659825,1175.808766,2363.319650,2,2592646
89411003,2026-08-01T23:14:57.9469687,1181.616768,1155.180950,2363.233537,2,3005438
89306980,2026-08-01T10:06:04.5685368,1181.524168,1122.081360,2363.048336,2,6981816
89386682,2026-08-01T20:10:50.6200789,1181.414991,1121.146218,2362.829981,2,4235758
89246400,2026-08-01T02:21:30.6452191,1181.351335,1119.750844,2362.702671,2,5835952
89228845,2026-08-01T00:02:17.7996667,1180.798308,1172.296234,2361.596616,2,4052703
89323904,2026-08-01T12:14:07.5263067,1180.732964,1091.354855,2361.465928,2,4180808
89243815,2026-08-01T02:01:30.5372694,1180.727970,1170.960275,2361.455941,2,4208763
89243794,2026-08-01T02:01:30.5084514,1180.727970,1170.960275,2361.455941,2,3541552
89281881,2026-08-01T06:58:00.2567349,1180.588927,1150.343897,2361.177854,2,2078675
89287246,2026-08-01T07:38:04.6516998,1180.370090,1174.362958,2360.740181,2,8810894
89232423,2026-08-01T00:30:17.8964327,1180.368478,1120.834541,2360.736957,2,4893494
89388907,2026-08-01T20:26:50.3141665,1180.236854,1107.894049,2360.473707,2,5862625
89410993,2026-08-01T23:14:57.9160077,1179.820891,1157.048596,2359.641782,2,5295710
89302177,2026-08-01T09:30:04.5235244,1179.671373,1110.140621,2359.342746,2,5501884
89269380,2026-08-01T05:22:00.5215720,1179.628543,1131.544134,2359.257085,2,5805495
89365754,2026-08-01T17:30:40.7113726,1179.532355,1065.115877,2359.064711,2,6332797
89291030,2026-08-01T08:06:04.9197271,1179.487103,1160.330098,2358.974207,2,3326761
89243272,2026-08-01T01:57:30.5431680,1179.450244,1172.718482,2358.900488,2,5788022
89304961,2026-08-01T09:50:04.6523705,1179.355871,1173.177283,2358.711742,2,7204888
89404167,2026-08-01T22:22:49.9215214,1177.826801,1138.815388,2355.653603,2,2315533
89276985,2026-08-01T06:21:59.9727730,1177.618144,1152.013117,2355.236287,2,1208224
89240204,2026-08-01T01:33:56.0302373,1177.536302,1167.370398,2355.072603,2,4012063
89385637,2026-08-01T20:02:51.2491575,1177.496000,1124.372119,2354.991999,2,2908659
89251976,2026-08-01T03:05:30.3400231,1177.436339,1103.020060,2354.872677,2,5255354
89329724,2026-08-01T12:58:04.8366564,1177.363978,1103.736072,2354.727957,2,5979695
89404705,2026-08-01T22:26:48.2402108,1177.283443,1147.010564,2354.566886,2,4557367
89239163,2026-08-01T01:22:17.7477414,1177.153451,1158.567032,2354.306901,2,4096018
89258073,2026-08-01T03:54:02.1112834,1177.020277,1114.323992,2354.040553,2,6997776
89395188,2026-08-01T21:14:49.8609095,1176.892576,1097.691094,2353.785152,2,978594
89322293,2026-08-01T12:02:04.4073776,1176.816582,1091.332192,2353.633164,2,5650389
89287791,2026-08-01T07:42:04.7219819,1176.608541,1175.520070,2353.217083,2,3660641
89239664,2026-08-01T01:26:18.3858996,1176.361180,1153.108432,2352.722360,2,3802444
89411523,2026-08-01T23:18:57.4703205,1176.274255,1160.772316,2352.548510,2,4741284
89407847,2026-08-01T22:50:57.1528437,1176.168605,1158.974875,2352.337210,2,2999661
89407315,2026-08-01T22:46:57.5423872,1176.168605,1153.719909,2352.337210,2,4612962
89271412,2026-08-01T05:38:00.3079415,1175.849233,1129.679007,2351.698466,2,5538090
89237639,2026-08-01T01:10:17.9162902,1175.748618,1174.342248,2351.497236,2,4166658
89300472,2026-08-01T09:18:08.0223565,1175.742065,1167.852506,2351.484130,2,3929029
89286692,2026-08-01T07:34:00.6143000,1175.091405,1175.064209,2350.182811,2,5010941
89265309,2026-08-01T04:50:01.0406658,1175.041337,1157.588857,2350.082673,2,3867331
89257064,2026-08-01T03:46:00.5494542,1174.623129,1110.809853,2349.246258,2,6563116
89406796,2026-08-01T22:42:57.3392900,1174.552742,1141.568788,2349.105484,2,5131041
89359953,2026-08-01T16:46:45.7249069,1174.407607,1066.525054,2348.815215,2,4168593
89288892,2026-08-01T07:50:04.8787367,1174.380257,1164.637570,2348.760513,2,3634392
89321850,2026-08-01T11:58:04.8367693,1174.356276,1168.783070,2348.712553,2,4025367
89415226,2026-08-01T23:46:57.5124781,1174.284923,1152.104108,2348.569845,2,3165575
89276632,2026-08-01T06:18:00.2222168,1174.111543,1172.386744,2348.223086,2,4343028
89376167,2026-08-01T18:50:42.9163628,1174.031597,1163.347745,2348.063194,2,2787145
89380421,2026-08-01T19:22:43.6811106,1173.584099,1122.045213,2347.168198,2,4380706
89268867,2026-08-01T05:18:00.2883705,1173.527127,1171.132940,2347.054254,2,6039018
89288858,2026-08-01T07:50:04.8447596,1173.472195,1050.926353,2346.944390,2,7604125
89319263,2026-08-01T11:38:05.6245336,1173.332298,1162.515402,2346.664596,2,4992444
89415653,2026-08-01T23:50:57.0100625,1173.073740,1145.899784,2346.147480,2,3708888
89330788,2026-08-01T13:06:04.6682130,1173.059965,1098.885654,2346.119930,2,5340270
89382964,2026-08-01T19:42:48.3646237,1172.807880,1158.110930,2345.615760,2,2629730
89393031,2026-08-01T20:58:49.9342849,1172.735340,1165.351682,2345.470681,2,2970776
89276134,2026-08-01T06:14:02.4191644,1172.578251,1144.211138,2345.156502,2,6721176
89271421,2026-08-01T05:38:00.3178178,1172.484131,1169.447956,2344.968262,2,3318663
89331333,2026-08-01T13:10:05.2144617,1172.055259,1156.840955,2344.110517,2,5765412
89296188,2026-08-01T08:46:06.7723777,1171.920263,1164.553456,2343.840527,2,5077523
89243832,2026-08-01T02:01:30.5527379,1171.839378,1166.497643,2343.678757,2,3618917
89412586,2026-08-01T23:26:57.5564394,1171.763999,1164.503151,2343.527999,2,2843560
89269870,2026-08-01T05:26:00.3744609,1171.730505,1122.228802,2343.461010,2,6207911
89399369,2026-08-01T21:46:48.0367610,1171.602437,1110.924336,2343.204874,2,6711713
89244815,2026-08-01T02:09:30.8505028,1171.237871,1152.987434,2342.475742,2,508745
89328153,2026-08-01T12:46:04.9164947,1171.183627,1097.397768,2342.367253,2,6723230
89409939,2026-08-01T23:06:57.2760558,1170.779531,1139.594558,2341.559062,2,5426203
89235557,2026-08-01T00:54:18.3376635,1170.517188,1131.265758,2341.034376,2,4690685
89393617,2026-08-01T21:02:48.5115914,1170.453309,1162.433437,2340.906618,2,1622277
89266334,2026-08-01T04:58:00.4164363,1170.417075,1153.223737,2340.834150,2,2915726
89238138,2026-08-01T01:14:17.8963331,1170.225782,1129.687814,2340.451563,2,3416816
89412049,2026-08-01T23:22:58.0400639,1170.182703,1160.187183,2340.365406,2,4936438
89322317,2026-08-01T12:02:04.4343625,1169.763144,1158.635983,2339.526289,2,3507803
89415234,2026-08-01T23:46:57.5348496,1169.572679,1128.753567,2339.145359,2,4783422
89272533,2026-08-01T05:46:00.6368893,1169.460433,1168.162412,2338.920866,2,3945921
89383481,2026-08-01T19:46:48.7041987,1169.330044,1139.644477,2338.660088,2,2827550
89327101,2026-08-01T12:38:04.6378136,1169.284085,1159.833731,2338.568170,2,5690372
89235027,2026-08-01T00:50:17.8952946,1169.163603,1130.177271,2338.327207,2,4109844
89257561,2026-08-01T03:50:00.2571901,1169.099413,1101.203981,2338.198827,2,7166314
89301008,2026-08-01T09:22:04.6510762,1169.032126,1148.137313,2338.064252,2,4086827
89271424,2026-08-01T05:38:00.3214606,1168.933273,1158.422426,2337.866546,2,4002737
89248425,2026-08-01T02:37:30.4740897,1168.897643,1105.440601,2337.795287,2,7578075
89285080,2026-08-01T07:22:00.6398274,1168.686302,1127.454797,2337.372604,2,6268584
89271429,2026-08-01T05:38:00.3267932,1168.621887,1163.254692,2337.243773,2,3776601
89315524,2026-08-01T11:10:04.8535304,1168.462395,1159.056977,2336.924790,2,4133911
89308685,2026-08-01T10:18:04.8205076,1168.355057,1159.864198,2336.710114,2,5690628
89277029,2026-08-01T06:22:00.0813297,1168.317081,1159.888911,2336.634162,2,3918910
89410483,2026-08-01T23:10:57.3551879,1168.232168,1140.081076,2336.464336,2,3127161
89282965,2026-08-01T07:06:00.2466061,1168.145981,1165.654076,2336.291962,2,4281420
89282475,2026-08-01T07:02:00.3115362,1168.118288,1118.713997,2336.236575,2,5249888
89237651,2026-08-01T01:10:17.9420760,1168.019211,1133.031453,2336.038421,2,3804402
89386167,2026-08-01T20:06:48.1172215,1167.937992,1099.434103,2335.875985,2,3319614
89284021,2026-08-01T07:14:01.8311694,1167.273296,1164.686147,2334.546592,2,4244315
89323426,2026-08-01T12:10:04.6188866,1167.199289,1159.522709,2334.398578,2,3011166
89286184,2026-08-01T07:30:00.3148952,1167.147821,1162.965355,2334.295643,2,3497028
89230928,2026-08-01T00:18:18.3378137,1166.769958,1136.632139,2333.539915,2,1321113
89235055,2026-08-01T00:50:17.9494318,1166.582973,1159.734701,2333.165946,2,3272565
89236608,2026-08-01T01:02:17.7385134,1166.536450,1133.287736,2333.072899,2,2503303
89275046,2026-08-01T06:06:00.2536362,1166.390388,1161.614907,2332.780776,2,3696357
89406800,2026-08-01T22:42:57.3471614,1166.349533,1151.976377,2332.699066,2,3740367
89229910,2026-08-01T00:10:18.0599580,1166.240457,1125.992673,2332.480915,2,5681051
89279256,2026-08-01T06:38:00.1949213,1166.226722,1111.214555,2332.453444,2,6426202
89244306,2026-08-01T02:05:31.8374557,1166.013927,1134.806681,2332.027854,2,3822359
89383587,2026-08-01T19:46:49.1706095,1165.830005,1093.742308,2331.660010,2,3496233
89387341,2026-08-01T20:14:51.1702057,1165.722508,1146.241724,2331.445016,2,3510790
89266339,2026-08-01T04:58:00.4151389,1165.712410,1108.477981,2331.424821,2,2949076
89392052,2026-08-01T20:50:49.0538041,1165.700611,1165.653730,2331.401221,2,2952839
89369436,2026-08-01T17:58:43.1779958,1165.472923,1022.274464,2330.945846,2,4829507
89240203,2026-08-01T01:33:56.0273851,1165.437887,1134.913652,2330.875774,2,3953794
89280180,2026-08-01T06:46:00.1987498,1165.414449,1126.197506,2330.828897,2,3322879
89413648,2026-08-01T23:34:59.7173240,1165.280391,1144.556944,2330.560782,2,3015082
89410995,2026-08-01T23:14:57.9231930,1165.230707,1133.491623,2330.461414,2,3667580
89378812,2026-08-01T19:10:42.6309603,1164.996063,1123.897532,2329.992126,2,4415431
89408900,2026-08-01T22:58:57.3313947,1164.932840,1152.500823,2329.865680,2,2951238
89311888,2026-08-01T10:42:05.6289463,1164.493929,1153.555250,2328.987858,2,3659050
89377356,2026-08-01T18:58:44.1139169,1164.466181,1013.023059,2328.932363,2,5913901
89407855,2026-08-01T22:50:57.1607442,1164.450008,1141.021342,2328.900016,2,4507313
89229384,2026-08-01T00:06:18.0908856,1164.370139,1162.438693,2328.740278,2,4186133
89323383,2026-08-01T12:10:04.5467273,1164.287158,1148.784810,2328.574315,2,3676113
89237656,2026-08-01T01:10:17.9422586,1164.160815,1125.428887,2328.321630,2,3888827
89390505,2026-08-01T20:38:49.0663811,1163.864792,1143.817166,2327.729583,2,721225
89280822,2026-08-01T06:50:00.0713711,1163.838438,1113.910003,2327.676875,2,7103710
89301107,2026-08-01T09:22:04.7702244,1163.777670,1081.304590,2327.555340,2,5131365
89239165,2026-08-01T01:22:17.7513028,1163.706005,1156.982491,2327.412009,2,4807146
89383686,2026-08-01T19:46:49.5452340,1163.465809,1162.780037,2326.931619,2,5703723
89241742,2026-08-01T01:45:30.4632764,1163.425108,1127.764413,2326.850217,2,2665572
89232997,2026-08-01T00:34:18.0806027,1163.364793,1161.823066,2326.729587,2,3840629
89379903,2026-08-01T19:18:40.9571670,1163.125320,1115.141916,2326.250640,2,4743056
89237631,2026-08-01T01:10:17.9000129,1163.118762,1123.375320,2326.237524,2,2782841
89283492,2026-08-01T07:10:00.3227379,1162.922074,1108.028508,2325.844149,2,5484194
89238656,2026-08-01T01:18:18.0524113,1162.913900,1140.131221,2325.827800,2,516964
89238665,2026-08-01T01:18:18.0621164,1162.913900,1136.361355,2325.827800,2,3899100
89266888,2026-08-01T05:02:00.1334031,1162.898837,1152.541358,2325.797674,2,3738697
89278194,2026-08-01T06:30:00.1459771,1162.854718,1153.921030,2325.709437,2,3121121
89234587,2026-08-01T00:46:18.8668901,1162.555980,1146.796329,2325.111959,2,3776223
89411521,2026-08-01T23:18:57.4682988,1162.212838,1118.579731,2324.425675,2,6877472
89275450,2026-08-01T06:10:00.3083216,1162.202668,1146.757544,2324.405337,2,3664947
89409441,2026-08-01T23:02:57.7013809,1162.058273,1139.722304,2324.116546,2,4107685
89415747,2026-08-01T23:50:57.3292927,1162.049648,1120.536727,2324.099297,2,3375792
89236605,2026-08-01T01:02:17.7132817,1162.041328,1101.680504,2324.082656,2,5824226
89407841,2026-08-01T22:50:57.1129223,1161.920033,1132.287546,2323.840067,2,4297186
89264889,2026-08-01T04:46:00.6278613,1161.879277,1126.000360,2323.758554,2,3481521
89280751,2026-08-01T06:49:59.9687792,1161.812627,1159.813922,2323.625253,2,3971541
89231429,2026-08-01T00:22:17.8575170,1161.787469,1079.919685,2323.574939,2,7356944
89388380,2026-08-01T20:22:51.3133910,1161.743995,1060.656422,2323.487990,2,4844800
89231439,2026-08-01T00:22:17.8795136,1161.597048,1122.888372,2323.194096,2,5342560
89276625,2026-08-01T06:18:00.2128293,1161.583072,1128.022480,2323.166144,2,6752345
89320260,2026-08-01T11:46:04.5579059,1161.361912,1137.711755,2322.723823,2,5841661
89241212,2026-08-01T01:41:30.8098268,1161.339249,1131.253825,2322.678498,2,4331177
89378280,2026-08-01T19:06:43.1162371,1161.265244,1128.285488,2322.530489,2,4269831
89262753,2026-08-01T04:30:00.3299774,1161.177340,1128.606527,2322.354681,2,2964442
89403659,2026-08-01T22:18:48.6317513,1161.164678,1148.010108,2322.329355,2,5343593
89412054,2026-08-01T23:22:58.0514415,1160.910514,1153.098149,2321.821029,2,1751411
89279782,2026-08-01T06:42:00.1736755,1160.873997,1160.807439,2321.747994,2,1938266
89324439,2026-08-01T12:18:04.7499208,1160.873632,1148.842355,2321.747263,2,3531645
89407844,2026-08-01T22:50:57.1400224,1160.520683,1135.537682,2321.041367,2,2594204
89392058,2026-08-01T20:50:49.0643891,1160.475884,1159.858800,2320.951768,2,2274795
89230422,2026-08-01T00:14:18.0000097,1160.394055,1127.538542,2320.788110,2,5878043
89327170,2026-08-01T12:38:04.7559545,1160.292499,1156.427001,2320.584998,2,3009376
89270895,2026-08-01T05:34:01.3116639,1160.273944,1145.392635,2320.547887,2,4665402
89273479,2026-08-01T05:54:02.2523449,1160.198857,1119.004194,2320.397713,2,7785215
89241771,2026-08-01T01:45:30.8188468,1160.142233,1129.141991,2320.284467,2,3452707
89239675,2026-08-01T01:26:18.3971509,1160.100410,1157.832413,2320.200819,2,402378
89232431,2026-08-01T00:30:17.8996054,1159.995723,1113.850894,2319.991445,2,4592018
89264271,2026-08-01T04:42:00.4444884,1159.918821,1134.176062,2319.837641,2,3556278
89325566,2026-08-01T12:26:04.5315877,1159.886187,1148.010804,2319.772375,2,1342708
89232991,2026-08-01T00:34:18.0757877,1159.710949,1119.403271,2319.421898,2,4089276
89321832,2026-08-01T11:58:04.8278610,1159.704040,1155.419336,2319.408080,2,4281951
89401007,2026-08-01T21:58:48.5351176,1159.702650,1145.281557,2319.405300,2,2548622
89408373,2026-08-01T22:54:58.1248427,1159.699252,1124.347241,2319.398505,2,6295948
89284030,2026-08-01T07:14:01.8409647,1159.626511,1150.240458,2319.253022,2,6025702
89252808,2026-08-01T03:13:30.8707968,1159.446941,1158.740296,2318.893881,2,4072182
89234629,2026-08-01T00:46:18.9456259,1159.444779,1115.597285,2318.889558,2,4883183
89322864,2026-08-01T12:06:04.6431189,1159.301030,1142.936601,2318.602060,2,6559910
89323921,2026-08-01T12:14:07.5455380,1159.184039,1145.472143,2318.368078,2,3321854
89271516,2026-08-01T05:38:00.4481944,1159.126938,1143.990146,2318.253877,2,8797003
89391538,2026-08-01T20:46:48.9545759,1159.071302,1152.382906,2318.142604,2,2013920
89318130,2026-08-01T11:30:04.6729996,1158.804447,1137.844595,2317.608894,2,10078342
89405235,2026-08-01T22:30:48.3295977,1158.524640,1146.021701,2317.049280,2,4187001
89243286,2026-08-01T01:57:30.5607473,1158.274480,1141.275025,2316.548959,2,4451682
89416291,2026-08-01T23:54:58.3739853,1158.047284,1138.832283,2316.094568,2,4780135
89416293,2026-08-01T23:54:58.4077836,1158.021015,1142.835667,2316.042029,2,3016710
89304953,2026-08-01T09:50:04.6421855,1157.994909,1143.964954,2315.989819,2,2969438
89275581,2026-08-01T06:10:00.5493655,1157.959664,1118.687114,2315.919327,2,6083678
89299414,2026-08-01T09:10:07.3646596,1157.958942,1129.897634,2315.917884,2,4031435
89272976,2026-08-01T05:50:00.2153645,1157.906956,1135.038356,2315.813913,2,2965469
89416836,2026-08-01T23:58:57.4128220,1157.799427,1147.402709,2315.598855,2,1933129
89275593,2026-08-01T06:10:00.5622565,1157.695615,1147.924289,2315.391229,2,5412954
89258676,2026-08-01T03:58:00.8516575,1157.677838,1120.948882,2315.355676,2,2331845
89244308,2026-08-01T02:05:31.8427660,1157.604005,1120.426254,2315.208010,2,3055786
89371359,2026-08-01T18:14:43.7178022,1157.476143,1146.334231,2314.952285,2,6484095
89283501,2026-08-01T07:10:00.3329328,1157.469575,1153.941695,2314.939150,2,4278093
89322321,2026-08-01T12:02:04.4377155,1157.426733,1146.586808,2314.853465,2,2787512
89235582,2026-08-01T00:54:18.3584443,1157.332934,1136.648284,2314.665867,2,8337095
89403664,2026-08-01T22:18:48.6395359,1157.314064,1132.737285,2314.628129,2,6520419
89318660,2026-08-01T11:34:06.6079674,1157.281151,1125.387903,2314.562303,2,4786044
89235048,2026-08-01T00:50:17.9433456,1157.258128,1108.129427,2314.516256,2,4098585
89229324,2026-08-01T00:06:17.9955643,1157.185099,1119.699535,2314.370198,2,3923641
89274564,2026-08-01T06:02:00.2597105,1157.133565,1124.820413,2314.267130,2,4849475
89239666,2026-08-01T01:26:18.3874317,1157.065887,1117.810515,2314.131773,2,3677995
89314536,2026-08-01T11:02:04.7584885,1157.012201,1149.176830,2314.024403,2,4309667
89239160,2026-08-01T01:22:17.7475380,1156.739659,1120.539730,2313.479317,2,4670136
89362953,2026-08-01T17:10:43.0541432,1156.670960,1141.420687,2313.341920,2,3066164
89243790,2026-08-01T02:01:30.5074852,1156.652384,1119.708813,2313.304769,2,4577888
89372980,2026-08-01T18:26:42.8183954,1156.584825,1126.471359,2313.169650,2,7997694
89289446,2026-08-01T07:54:06.5272187,1156.532954,1144.199303,2313.065907,2,4140268
89298325,2026-08-01T09:02:07.9672788,1156.452747,1133.633307,2312.905494,2,3140303
89242774,2026-08-01T01:53:32.0097721,1156.297722,1147.693986,2312.595445,2,4683472
89279781,2026-08-01T06:42:00.1712143,1156.258327,1147.066103,2312.516655,2,2652361
89390496,2026-08-01T20:38:49.0567386,1156.166095,1151.665995,2312.332189,2,5539338
89270488,2026-08-01T05:30:00.3303187,1156.138217,1144.882675,2312.276435,2,4952798
89271940,2026-08-01T05:42:00.3159989,1156.058968,1142.961107,2312.117936,2,3959709
89308040,2026-08-01T10:14:05.8646586,1156.041446,1151.463426,2312.082892,2,3399732
89385851,2026-08-01T20:02:52.1447918,1155.911664,1151.656841,2311.823328,2,3525086
89415758,2026-08-01T23:50:57.3466202,1155.709119,1148.826693,2311.418237,2,4116259
89377999,2026-08-01T19:02:43.3160612,1155.663596,1142.145032,2311.327191,2,3655732
89236618,2026-08-01T01:02:17.7508452,1155.596772,1138.537803,2311.193544,2,6179959
89297251,2026-08-01T08:54:08.4379838,1155.590192,1128.159525,2311.180384,2,3684983
89269343,2026-08-01T05:22:00.4769121,1155.577344,1133.797067,2311.154687,2,3201230
89240709,2026-08-01T01:37:30.5196555,1155.554786,1113.873807,2311.109572,2,3400284
89407319,2026-08-01T22:46:57.5494746,1155.537040,1135.702733,2311.074081,2,3519006
89246414,2026-08-01T02:21:30.6518963,1155.453753,1100.934891,2310.907506,2,5524797
89399379,2026-08-01T21:46:48.0505076,1155.267053,1151.696564,2310.534106,2,3768663
89322917,2026-08-01T12:06:04.7383201,1155.226966,1146.129117,2310.453933,2,4501042
89413633,2026-08-01T23:34:59.6427773,1155.077314,1090.033680,2310.154628,2,4495481
89328762,2026-08-01T12:50:04.7549934,1155.043524,1154.790265,2310.087049,2,4000029
89326065,2026-08-01T12:30:04.7300584,1154.982538,1154.342093,2309.965075,2,2220984
89274009,2026-08-01T05:58:00.1636766,1154.860553,1149.865291,2309.721106,2,5427991
89273994,2026-08-01T05:58:00.1517634,1154.731051,1114.199167,2309.462102,2,3376116
89259153,2026-08-01T04:02:00.5246470,1154.653245,1107.654466,2309.306489,2,4243213
89285096,2026-08-01T07:22:00.6588415,1154.629937,1148.064929,2309.259874,2,4622946
89329206,2026-08-01T12:54:06.2708956,1154.531036,1122.679366,2309.062072,2,3634136
89269900,2026-08-01T05:26:00.4297960,1154.491930,1149.146767,2308.983860,2,7216600
89413635,2026-08-01T23:34:59.6515219,1154.472852,1119.433656,2308.945704,2,2683556
89269881,2026-08-01T05:26:00.4062404,1154.450877,1127.778041,2308.901755,2,3498352
89253514,2026-08-01T03:18:01.1478354,1154.363911,1064.375404,2308.727823,2,5365888
89390398,2026-08-01T20:38:48.8060139,1154.322386,1152.474292,2308.644772,2,8088200
89313872,2026-08-01T10:58:04.8532694,1154.305421,1138.507943,2308.610842,2,2356063
89388401,2026-08-01T20:22:51.3690810,1154.269797,1125.398187,2308.539594,2,2390851
89282370,2026-08-01T07:02:00.1672782,1154.250011,1153.487170,2308.500022,2,2600047
89228787,2026-08-01T00:02:17.7415944,1154.175838,1125.656815,2308.351676,2,2688477
89242246,2026-08-01T01:49:30.4545216,1154.116711,1138.385495,2308.233421,2,6038258
89295323,2026-08-01T08:38:06.2398238,1154.027361,1152.097008,2308.054721,2,2932659
89235056,2026-08-01T00:50:17.9507376,1154.020698,1127.019848,2308.041395,2,5622751
89279784,2026-08-01T06:42:00.1744183,1153.981373,1142.799561,2307.962746,2,3232213
89274002,2026-08-01T05:58:00.1574258,1153.940034,1129.936066,2307.880068,2,3163167
89324993,2026-08-01T12:22:04.7048880,1153.928564,1152.254323,2307.857127,2,2845469
89401542,2026-08-01T22:02:48.5510180,1153.875070,1138.804397,2307.750140,2,2795485
89239195,2026-08-01T01:22:17.7837602,1153.869494,1132.429484,2307.738988,2,4824724
89245347,2026-08-01T02:13:31.2534497,1153.866250,1125.273563,2307.732500,2,4296749
89242750,2026-08-01T01:53:31.9234420,1153.822913,1126.915822,2307.645827,2,1518145
89316590,2026-08-01T11:18:04.6163455,1153.668431,1137.289392,2307.336861,2,3547255
89380092,2026-08-01T19:18:41.6434563,1153.644393,1139.763768,2307.288786,2,2990065
89279776,2026-08-01T06:42:00.1680045,1153.571621,1129.871156,2307.143242,2,5360347
89233971,2026-08-01T00:42:18.0581023,1153.561897,1112.120526,2307.123795,2,3909140
89232476,2026-08-01T00:30:17.9590290,1153.537772,1114.393640,2307.075544,2,3498781
89240717,2026-08-01T01:37:30.5296457,1153.532159,1132.773582,2307.064318,2,5352981
89414185,2026-08-01T23:38:56.9131860,1153.486908,1149.346230,2306.973816,2,3940156
89260200,2026-08-01T04:10:00.4253085,1153.438866,1118.391052,2306.877731,2,1694359
89415238,2026-08-01T23:46:57.5490979,1153.393256,1149.172654,2306.786512,2,4137852
89276104,2026-08-01T06:14:02.3642534,1153.341159,1111.902601,2306.682317,2,2162982
89271943,2026-08-01T05:42:00.3181874,1153.249298,1133.078064,2306.498596,2,2618795
89290268,2026-08-01T08:02:04.5490995,1153.243775,1139.190426,2306.487549,2,3519705
89390056,2026-08-01T20:34:52.1253809,1153.038274,1116.804974,2306.076548,2,3285131
89328230,2026-08-01T12:46:05.0659937,1152.811285,1150.136111,2305.622570,2,3926845
89259716,2026-08-01T04:06:00.5120288,1152.713643,1117.013394,2305.427287,2,3557279
89238143,2026-08-01T01:14:17.9040757,1152.556847,1123.306127,2305.113694,2,5052860
89377225,2026-08-01T18:58:43.7711183,1152.505900,1117.736772,2305.011800,2,5993451
89233482,2026-08-01T00:38:17.8461049,1152.448085,1105.397742,2304.896171,2,4648094
89416847,2026-08-01T23:58:57.4321702,1152.253634,1132.330561,2304.507267,2,3218013
89325546,2026-08-01T12:26:04.5096786,1152.222683,1150.999532,2304.445366,2,1679215
89299944,2026-08-01T09:14:08.7167572,1152.188928,1112.684314,2304.377855,2,6362300
89373502,2026-08-01T18:30:41.2807995,1152.039440,1131.873657,2304.078880,2,4888907
89264731,2026-08-01T04:46:00.3797069,1152.026315,1124.044191,2304.052631,2,5150075
89253952,2026-08-01T03:22:00.4347196,1152.016469,1137.278609,2304.032938,2,4465323
89230927,2026-08-01T00:18:18.3374527,1151.965828,1107.866283,2303.931656,2,4835564
89237650,2026-08-01T01:10:17.9409728,1151.880546,1125.639210,2303.761093,2,3957702
89296677,2026-08-01T08:50:05.8275930,1151.866962,1136.355670,2303.733924,2,4572555
89236600,2026-08-01T01:02:17.7074449,1151.804673,1097.185768,2303.609346,2,2663470
89286183,2026-08-01T07:30:00.3131190,1151.604332,1123.499985,2303.208664,2,5298019
89414704,2026-08-01T23:42:58.0329598,1151.599396,1141.400977,2303.198792,2,1431609
89233986,2026-08-01T00:42:18.0725310,1151.518147,1121.631123,2303.036294,2,5753997
89276745,2026-08-01T06:18:00.3627125,1151.336917,1122.132382,2302.673835,2,2950025
89286687,2026-08-01T07:34:00.6103787,1151.259503,1123.715956,2302.519006,2,3940546
89309743,2026-08-01T10:26:04.5249119,1151.086269,1127.255619,2302.172538,2,2665489
89396792,2026-08-01T21:26:50.1809178,1151.053285,1145.750759,2302.106570,2,1135017
89386813,2026-08-01T20:10:51.2402376,1151.002605,1120.796727,2302.005209,2,3506342
89348506,2026-08-01T15:22:36.3522175,1150.963946,1117.712734,2301.927893,2,5584670
89275586,2026-08-01T06:10:00.5560822,1150.952379,1135.915663,2301.904759,2,2515080
89415242,2026-08-01T23:46:57.5560001,1150.757475,1131.430667,2301.514950,2,2863225
89395206,2026-08-01T21:14:49.9501422,1150.701414,1142.117152,2301.402829,2,5976635
89315042,2026-08-01T11:06:05.1658838,1150.631531,1141.384796,2301.263061,2,3593810
89414179,2026-08-01T23:38:56.9069065,1150.578125,1128.482808,2301.156251,2,3091938
89230877,2026-08-01T00:18:18.2583699,1150.576730,1111.042789,2301.153461,2,2460500
89297794,2026-08-01T08:58:12.7429089,1150.522499,1111.376407,2301.044997,2,3583759
89233499,2026-08-01T00:38:17.8611594,1150.474163,1123.389687,2300.948326,2,4745710
89324454,2026-08-01T12:18:04.7668525,1150.457826,1143.151418,2300.915653,2,2514011
89293179,2026-08-01T08:22:05.2201027,1150.374834,1111.448464,2300.749668,2,4027172
89359289,2026-08-01T16:42:40.9229303,1150.312492,1142.973450,2300.624983,2,4904417
89242755,2026-08-01T01:53:31.9786780,1150.146832,1123.159580,2300.293664,2,1876448
89263826,2026-08-01T04:38:00.6445112,1150.146632,1147.968785,2300.293264,2,3801665
89404174,2026-08-01T22:22:49.9334129,1150.026723,1121.994691,2300.053446,2,3152883
89276634,2026-08-01T06:18:00.2254926,1150.026575,1131.877797,2300.053150,2,4549906
89237636,2026-08-01T01:10:17.9049123,1149.928964,1093.078142,2299.857927,2,5700851
89270937,2026-08-01T05:34:01.3509692,1149.796029,1149.537028,2299.592057,2,4338474
89253321,2026-08-01T03:18:00.8698987,1149.624254,1147.280395,2299.248508,2,5554045
89317083,2026-08-01T11:22:04.8528954,1149.614859,1114.846058,2299.229719,2,8122313
89245376,2026-08-01T02:13:31.3163245,1149.581385,1112.786682,2299.162770,2,2432941
89392508,2026-08-01T20:54:51.0334689,1149.468425,1126.614013,2298.936850,2,6794180
89412066,2026-08-01T23:22:58.0598021,1149.378977,1124.130865,2298.757954,2,5158690
89274569,2026-08-01T06:02:00.1143310,1149.373367,1117.206978,2298.746734,2,3815660
89230442,2026-08-01T00:14:18.0458268,1149.369558,1109.064205,2298.739117,2,1989835
89327665,2026-08-01T12:42:04.6300101,1149.332123,1143.974665,2298.664246,2,4263100
89269899,2026-08-01T05:26:00.4282143,1149.275792,1138.809756,2298.551584,2,5510686
89363617,2026-08-01T17:14:41.7342261,1149.262890,1001.402184,2298.525780,2,3648832
89228856,2026-08-01T00:02:17.8379666,1149.174772,1131.331901,2298.349543,2,3493912
89228893,2026-08-01T00:02:17.8622562,1149.137435,1121.111272,2298.274871,2,2193466
89280314,2026-08-01T06:46:00.3640614,1149.003765,1135.010285,2298.007530,2,3748404
89403123,2026-08-01T22:14:49.3943538,1148.875372,1121.712291,2297.750744,2,2655789
89387852,2026-08-01T20:18:50.7349550,1148.635877,1117.827805,2297.271755,2,4470849
89231952,2026-08-01T00:26:17.9623168,1148.571029,1094.181454,2297.142057,2,3151312
89263756,2026-08-01T04:38:00.5558329,1148.547841,1102.685280,2297.095682,2,2630914
89380151,2026-08-01T19:18:42.0329469,1148.107118,1123.210106,2296.214236,2,3665821
89353372,2026-08-01T15:58:34.9287501,1147.974778,1145.955703,2295.949555,2,3897183
89235562,2026-08-01T00:54:18.3419072,1147.832057,1127.598830,2295.664114,2,4261757
89326036,2026-08-01T12:30:04.6738104,1147.814206,1121.218239,2295.628412,2,4612105
89350167,2026-08-01T15:34:39.8517630,1147.743594,1144.683739,2295.487188,2,6759580
89231912,2026-08-01T00:26:17.8946244,1147.730778,1107.056262,2295.461555,2,2222023
89359753,2026-08-01T16:46:45.2710069,1147.669778,1133.499034,2295.339557,2,4539185
89263755,2026-08-01T04:38:00.5552556,1147.632247,1093.389856,2295.264494,2,2470266
89376691,2026-08-01T18:54:42.6647341,1147.586130,1122.382190,2295.172261,2,5579063
89373683,2026-08-01T18:30:42.0465962,1147.498337,1130.003715,2294.996675,2,2814569
89388402,2026-08-01T20:22:51.4082325,1147.418125,1143.907517,2294.836249,2,5777428
89372149,2026-08-01T18:18:43.9732038,1147.407037,1146.110928,2294.814073,2,3290712
89252546,2026-08-01T03:09:30.8181694,1147.390382,1146.496519,2294.780763,2,3996758
89377754,2026-08-01T19:02:41.8747099,1147.371739,1114.539585,2294.743478,2,4427690
89238661,2026-08-01T01:18:18.0593305,1147.365959,1139.191421,2294.731918,2,5754858
89324520,2026-08-01T12:18:04.8567325,1147.317713,1143.773723,2294.635426,2,2457692
89401002,2026-08-01T21:58:48.5231009,1147.233923,1066.558411,2294.467846,2,6128359
89381675,2026-08-01T19:30:42.1869929,1147.149917,1124.395574,2294.299834,2,2200762
89233504,2026-08-01T00:38:17.8658867,1147.140314,1125.450234,2294.280628,2,4286740
89291098,2026-08-01T08:06:05.0533760,1147.119784,1122.512980,2294.239567,2,6130198
89403654,2026-08-01T22:18:48.6229020,1147.085662,1136.761412,2294.171323,2,2865169
89324444,2026-08-01T12:18:04.7554687,1146.959862,1126.401672,2293.919724,2,1343293
89323386,2026-08-01T12:10:04.5510423,1146.849925,1124.986743,2293.699850,2,3939743
89384187,2026-08-01T19:50:49.6064541,1146.769694,1125.452019,2293.539389,2,2775042
89398925,2026-08-01T21:42:48.2031852,1146.758006,1133.397532,2293.516012,2,3398519
89413649,2026-08-01T23:34:59.7170494,1146.663316,1130.909760,2293.326632,2,7247745
89306952,2026-08-01T10:06:04.5233366,1146.647985,1131.111333,2293.295971,2,2727569
89385853,2026-08-01T20:02:52.1485204,1146.620332,1121.068067,2293.240664,2,2929478
89399966,2026-08-01T21:50:48.2582675,1146.574932,1145.496915,2293.149865,2,2820860
89287249,2026-08-01T07:38:04.6549951,1146.550989,1123.557048,2293.101979,2,3286275
89278193,2026-08-01T06:30:00.1450562,1146.533376,1115.596081,2293.066752,2,7695558
89306558,2026-08-01T10:02:04.8087469,1146.512777,1107.669217,2293.025555,2,7811363
89241766,2026-08-01T01:45:30.8157789,1146.482793,1123.869991,2292.965586,2,6597965
89271426,2026-08-01T05:38:00.3241212,1146.452437,1113.803381,2292.904874,2,4729305
89344276,2026-08-01T14:50:35.6151686,1146.370173,1122.990012,2292.740346,2,5341830
89370469,2026-08-01T18:06:44.3567626,1146.333592,1131.735192,2292.667184,2,3815704
89357096,2026-08-01T16:26:34.7132838,1146.319166,1146.226071,2292.638332,2,2963014
89284557,2026-08-01T07:18:00.1279610,1146.164711,1119.548974,2292.329422,2,4995614
89401024,2026-08-01T21:58:48.5572335,1146.113691,1122.263138,2292.227382,2,3032761
89406812,2026-08-01T22:42:57.3660368,1146.109770,1138.373783,2292.219539,2,6765047
89240200,2026-08-01T01:33:56.0235835,1145.904203,1097.882570,2291.808406,2,3364703
89399387,2026-08-01T21:46:48.0586071,1145.897515,1144.867828,2291.795029,2,5981258
89306546,2026-08-01T10:02:04.7778646,1145.857118,1125.913603,2291.714237,2,1762338
89408383,2026-08-01T22:54:58.1458219,1145.824668,1138.753932,2291.649336,2,4319848
89390490,2026-08-01T20:38:49.0444260,1145.672165,1113.252178,2291.344331,2,2884038
89318124,2026-08-01T11:30:04.6689424,1145.665268,1109.686053,2291.330537,2,7881845
89270410,2026-08-01T05:30:00.2241940,1145.604346,1123.856030,2291.208692,2,4352421
89287789,2026-08-01T07:42:04.7191657,1145.548992,1112.023703,2291.097984,2,2510378
89288424,2026-08-01T07:46:04.9352442,1145.543696,1108.562301,2291.087391,2,4510337
89375116,2026-08-01T18:42:42.2847317,1145.469001,1095.039569,2290.938003,2,5532878
89242241,2026-08-01T01:49:30.4508016,1145.442954,1109.916247,2290.885908,2,8166303
89288883,2026-08-01T07:50:04.8696930,1145.427984,1112.569891,2290.855968,2,7474049
89381658,2026-08-01T19:30:42.1273651,1145.413639,1119.422606,2290.827277,2,5860342
89279766,2026-08-01T06:42:00.1558606,1145.394788,1080.078320,2290.789575,2,5197145
89392579,2026-08-01T20:54:51.2474130,1145.376320,1121.161603,2290.752639,2,3766213
89325512,2026-08-01T12:26:04.4464140,1145.345914,1120.400850,2290.691829,2,8337232
89394680,2026-08-01T21:10:51.3108749,1145.320584,1126.409714,2290.641168,2,3189748
89316108,2026-08-01T11:14:06.8870483,1145.236385,1124.520706,2290.472771,2,4302987
89332981,2026-08-01T13:22:04.6740307,1145.213183,1141.919377,2290.426366,2,3511134
89408891,2026-08-01T22:58:57.3127198,1145.125515,1092.211786,2290.251030,2,6310698
89354429,2026-08-01T16:06:35.7648902,1145.099517,1139.303021,2290.199035,2,5530182
89369234,2026-08-01T17:58:42.5131601,1145.079206,1144.266039,2290.158412,2,4315260
89396259,2026-08-01T21:22:48.4150599,1145.048470,1139.110637,2290.096941,2,3875225
89233970,2026-08-01T00:42:18.0581632,1144.989430,1112.239655,2289.978860,2,5003534
89267875,2026-08-01T05:10:00.3583187,1144.917470,1118.166180,2289.834940,2,4106569
89317619,2026-08-01T11:26:04.7838608,1144.899186,1113.981325,2289.798371,2,1121806
89274573,2026-08-01T06:02:00.2701548,1144.842449,1125.819499,2289.684898,2,4942100
89404714,2026-08-01T22:26:48.2570312,1144.817985,1113.522851,2289.635971,2,4208792
89276111,2026-08-01T06:14:02.3725368,1144.811650,1108.505565,2289.623301,2,4841598
89409424,2026-08-01T23:02:57.6412205,1144.677555,1108.864115,2289.355110,2,4487670
89287790,2026-08-01T07:42:04.7206910,1144.643541,1120.436605,2289.287081,2,4624692
89410475,2026-08-01T23:10:57.3356277,1144.616301,1127.023691,2289.232602,2,3336098
89230426,2026-08-01T00:14:18.0027196,1144.589988,1131.113199,2289.179976,2,4387293
89321690,2026-08-01T11:58:04.4892291,1144.405132,1138.250863,2288.810264,2,2526538
89271436,2026-08-01T05:38:00.3372976,1144.394069,1137.050640,2288.788139,2,6824875
89243141,2026-08-01T01:57:30.3172279,1144.352090,1095.950191,2288.704179,2,4360014
89287250,2026-08-01T07:38:04.6482975,1144.335841,1077.466104,2288.671682,2,6721922
89369767,2026-08-01T18:02:42.4355693,1144.280150,1129.267760,2288.560299,2,5909313
89365644,2026-08-01T17:30:40.5099431,1144.228372,1124.445535,2288.456744,2,2837795
89310810,2026-08-01T10:34:05.9427010,1144.216441,1127.712610,2288.432882,2,5186369
89267367,2026-08-01T05:06:00.3346830,1144.105609,1114.359677,2288.211218,2,5924046
89411537,2026-08-01T23:18:57.5296673,1144.100677,1132.622635,2288.201354,2,4765179
89383162,2026-08-01T19:42:49.2109204,1144.098234,1122.703229,2288.196468,2,3480324
89283438,2026-08-01T07:10:00.2463009,1144.081030,1124.149092,2288.162059,2,4130869
89386304,2026-08-01T20:06:48.6252481,1143.822688,1141.105543,2287.645376,2,3618173
89384011,2026-08-01T19:50:48.9964312,1143.776229,1080.407767,2287.552459,2,6645800
89270397,2026-08-01T05:30:00.2106960,1143.505915,1111.685682,2287.011829,2,2082797
89263254,2026-08-01T04:34:02.4147144,1143.480374,1086.212535,2286.960748,2,6452709
89278723,2026-08-01T06:34:00.9108797,1143.471834,1120.617684,2286.943667,2,4089768
89237114,2026-08-01T01:06:17.8699573,1143.459133,1087.474852,2286.918265,2,1286210
89274466,2026-08-01T06:02:00.1177706,1143.449746,1120.802732,2286.899492,2,3828261
89270893,2026-08-01T05:34:01.3101669,1143.352213,1107.883079,2286.704426,2,2648604
89229379,2026-08-01T00:06:18.0851346,1143.144512,1099.967525,2286.289024,2,3901417
89379333,2026-08-01T19:14:45.5742347,1143.140064,1080.528002,2286.280128,2,4911117
89278195,2026-08-01T06:30:00.1472721,1142.904089,1119.229612,2285.808179,2,4041297
89415769,2026-08-01T23:50:57.3776031,1142.792650,1115.493059,2285.585301,2,5181663
89322408,2026-08-01T12:02:04.5477652,1142.770564,1122.636785,2285.541128,2,1935539
89232953,2026-08-01T00:34:18.0378452,1142.740837,1089.117248,2285.481673,2,2854672
89317609,2026-08-01T11:26:04.7738447,1142.719377,1097.838609,2285.438754,2,7806306
89409941,2026-08-01T23:06:57.3109827,1142.522202,1100.360864,2285.044404,2,4403551
89408377,2026-08-01T22:54:58.1355030,1142.430434,1096.180269,2284.860867,2,2788417
89383199,2026-08-01T19:42:49.3467604,1142.408939,1118.194260,2284.817877,2,5836101
89292645,2026-08-01T08:18:04.8564024,1142.330999,1092.165277,2284.661997,2,2952835
89273614,2026-08-01T05:54:02.4385792,1142.314302,1119.953573,2284.628603,2,3608245
89267338,2026-08-01T05:06:00.3034127,1142.274070,1108.920405,2284.548140,2,955726
89283497,2026-08-01T07:10:00.3295215,1142.273945,1119.374114,2284.547889,2,3381889
89310246,2026-08-01T10:30:06.0440848,1142.247689,1113.337398,2284.495378,2,2309797
89229927,2026-08-01T00:10:18.0800963,1142.210303,1117.485181,2284.420607,2,3064456
89412594,2026-08-01T23:26:57.5783840,1142.182780,1138.839936,2284.365560,2,4029770
89285620,2026-08-01T07:26:00.6494478,1142.128826,1108.136616,2284.257652,2,5505288
89385805,2026-08-01T20:02:51.9777544,1142.118733,1138.993495,2284.237466,2,3937379
89412580,2026-08-01T23:26:57.5416846,1142.092287,1066.150726,2284.184574,2,6871472
89286679,2026-08-01T07:34:00.5593479,1142.090729,1075.588096,2284.181459,2,3877374
89264266,2026-08-01T04:42:00.4397178,1142.088669,1092.748436,2284.177337,2,5699695
89409957,2026-08-01T23:06:57.3327458,1142.082547,1139.873364,2284.165095,2,6055678
89352784,2026-08-01T15:54:37.0075788,1142.004561,1125.531073,2284.009121,2,3585013
89239174,2026-08-01T01:22:17.7587866,1141.801458,1124.012872,2283.602915,2,2951859
89235062,2026-08-01T00:50:17.9588925,1141.760365,1128.884939,2283.520729,2,5325279
89298872,2026-08-01T09:06:05.6177594,1141.730921,1114.536813,2283.461843,2,6456834
89392584,2026-08-01T20:54:51.2539262,1141.557712,1128.474687,2283.115423,2,3342249
89302240,2026-08-01T09:30:04.6553972,1141.546122,1114.775751,2283.092243,2,5957010
89414696,2026-08-01T23:42:58.0127653,1141.510588,1090.463635,2283.021175,2,2884507
89267417,2026-08-01T05:06:00.4096620,1141.510201,1118.030010,2283.020402,2,4419341
89390926,2026-08-01T20:42:48.7628884,1141.507767,1115.633679,2283.015534,2,5488137
89251286,2026-08-01T03:01:30.2501071,1141.314649,1120.047620,2282.629298,2,7131183
89401020,2026-08-01T21:58:48.5463733,1141.253428,1135.931140,2282.506856,2,5068150
89269345,2026-08-01T05:22:00.4787345,1141.253315,1112.275776,2282.506631,2,6621611
89268880,2026-08-01T05:18:00.3156282,1141.109275,1110.087839,2282.218549,2,3206093
89399961,2026-08-01T21:50:48.2448921,1141.061109,1119.361121,2282.122219,2,4195715
89289985,2026-08-01T07:58:04.9339019,1141.049757,1109.614204,2282.099514,2,5647925
89266883,2026-08-01T05:02:00.2492107,1141.043996,1100.604590,2282.087992,2,2289623
89321909,2026-08-01T11:58:04.9276570,1141.036327,1131.207933,2282.072654,2,3873860
89270425,2026-08-01T05:30:00.2431510,1141.032948,1127.356513,2282.065895,2,7621617
89268882,2026-08-01T05:18:00.3176879,1141.032747,1110.707269,2282.065494,2,6476401
89230434,2026-08-01T00:14:18.0398393,1141.019663,1125.679761,2282.039326,2,6413782
89326632,2026-08-01T12:34:05.6350196,1141.012327,1122.379479,2282.024655,2,3390086
89259188,2026-08-01T04:02:00.5467327,1141.011235,1129.483183,2282.022470,2,3932922
89286698,2026-08-01T07:34:00.6171727,1140.839676,1114.924123,2281.679352,2,1642771
89309635,2026-08-01T10:26:04.3604858,1140.767232,1127.206121,2281.534465,2,3650328
89280832,2026-08-01T06:50:00.0820028,1140.747902,1120.192018,2281.495804,2,4246157
89380642,2026-08-01T19:22:44.5241589,1140.728641,1107.975244,2281.457283,2,4648962
89229916,2026-08-01T00:10:18.0671855,1140.710181,1119.873061,2281.420361,2,3859005
89393101,2026-08-01T20:58:50.1589475,1140.696995,1097.995026,2281.393990,2,2971567
89398400,2026-08-01T21:38:50.2050211,1140.619490,1128.597076,2281.238980,2,4966497
89272537,2026-08-01T05:46:00.6467410,1140.543489,1104.197698,2281.086978,2,1999628
89322352,2026-08-01T12:02:04.4688242,1140.506272,1121.023789,2281.012544,2,4081790
89231955,2026-08-01T00:26:17.9646073,1140.489740,1099.301477,2280.979480,2,2052834
89403646,2026-08-01T22:18:48.6137979,1140.443815,1101.459442,2280.887629,2,2673704
89233000,2026-08-01T00:34:18.0848343,1140.417719,1125.262762,2280.835437,2,4023287
89279222,2026-08-01T06:38:00.2040024,1140.343587,1097.921368,2280.687173,2,1788578
89398394,2026-08-01T21:38:50.1723640,1140.333002,1132.262746,2280.666005,2,3421348
89368920,2026-08-01T17:54:43.6646950,1140.111953,1133.829975,2280.223905,2,4050827
89352803,2026-08-01T15:54:37.0696520,1140.082443,1118.476922,2280.164886,2,5454111
89273095,2026-08-01T05:50:00.3954922,1140.061668,1138.924633,2280.123335,2,3261014
89403661,2026-08-01T22:18:48.6343248,1140.060886,1127.006949,2280.121773,2,2631787
89238649,2026-08-01T01:18:18.0473109,1140.006831,1078.968087,2280.013662,2,4102611
89278086,2026-08-01T06:30:00.0124896,1139.941569,1120.323306,2279.883138,2,5025125
89397851,2026-08-01T21:34:49.5159310,1139.888200,1130.380280,2279.776400,2,5519945
89394157,2026-08-01T21:06:49.0494166,1139.861120,1097.946013,2279.722240,2,3709099
89411528,2026-08-01T23:18:57.5091183,1139.824236,1121.832489,2279.648471,2,5492196
89270917,2026-08-01T05:34:01.3118387,1139.814219,1108.649257,2279.628439,2,4640632
89260735,2026-08-01T04:14:01.2716273,1139.663350,1138.839351,2279.326700,2,5228425
89393556,2026-08-01T21:02:48.3409221,1139.622611,1122.035061,2279.245223,2,6202677
89229414,2026-08-01T00:06:18.1552059,1139.573343,1096.091258,2279.146686,2,2941136
89331873,2026-08-01T13:14:06.4210184,1139.551537,1098.003403,2279.103074,2,2296602
89270411,2026-08-01T05:30:00.2249210,1139.539721,1108.068583,2279.079442,2,5145879
89329732,2026-08-01T12:58:04.8503074,1139.538632,1089.622339,2279.077264,2,7664071
89362111,2026-08-01T17:02:40.6538062,1139.512508,1125.680287,2279.025016,2,3705650
89312160,2026-08-01T10:46:04.5153969,1139.322319,1099.837189,2278.644639,2,4532240
89286690,2026-08-01T07:34:00.6113940,1139.234447,1105.379786,2278.468895,2,6617401
89311353,2026-08-01T10:38:04.7355813,1139.181815,1109.175830,2278.363630,2,4459673
89269428,2026-08-01T05:22:00.5576147,1139.139090,1113.609595,2278.278181,2,8070002
89267433,2026-08-01T05:06:00.4260663,1139.071996,1121.929814,2278.143992,2,6411393
89406279,2026-08-01T22:38:57.3643727,1139.023990,1101.486367,2278.047981,2,3452830
89392582,2026-08-01T20:54:51.2503331,1139.014157,1123.368319,2278.028313,2,3631923
89279225,2026-08-01T06:38:00.2092479,1138.939260,1116.981877,2277.878520,2,1254431
89289423,2026-08-01T07:54:06.4729112,1138.936074,1096.304058,2277.872149,2,3667813
89385249,2026-08-01T19:58:49.3248724,1138.887330,1109.403370,2277.774660,2,3547243
89302088,2026-08-01T09:30:04.3707943,1138.877561,1106.291078,2277.755121,2,6006149
89386164,2026-08-01T20:06:48.1131164,1138.804769,1121.043160,2277.609538,2,5679963
89406283,2026-08-01T22:38:57.3692773,1138.776189,1130.698174,2277.552377,2,3185411
89391454,2026-08-01T20:46:48.7833522,1138.770401,1104.089778,2277.540802,2,4487472
89239208,2026-08-01T01:22:17.7986292,1138.743108,1128.062418,2277.486216,2,4334873
89370991,2026-08-01T18:10:42.2302078,1138.597613,1126.559435,2277.195225,2,5234390
89400492,2026-08-01T21:54:49.7519999,1138.561837,1135.909439,2277.123674,2,4699346
89385279,2026-08-01T19:58:49.4251752,1138.524208,1121.381490,2277.048417,2,4075349
89326561,2026-08-01T12:34:05.5035235,1138.408961,1106.176252,2276.817922,2,6312233
89413118,2026-08-01T23:30:57.4382764,1138.386093,1133.455660,2276.772186,2,3616635
89276633,2026-08-01T06:18:00.2245912,1138.380895,1110.323704,2276.761790,2,3502002
89279228,2026-08-01T06:38:00.2136642,1138.304319,1115.490989,2276.608639,2,5489803
89284494,2026-08-01T07:18:00.0493110,1138.300492,1103.389733,2276.600983,2,3619595
89293727,2026-08-01T08:26:04.7884389,1138.297625,1081.225367,2276.595249,2,4391322
89328221,2026-08-01T12:46:05.0606806,1138.257511,1126.284774,2276.515022,2,5739936
89327618,2026-08-01T12:42:04.5584087,1138.225534,1094.467512,2276.451068,2,3994267
89315060,2026-08-01T11:06:05.2047987,1138.191476,1132.065075,2276.382951,2,4731802
89328686,2026-08-01T12:50:04.6349078,1138.027327,1090.906976,2276.054653,2,4992059
89262264,2026-08-01T04:26:00.4641782,1137.991511,1083.163393,2275.983021,2,3589741
89254058,2026-08-01T03:22:00.6065779,1137.948911,1134.165461,2275.897823,2,5780034
89332979,2026-08-01T13:22:04.6527774,1137.941821,1091.443416,2275.883642,2,5505785
89319291,2026-08-01T11:38:05.6527496,1137.940210,1130.659190,2275.880420,2,2970121
89311334,2026-08-01T10:38:04.7155784,1137.938839,1108.984704,2275.877678,2,7138875
89334252,2026-08-01T13:34:07.0524648,1137.935542,1128.313071,2275.871085,2,2052057
89282968,2026-08-01T07:06:00.2518482,1137.755495,1109.432846,2275.510989,2,4096244
89408381,2026-08-01T22:54:58.1435025,1137.740703,1112.689430,2275.481407,2,4309927
89238146,2026-08-01T01:14:17.9046547,1137.632217,1103.976580,2275.264434,2,6807959
89400490,2026-08-01T21:54:49.7457502,1137.559761,1127.553310,2275.119523,2,4142315
89388919,2026-08-01T20:26:50.3710749,1137.550723,1088.853218,2275.101446,2,2579281
89389448,2026-08-01T20:30:51.5702425,1137.550723,1085.831807,2275.101446,2,2804410
89409470,2026-08-01T23:02:57.7992244,1137.504123,1088.567920,2275.008245,2,4553937
89399395,2026-08-01T21:46:48.0620138,1137.501020,1128.752749,2275.002041,2,7138489
89280205,2026-08-01T06:46:00.2212532,1137.387528,1108.093471,2274.775056,2,2655329
89229930,2026-08-01T00:10:18.0857166,1137.312279,1113.884159,2274.624558,2,4068788
89266324,2026-08-01T04:58:00.4147537,1137.295484,1096.325833,2274.590967,2,4225495
89286177,2026-08-01T07:30:00.3110227,1137.293303,1108.923964,2274.586606,2,5841190
89236096,2026-08-01T00:58:17.8390825,1137.259130,1101.059574,2274.518261,2,4510563
89302635,2026-08-01T09:34:07.3504145,1137.167920,1111.063145,2274.335840,2,4783267
89301540,2026-08-01T09:26:04.4316728,1137.128690,1094.005396,2274.257379,2,5711346
89382147,2026-08-01T19:34:45.1339248,1136.992580,1111.713742,2273.985160,2,3665308
89238662,2026-08-01T01:18:18.0609182,1136.953401,1120.645475,2273.906801,2,5489870
89283507,2026-08-01T07:10:00.3340741,1136.841292,1104.439954,2273.682584,2,3969877
89404726,2026-08-01T22:26:48.3104020,1136.753179,1135.783081,2273.506357,2,4656897
89320074,2026-08-01T11:46:04.5889224,1136.711085,1106.855535,2273.422169,2,4794801
89396791,2026-08-01T21:26:50.1773158,1136.682147,1121.472443,2273.364293,2,813460
89281895,2026-08-01T06:58:00.2711437,1136.653689,1111.671700,2273.307377,2,3331726
89350717,2026-08-01T15:38:36.0356325,1136.583895,1116.583802,2273.167790,2,4829557
89287247,2026-08-01T07:38:04.6516723,1136.535504,1092.943033,2273.071007,2,5315000
89279227,2026-08-01T06:38:00.2138279,1136.465811,1116.634180,2272.931622,2,4100628
89413116,2026-08-01T23:30:57.4355066,1136.455909,1124.400039,2272.911819,2,4510223
89334045,2026-08-01T13:30:04.8406473,1136.454807,1118.630964,2272.909613,2,5496887
89396207,2026-08-01T21:22:48.2671604,1136.447885,1129.375856,2272.895771,2,5116247
89412611,2026-08-01T23:26:57.6418058,1136.437494,1100.666041,2272.874989,2,2245413
89367630,2026-08-01T17:46:40.1727992,1136.401263,1135.748549,2272.802525,2,6348896
89270998,2026-08-01T05:34:01.4608317,1136.374574,1132.148777,2272.749148,2,6445239
89233018,2026-08-01T00:34:18.1004844,1136.325793,1111.897864,2272.651586,2,5744143
89362426,2026-08-01T17:06:41.7208248,1136.289150,1108.583697,2272.578299,2,3070328
89230932,2026-08-01T00:18:18.3439966,1136.279877,1117.458058,2272.559753,2,7280867
89264699,2026-08-01T04:46:00.3454506,1136.223704,1078.172038,2272.447408,2,3600054
89283965,2026-08-01T07:14:01.7514502,1136.184742,1103.665166,2272.369485,2,3842285
89277018,2026-08-01T06:22:00.0796210,1136.164324,1104.882638,2272.328649,2,3741874
89353897,2026-08-01T16:02:36.6774194,1136.138045,1133.637203,2272.276090,2,5237698
89239662,2026-08-01T01:26:18.3835076,1135.956451,1071.564596,2271.912901,2,3872822
89275052,2026-08-01T06:06:00.2612502,1135.943296,1119.648765,2271.886592,2,4334554
89415236,2026-08-01T23:46:57.5433487,1135.910811,1118.584412,2271.821623,2,3541325
89303179,2026-08-01T09:38:04.4339836,1135.806530,1107.649462,2271.613059,2,2839872
89285643,2026-08-01T07:26:00.6700033,1135.796289,1115.577914,2271.592579,2,4188600
89396261,2026-08-01T21:22:48.4160995,1135.791764,1132.886809,2271.583528,2,3337118
89370824,2026-08-01T18:10:41.5721620,1135.784767,1116.086660,2271.569533,2,5229510
89397864,2026-08-01T21:34:49.5482856,1135.616888,1134.359688,2271.233776,2,4139307
89403136,2026-08-01T22:14:49.4399684,1135.592903,1134.315295,2271.185806,2,3343689
89370299,2026-08-01T18:06:43.5089876,1135.548061,1128.531487,2271.096122,2,3988762
89365158,2026-08-01T17:26:40.3234188,1135.506774,1125.793909,2271.013549,2,1405454
89320264,2026-08-01T11:46:04.8597418,1135.480798,1096.626348,2270.961595,2,6686035
89384204,2026-08-01T19:50:49.6619161,1135.410307,1124.452831,2270.820613,2,7684129
89232444,2026-08-01T00:30:17.9468900,1135.393068,1117.338414,2270.786136,2,3501896
89244847,2026-08-01T02:09:30.9125427,1135.349380,1087.777912,2270.698760,2,320624
89395211,2026-08-01T21:14:49.9638715,1135.334603,1125.123594,2270.669205,2,3420574
89405251,2026-08-01T22:30:48.3606803,1135.302327,1130.345866,2270.604653,2,4632925
89398389,2026-08-01T21:38:50.1689605,1135.238776,1125.758143,2270.477553,2,4185910
89265321,2026-08-01T04:50:01.0501713,1135.230199,1090.178329,2270.460398,2,5682906
89275584,2026-08-01T06:10:00.5528535,1135.174481,1087.493468,2270.348963,2,320632
89394158,2026-08-01T21:06:49.0503199,1135.159830,1100.770650,2270.319660,2,5055342
89397324,2026-08-01T21:30:48.7328852,1135.152069,1129.670795,2270.304139,2,3598392
89275047,2026-08-01T06:06:00.2548872,1135.132082,1114.046513,2270.264164,2,4975432
89319703,2026-08-01T11:42:04.8445023,1135.124298,1085.410618,2270.248596,2,4571938
89281899,2026-08-01T06:58:00.3057564,1134.923599,1111.740919,2269.847199,2,3828706
89315011,2026-08-01T11:06:05.1238284,1134.906248,1096.270452,2269.812497,2,5613078
89321267,2026-08-01T11:54:07.4510854,1134.890511,1094.306323,2269.781022,2,5356430
89281379,2026-08-01T06:54:01.3335847,1134.883600,1115.768409,2269.767200,2,4304787
89288875,2026-08-01T07:50:04.8602667,1134.849264,1124.387800,2269.698528,2,4456755
89275049,2026-08-01T06:06:00.2577468,1134.701158,1101.958800,2269.402315,2,4920306
89285594,2026-08-01T07:26:00.6164783,1134.686043,1118.575870,2269.372087,2,4011306
89272974,2026-08-01T05:50:00.2162244,1134.662190,1098.155792,2269.324381,2,4034442
89272287,2026-08-01T05:46:00.2887563,1134.647364,1105.822623,2269.294727,2,4417821
89301170,2026-08-01T09:22:04.8613303,1134.537559,1116.660641,2269.075119,2,3631443
89378533,2026-08-01T19:06:44.4769312,1134.475147,1118.280761,2268.950294,2,3252744
89352283,2026-08-01T15:50:36.3433526,1134.466068,1117.395396,2268.932136,2,6368637
89243329,2026-08-01T01:57:30.6323328,1134.415863,1109.470164,2268.831726,2,6533283
89357626,2026-08-01T16:30:36.0743983,1134.282465,1111.741395,2268.564931,2,4143513
89288918,2026-08-01T07:50:04.9191603,1134.272259,1100.881637,2268.544518,2,4234011
89234620,2026-08-01T00:46:18.9384551,1134.213726,1126.544501,2268.427452,2,5519967
89382129,2026-08-01T19:34:45.0451937,1134.165955,1100.709940,2268.331910,2,3569153
89231962,2026-08-01T00:26:17.9699302,1133.886563,1114.480117,2267.773126,2,4630735
89233522,2026-08-01T00:38:17.8866154,1133.735270,1117.131400,2267.470539,2,8371736
89305877,2026-08-01T09:58:04.6657313,1133.634646,1106.387812,2267.269292,2,5028294
89393624,2026-08-01T21:02:48.5174013,1133.590148,1101.159212,2267.180296,2,7055980
89392057,2026-08-01T20:50:49.0613675,1133.479742,1107.212380,2266.959484,2,6948855
89408384,2026-08-01T22:54:58.1489941,1133.458766,1130.639360,2266.917532,2,5220020
89267893,2026-08-01T05:10:00.4050047,1133.428346,1098.357025,2266.856691,2,5027994
89289440,2026-08-01T07:54:06.5189098,1133.427386,1102.519630,2266.854772,2,4390474
89386884,2026-08-01T20:10:51.4591896,1133.419482,1110.333271,2266.838965,2,3706092
89241206,2026-08-01T01:41:30.8048587,1133.413772,1066.593777,2266.827544,2,3804673
89230427,2026-08-01T00:14:18.0036919,1133.370104,1115.654596,2266.740208,2,5266836
89358162,2026-08-01T16:34:37.5554675,1133.369680,1122.753722,2266.739360,2,3116808
89270474,2026-08-01T05:30:00.3153593,1133.336366,1111.506176,2266.672732,2,1231304
89280839,2026-08-01T06:50:00.1053390,1133.327127,1108.837866,2266.654255,2,3345255
89273500,2026-08-01T05:54:02.2753070,1133.317824,1105.863075,2266.635648,2,3724912
89259513,2026-08-01T04:06:00.1600788,1133.208693,1115.587519,2266.417385,2,4384371
89363149,2026-08-01T17:10:43.3530537,1133.147211,1125.259814,2266.294422,2,4738419
89415761,2026-08-01T23:50:57.3530392,1133.118555,1119.267017,2266.237109,2,3610248
89414205,2026-08-01T23:38:56.9443774,1133.004699,1099.208432,2266.009397,2,5306038
89235566,2026-08-01T00:54:18.3448107,1132.959753,1110.338231,2265.919505,2,6011484
89349592,2026-08-01T15:30:35.8589169,1132.884934,1125.276240,2265.769868,2,7121888
89319272,2026-08-01T11:38:05.6325087,1132.823977,1119.945093,2265.647954,2,3569206
89277556,2026-08-01T06:26:00.1167398,1132.814693,1106.529907,2265.629387,2,4729641
89320856,2026-08-01T11:50:04.7634590,1132.787099,1116.262317,2265.574198,2,4929734
89368963,2026-08-01T17:54:43.7298479,1132.767861,1100.114364,2265.535722,2,7163239
89238659,2026-08-01T01:18:18.0569878,1132.755022,1090.916883,2265.510044,2,5470843
89290520,2026-08-01T08:02:04.9341808,1132.651200,1094.588059,2265.302400,2,5869883
89381704,2026-08-01T19:30:42.2799723,1132.604559,1119.641638,2265.209118,2,4406628
89405766,2026-08-01T22:34:49.7281233,1132.504280,1125.770333,2265.008561,2,6253620
89236094,2026-08-01T00:58:17.8148942,1132.467756,1083.799699,2264.935511,2,5161789
89316566,2026-08-01T11:18:04.5685119,1132.465416,1084.063577,2264.930833,2,5731685
89250459,2026-08-01T02:53:33.7259771,1132.442588,1124.667949,2264.885177,2,2397796
89282910,2026-08-01T07:06:00.1597022,1132.394098,1106.093365,2264.788196,2,2660190
89396252,2026-08-01T21:22:48.4056961,1132.366926,1107.658975,2264.733852,2,2423590
89397863,2026-08-01T21:34:49.5472983,1132.366174,1123.169367,2264.732347,2,3237656
89404182,2026-08-01T22:22:49.9424990,1132.328431,1112.594610,2264.656862,2,3874091
89404733,2026-08-01T22:26:48.3218147,1132.328431,1117.754664,2264.656862,2,4657928
89277678,2026-08-01T06:26:00.2719167,1132.226618,1106.190649,2264.453236,2,4227675
89267312,2026-08-01T05:06:00.2562338,1132.221873,1096.538620,2264.443746,2,5441248
89414183,2026-08-01T23:38:56.9099836,1132.134653,1113.930928,2264.269306,2,6207714
89322916,2026-08-01T12:06:04.7368494,1132.081966,1109.554860,2264.163932,2,7457834
89285136,2026-08-01T07:22:00.7293815,1132.061955,1112.080306,2264.123911,2,4373365
89416302,2026-08-01T23:54:58.4208530,1131.937755,1120.109073,2263.875510,2,6053891
89406288,2026-08-01T22:38:57.3800924,1131.927053,1130.396060,2263.854105,2,3280416
89316046,2026-08-01T11:14:06.7574221,1131.789264,1097.543111,2263.578528,2,6123651
89387850,2026-08-01T20:18:50.7330997,1131.704806,1114.977171,2263.409612,2,2715227
89369937,2026-08-01T18:02:43.2355060,1131.698406,1126.486379,2263.396813,2,3457668
89278198,2026-08-01T06:30:00.1509073,1131.674679,1111.552537,2263.349358,2,776307
89400488,2026-08-01T21:54:49.7427043,1131.583421,1119.994093,2263.166841,2,5045539
89414189,2026-08-01T23:38:56.9194833,1131.557634,1124.091948,2263.115269,2,1747247
89265756,2026-08-01T04:54:01.6282759,1131.529124,1078.645611,2263.058249,2,5117587
89321324,2026-08-01T11:54:07.5228846,1131.404706,1112.184402,2262.809412,2,6914090
89399394,2026-08-01T21:46:48.0627838,1131.390111,1111.156696,2262.780222,2,4854800
89411531,2026-08-01T23:18:57.5158443,1131.380646,1098.417606,2262.761292,2,5087476
89403662,2026-08-01T22:18:48.6367069,1131.335161,1121.488780,2262.670323,2,5501297
89281409,2026-08-01T06:54:01.4174583,1131.286741,1116.058981,2262.573483,2,7590611
89403128,2026-08-01T22:14:49.4127421,1131.266407,1113.622517,2262.532815,2,3239643
89258390,2026-08-01T03:58:00.2513232,1131.265259,1115.766157,2262.530518,2,3989194
89333508,2026-08-01T13:26:04.6609779,1131.260555,1084.455597,2262.521111,2,5851458
89229381,2026-08-01T00:06:18.0879299,1131.203109,1105.534308,2262.406219,2,5830601
89278735,2026-08-01T06:34:00.9244978,1131.172005,1110.030073,2262.344011,2,5657837
89401560,2026-08-01T22:02:48.5809252,1131.155138,1118.233367,2262.310276,2,4045692
89261269,2026-08-01T04:18:00.4772880,1131.102746,1070.929701,2262.205493,2,3575637
89365105,2026-08-01T17:26:40.1392635,1130.955564,1104.273567,2261.911127,2,3286501
89404178,2026-08-01T22:22:49.9393964,1130.898459,1114.312869,2261.796918,2,5480771
89414061,2026-08-01T23:38:56.6164669,1130.863778,1127.793441,2261.727556,2,573577
89280828,2026-08-01T06:50:00.0791733,1130.853181,1088.192447,2261.706361,2,4090446
89413112,2026-08-01T23:30:57.4289270,1130.849580,1093.749930,2261.699161,2,3764560
89385240,2026-08-01T19:58:49.2809153,1130.822170,1102.029584,2261.644339,2,1247917
89394167,2026-08-01T21:06:49.0723676,1130.819363,1129.046486,2261.638727,2,6048568
89406298,2026-08-01T22:38:57.4338850,1130.786551,1110.742241,2261.573103,2,4300238
89416849,2026-08-01T23:58:57.4352232,1130.750402,1129.143241,2261.500805,2,3249525
89285091,2026-08-01T07:22:00.6524188,1130.723850,1085.461811,2261.447700,2,6432628
89274049,2026-08-01T05:58:00.2408903,1130.685733,1107.625981,2261.371467,2,5883501
89261756,2026-08-01T04:22:00.6600463,1130.647279,1067.313926,2261.294558,2,4812686
89229922,2026-08-01T00:10:18.0741769,1130.626893,1120.967429,2261.253787,2,3289575
89268956,2026-08-01T05:18:00.4120822,1130.522637,1113.718778,2261.045275,2,4183655
89272397,2026-08-01T05:46:00.4802316,1130.493929,1128.653612,2260.987857,2,4677116
89327162,2026-08-01T12:38:04.7487567,1130.455492,1106.577543,2260.910983,2,3821737
89413107,2026-08-01T23:30:57.4224785,1130.427791,1078.806579,2260.855581,2,3269173
89238194,2026-08-01T01:14:17.9819515,1130.392640,1121.302879,2260.785280,2,4095683
89395767,2026-08-01T21:18:51.5427768,1130.379165,1098.153350,2260.758331,2,583527
89312909,2026-08-01T10:50:04.6232423,1130.347802,1084.529119,2260.695604,2,4618551
89330259,2026-08-01T13:02:04.7167200,1130.320510,1077.786810,2260.641019,2,4633943
89290010,2026-08-01T07:58:04.9643140,1130.319600,1092.868520,2260.639200,2,4116401
89233974,2026-08-01T00:42:18.0612403,1130.292399,1109.672838,2260.584797,2,5447252
89321273,2026-08-01T11:54:07.4555907,1130.249419,1087.260983,2260.498837,2,5918750
89237125,2026-08-01T01:06:17.8839234,1130.240712,1094.076558,2260.481424,2,3951599
89320760,2026-08-01T11:50:04.6315962,1130.161936,1090.390883,2260.323871,2,3287889
89308565,2026-08-01T10:18:04.6500022,1130.133292,1105.845433,2260.266583,2,3331843
89407856,2026-08-01T22:50:57.1606447,1130.057569,1122.541235,2260.115137,2,2753773
89367306,2026-08-01T17:42:41.0048521,1130.021101,1121.203461,2260.042201,2,4674005
89284029,2026-08-01T07:14:01.8410413,1130.017530,1111.400200,2260.035060,2,3880764
89256403,2026-08-01T03:42:00.0610321,1130.003762,1110.233703,2260.007524,2,3512276
89404719,2026-08-01T22:26:48.2695325,1130.002839,1117.603455,2260.005678,2,3919287
89242753,2026-08-01T01:53:31.9271792,1129.968874,1076.009211,2259.937748,2,4779148
89400497,2026-08-01T21:54:49.7636574,1129.923039,1114.504487,2259.846078,2,3879686
89388399,2026-08-01T20:22:51.4065375,1129.918774,1105.084853,2259.837549,2,6971054
89385817,2026-08-01T20:02:52.0198173,1129.912565,1109.529655,2259.825130,2,4278966
89399986,2026-08-01T21:50:48.3236034,1129.860516,1113.257957,2259.721033,2,3924591
89407329,2026-08-01T22:46:57.5659443,1129.830283,1120.065808,2259.660567,2,6694061
89402072,2026-08-01T22:06:49.2280031,1129.798105,1087.362692,2259.596209,2,3254413
89274581,2026-08-01T06:02:00.3118821,1129.784055,1102.088529,2259.568109,2,5671936
89279150,2026-08-01T06:38:00.0763653,1129.750926,1114.814219,2259.501852,2,3904133
89230934,2026-08-01T00:18:18.3471185,1129.695849,1118.493693,2259.391698,2,4504043
89325515,2026-08-01T12:26:04.4496576,1129.620730,1100.276041,2259.241460,2,4285580
89405780,2026-08-01T22:34:49.8082170,1129.532299,1111.027251,2259.064597,2,3876159
89235579,2026-08-01T00:54:18.3552149,1129.531105,1124.414664,2259.062210,2,5931846
89237138,2026-08-01T01:06:17.9693124,1129.521186,1128.826432,2259.042372,2,3959163
89409448,2026-08-01T23:02:57.7413421,1129.494707,1109.829721,2258.989413,2,2783792
89237654,2026-08-01T01:10:17.9424750,1129.461207,1121.345830,2258.922414,2,4058076
89270004,2026-08-01T05:26:00.5607876,1129.456805,1107.666446,2258.913609,2,4444067
89288197,2026-08-01T07:46:04.6854937,1129.423640,1094.742716,2258.847279,2,3530870
89360888,2026-08-01T16:54:43.4227624,1129.408178,1112.255675,2258.816355,2,4165066
89401549,2026-08-01T22:02:48.5616159,1129.399245,1115.807312,2258.798490,2,4887596
89316033,2026-08-01T11:14:06.7434061,1129.362099,1087.057245,2258.724198,2,4424045
89373775,2026-08-01T18:30:42.4151915,1129.358502,1124.464970,2258.717004,2,2309004
89238669,2026-08-01T01:18:18.0660203,1129.220886,1113.301187,2258.441773,2,3749284
89237139,2026-08-01T01:06:17.9719015,1129.218996,1121.896484,2258.437992,2,6699816
89403667,2026-08-01T22:18:48.6442995,1129.151373,1117.246247,2258.302747,2,3454560
89319772,2026-08-01T11:42:04.9646888,1129.148168,1095.396641,2258.296336,2,4495184
89233975,2026-08-01T00:42:18.0637167,1129.102542,1106.656659,2258.205083,2,5695636
89367786,2026-08-01T17:46:40.4335127,1129.097653,1117.321715,2258.195305,2,3585094
89286739,2026-08-01T07:34:00.5381834,1129.046133,1118.758031,2258.092267,2,4755739
89323917,2026-08-01T12:14:07.5399655,1128.954456,1079.935372,2257.908912,2,4423913
89322882,2026-08-01T12:06:04.6619073,1128.917929,1093.041091,2257.835858,2,3439390
89281374,2026-08-01T06:54:01.3286305,1128.867645,1094.395948,2257.735290,2,6662263
89241215,2026-08-01T01:41:30.8113239,1128.843574,1092.485976,2257.687149,2,3094227
89402609,2026-08-01T22:10:48.8213798,1128.786932,1114.218983,2257.573864,2,3416412
89401545,2026-08-01T22:02:48.5579450,1128.737606,1122.128091,2257.475212,2,3503126
89389450,2026-08-01T20:30:51.5779330,1128.687335,1105.014020,2257.374669,2,7521956
89323968,2026-08-01T12:14:07.6348244,1128.670369,1101.139396,2257.340738,2,3322789
89398395,2026-08-01T21:38:50.1771277,1128.660924,1110.710642,2257.321848,2,6638658
89239678,2026-08-01T01:26:18.3997942,1128.627943,1094.140891,2257.255886,2,4630101
89236104,2026-08-01T00:58:17.8449321,1128.514996,1123.606932,2257.029992,2,4625321
89268870,2026-08-01T05:18:00.3036689,1128.467245,1092.179973,2256.934491,2,7426412
89281825,2026-08-01T06:58:00.1216622,1128.464080,1106.907096,2256.928160,2,3451252
89385268,2026-08-01T19:58:49.4040236,1128.435906,1106.874014,2256.871813,2,4621850
89237128,2026-08-01T01:06:17.8873734,1128.350790,1074.852527,2256.701579,2,3702906
89358693,2026-08-01T16:38:41.7330343,1128.263261,1103.174980,2256.526522,2,4803550
89315585,2026-08-01T11:10:04.9653028,1128.220336,1093.057926,2256.440672,2,4342589
89382641,2026-08-01T19:38:43.7796284,1128.197789,1085.493705,2256.395578,2,2892601
89389344,2026-08-01T20:30:51.1049305,1128.187699,1107.604502,2256.375398,2,5933733
89382444,2026-08-01T19:38:42.9106952,1128.042609,1082.257758,2256.085219,2,5778829
89397865,2026-08-01T21:34:49.5503508,1128.005352,1121.967500,2256.010704,2,5816495
89235065,2026-08-01T00:50:17.9640246,1127.968831,1110.010517,2255.937662,2,5415211
89413122,2026-08-01T23:30:57.4493899,1127.957395,1097.613747,2255.914789,2,3414962
89254351,2026-08-01T03:26:00.1737849,1127.951865,1126.615684,2255.903730,2,5633303
89411493,2026-08-01T23:18:57.3786891,1127.923633,1107.470887,2255.847267,2,4206943
89399478,2026-08-01T21:46:48.2069033,1127.913529,1092.220153,2255.827057,2,4478594
89396803,2026-08-01T21:26:50.2252653,1127.886075,1121.621043,2255.772151,2,3718313
89372086,2026-08-01T18:18:43.4899586,1127.825342,1125.488046,2255.650683,2,4551025
89416320,2026-08-01T23:54:58.4467030,1127.736809,1086.401682,2255.473618,2,936407
89383716,2026-08-01T19:46:49.6631571,1127.734524,1086.648360,2255.469048,2,3195961
89280209,2026-08-01T06:46:00.2261881,1127.717813,1091.036423,2255.435626,2,4795803
89413100,2026-08-01T23:30:57.3856086,1127.706044,1111.276819,2255.412088,2,2365780
89351194,2026-08-01T15:42:35.3317508,1127.664984,1121.496717,2255.329968,2,4542785
89257446,2026-08-01T03:50:00.1115913,1127.659302,1121.580380,2255.318605,2,8622182
89236629,2026-08-01T01:02:17.7640884,1127.641613,1126.645435,2255.283226,2,7068293
89411002,2026-08-01T23:14:57.9532273,1127.601686,1103.614176,2255.203371,2,3253098
89405242,2026-08-01T22:30:48.3445269,1127.577479,1105.230365,2255.154957,2,3204479
89391550,2026-08-01T20:46:49.0140753,1127.554812,1115.229427,2255.109625,2,4452610
89397317,2026-08-01T21:30:48.7198335,1127.550105,1104.071633,2255.100210,2,6095447
89274090,2026-08-01T05:58:00.3066940,1127.495965,1124.696064,2254.991930,2,5468975
89327716,2026-08-01T12:42:04.7260697,1127.495185,1106.066794,2254.990371,2,2482446
89284558,2026-08-01T07:18:00.1297642,1127.417195,1085.135429,2254.834391,2,4559817
89322381,2026-08-01T12:02:04.5190443,1127.348007,1104.230836,2254.696013,2,3933581
89281907,2026-08-01T06:58:00.3134890,1127.303986,1104.214231,2254.607973,2,305684
89281902,2026-08-01T06:58:00.3122207,1127.279064,1100.452942,2254.558128,2,4584883
89310174,2026-08-01T10:30:05.8632782,1127.167033,1105.740904,2254.334065,2,7201827
89401013,2026-08-01T21:58:48.5397894,1127.085842,1102.765277,2254.171684,2,4107759
89341978,2026-08-01T14:30:04.9436341,1127.055223,1108.637683,2254.110447,2,5254447
89316589,2026-08-01T11:18:04.6149969,1126.992179,1084.658194,2253.984359,2,5887673
89266854,2026-08-01T05:02:00.2251186,1126.957345,1092.791133,2253.914690,2,2800860
89415757,2026-08-01T23:50:57.3448167,1126.929061,1080.599221,2253.858122,2,5947093
89233032,2026-08-01T00:34:18.1419035,1126.823480,1093.332764,2253.646960,2,5111129
89397859,2026-08-01T21:34:49.5344493,1126.808131,1120.780541,2253.616262,2,5311153
89402076,2026-08-01T22:06:49.2352847,1126.807850,1113.132792,2253.615701,2,3720273
89401014,2026-08-01T21:58:48.5411284,1126.802544,1113.381999,2253.605088,2,4643480
89364453,2026-08-01T17:22:40.0950649,1126.790524,1098.563002,2253.581048,2,1956968
89404731,2026-08-01T22:26:48.3190850,1126.771357,1112.836405,2253.542714,2,4872982
89285187,2026-08-01T07:22:00.8137512,1126.682695,1121.297163,2253.365390,2,2529714
89240753,2026-08-01T01:37:30.5693500,1126.506012,1102.312751,2253.012023,2,5814681
89407330,2026-08-01T22:46:57.6078868,1126.491514,1110.501153,2252.983027,2,5476408
89397316,2026-08-01T21:30:48.7171144,1126.490057,1103.351662,2252.980114,2,581105
89239739,2026-08-01T01:26:18.4738012,1126.484607,1116.241923,2252.969214,2,4629633
89391544,2026-08-01T20:46:48.9544621,1126.475350,1096.982412,2252.950699,2,4246670
89400503,2026-08-01T21:54:49.8060253,1126.472181,1126.118220,2252.944362,2,4238571
89401033,2026-08-01T21:58:48.5744419,1126.396939,1121.693428,2252.793878,2,3457972
89343541,2026-08-01T14:42:35.6314556,1126.268433,1101.163445,2252.536865,2,4460150
89229863,2026-08-01T00:10:17.9877171,1126.136127,1067.142201,2252.272253,2,4950415
89349631,2026-08-01T15:30:36.0154139,1126.083483,1122.430678,2252.166965,2,4740703
89334253,2026-08-01T13:34:07.0522589,1126.070899,1097.763260,2252.141799,2,4707861
89366014,2026-08-01T17:34:41.2738632,1126.047423,1074.134315,2252.094846,2,2314941
89405225,2026-08-01T22:30:48.3138893,1126.016819,1042.282059,2252.033638,2,4905249
89236635,2026-08-01T01:02:17.7693030,1126.003503,1125.714840,2252.007005,2,5788566
89240247,2026-08-01T01:33:56.2139210,1125.981756,1109.215994,2251.963513,2,3010237
89304804,2026-08-01T09:50:04.4388407,1125.955299,1099.602015,2251.910598,2,5342327
89383809,2026-08-01T19:46:49.9740898,1125.943223,1103.054392,2251.886447,2,4468681
89372696,2026-08-01T18:22:43.3315104,1125.918284,1122.063565,2251.836567,2,1250584
89393639,2026-08-01T21:02:48.5472971,1125.914993,1110.237385,2251.829987,2,4528709
89412591,2026-08-01T23:26:57.5739288,1125.914058,1104.152108,2251.828115,2,1334202
89409979,2026-08-01T23:06:57.4088441,1125.888340,1092.087138,2251.776681,2,3978718
89317409,2026-08-01T11:26:04.3796746,1125.821831,1120.352968,2251.643661,2,4169646
89394685,2026-08-01T21:10:51.3200861,1125.815915,1118.199556,2251.631830,2,5875407
89394097,2026-08-01T21:06:48.8516630,1125.736162,1106.887841,2251.472325,2,6504418
89237642,2026-08-01T01:10:17.9188216,1125.691080,1081.733976,2251.382160,2,4152153
89232452,2026-08-01T00:30:17.9440936,1125.667407,1094.417888,2251.334813,2,5301553
89283505,2026-08-01T07:10:00.3377145,1125.661701,1096.756528,2251.323402,2,3265485
89235578,2026-08-01T00:54:18.3551400,1125.614483,1122.283255,2251.228965,2,7058116
89241285,2026-08-01T01:41:30.9288972,1125.578224,1105.806233,2251.156448,2,787474
89235580,2026-08-01T00:54:18.3570852,1125.562201,1123.040120,2251.124402,2,7034677
89410466,2026-08-01T23:10:57.3221911,1125.544015,1046.808971,2251.088029,2,4357874
89360356,2026-08-01T16:50:39.9071704,1125.489199,1115.740641,2250.978397,2,4313020
89327686,2026-08-01T12:42:04.6597056,1125.430390,1090.909842,2250.860780,2,307796
89307503,2026-08-01T10:10:04.8772674,1125.401365,1095.325170,2250.802731,2,6914147
89387740,2026-08-01T20:18:50.2847745,1125.310489,1091.960039,2250.620977,2,5152409
89326640,2026-08-01T12:34:05.6454676,1125.309335,1092.694557,2250.618670,2,4916889
89392666,2026-08-01T20:54:51.5747855,1125.260057,1092.288993,2250.520114,2,3998789
89384247,2026-08-01T19:50:49.7690694,1125.148495,1122.916973,2250.296990,2,5940364
89287771,2026-08-01T07:42:04.6784820,1125.118248,1099.586071,2250.236497,2,4636342
89319189,2026-08-01T11:38:05.4756944,1125.083142,1072.615195,2250.166283,2,4587069
89236100,2026-08-01T00:58:17.8439138,1125.037232,1123.038488,2250.074465,2,7179857
89333186,2026-08-01T13:26:04.0697744,1125.024831,1120.077595,2250.049661,2,6226564
89385108,2026-08-01T19:58:48.8723907,1124.952314,1113.081820,2249.904628,2,2661458
89322883,2026-08-01T12:06:04.6629078,1124.927049,1096.945242,2249.854098,2,1206940
89238158,2026-08-01T01:14:17.9451863,1124.890263,1124.743199,2249.780527,2,5886697
89384685,2026-08-01T19:54:50.4289323,1124.875510,1093.836178,2249.751021,2,916785
89236628,2026-08-01T01:02:17.7642256,1124.810598,1124.026712,2249.621197,2,4373313
89280847,2026-08-01T06:50:00.1200818,1124.768839,1099.545493,2249.537678,2,3706482
89350120,2026-08-01T15:34:39.6101164,1124.745832,1113.384335,2249.491664,2,4387101
89236619,2026-08-01T01:02:17.7514250,1124.658734,1072.834465,2249.317469,2,3783768
89235590,2026-08-01T00:54:18.3676434,1124.525532,1117.300464,2249.051065,2,2783239
89237646,2026-08-01T01:10:17.9225160,1124.455092,1099.781687,2248.910184,2,2544891
89231450,2026-08-01T00:22:17.8801878,1124.208677,1089.788669,2248.417354,2,4607334
89398398,2026-08-01T21:38:50.1835291,1124.181779,1120.861444,2248.363558,2,6733456
89408408,2026-08-01T22:54:58.2298414,1124.153641,1100.889456,2248.307282,2,4379106
89269378,2026-08-01T05:22:00.5219404,1124.081633,1085.033598,2248.163266,2,4042978
89405689,2026-08-01T22:34:49.3510151,1124.065340,1096.348636,2248.130680,2,3283816
89275163,2026-08-01T06:06:00.5189224,1124.021232,1112.268681,2248.042464,2,4352439
89324473,2026-08-01T12:18:04.8135325,1123.949946,1088.211487,2247.899892,2,3823759
89409426,2026-08-01T23:02:57.6502001,1123.905843,1091.667949,2247.811686,2,5378046
89401552,2026-08-01T22:02:48.5660249,1123.859992,1121.043265,2247.719984,2,4919708
89403141,2026-08-01T22:14:49.4511272,1123.859817,1114.541015,2247.719635,2,5375996
89323474,2026-08-01T12:10:04.6729326,1123.814179,1100.363079,2247.628358,2,4584815
89412057,2026-08-01T23:22:58.0561277,1123.586688,1096.886336,2247.173377,2,5321643
89229874,2026-08-01T00:10:18.0006425,1123.573286,991.449735,2247.146573,2,6951416
89355013,2026-08-01T16:10:35.4209379,1123.562004,1096.472213,2247.124008,2,4927946
89324986,2026-08-01T12:22:04.6717263,1123.514815,1085.836659,2247.029629,2,6175813
89273495,2026-08-01T05:54:02.2687513,1123.484888,1081.969799,2246.969776,2,6007251
89332440,2026-08-01T13:18:04.9140826,1123.463490,1094.314560,2246.926980,2,2095245
89395735,2026-08-01T21:18:51.4429893,1123.445879,1103.332224,2246.891758,2,2876500
89313413,2026-08-01T10:54:08.5804136,1123.403684,1077.612678,2246.807369,2,7240379
89389099,2026-08-01T20:26:51.0736409,1123.357924,1111.581420,2246.715848,2,4152362
89235078,2026-08-01T00:50:17.9793500,1123.351341,1113.133276,2246.702683,2,4846621
89394692,2026-08-01T21:10:51.3421752,1123.309941,1118.828841,2246.619882,2,2636948
89382706,2026-08-01T19:38:44.0303957,1123.265241,1109.787251,2246.530483,2,6321378
89384880,2026-08-01T19:54:50.9734451,1123.265241,1105.729497,2246.530483,2,2845330
89408907,2026-08-01T22:58:57.3435139,1123.216277,1089.509648,2246.432554,2,4351234
89278200,2026-08-01T06:30:00.1524209,1123.195072,1098.017622,2246.390144,2,6336457
89282367,2026-08-01T07:02:00.1599916,1123.027355,1089.027772,2246.054710,2,4206386
89230437,2026-08-01T00:14:18.0416085,1122.972571,1120.492026,2245.945143,2,4540382
89400495,2026-08-01T21:54:49.7564145,1122.958355,1112.531257,2245.916710,2,4452041
89323433,2026-08-01T12:10:04.6271039,1122.940992,1093.419876,2245.881984,2,4296633
89274578,2026-08-01T06:02:00.3083808,1122.894805,1079.105595,2245.789611,2,8378017
89280842,2026-08-01T06:50:00.1147464,1122.869315,1103.357166,2245.738631,2,3396539
89411532,2026-08-01T23:18:57.5177067,1122.713593,1091.673749,2245.427185,2,7297501
89403680,2026-08-01T22:18:48.6576911,1122.705663,1102.756756,2245.411325,2,5308640
89403154,2026-08-01T22:14:49.5032957,1122.705295,1100.554534,2245.410590,2,3506568
89402602,2026-08-01T22:10:48.8081823,1122.705295,1095.118067,2245.410590,2,2492448
89398923,2026-08-01T21:42:48.1958252,1122.619682,1105.052548,2245.239365,2,5842329
89275587,2026-08-01T06:10:00.5575699,1122.558701,1083.738480,2245.117402,2,3306686
89281960,2026-08-01T06:58:00.3668137,1122.549884,1116.964534,2245.099768,2,5950634
89319704,2026-08-01T11:42:04.8457279,1122.506318,1064.610831,2245.012636,2,4156034
89231963,2026-08-01T00:26:17.9699559,1122.465952,1087.429772,2244.931904,2,2687708
89381391,2026-08-01T19:30:41.1092957,1122.434591,1082.139263,2244.869181,2,5210369
89407326,2026-08-01T22:46:57.5620049,1122.428485,1096.584516,2244.856969,2,3803514
89403133,2026-08-01T22:14:49.4269553,1122.425300,1099.210511,2244.850601,2,1967774
89403137,2026-08-01T22:14:49.4426535,1122.374537,1113.537599,2244.749074,2,6520345
89268432,2026-08-01T05:14:01.1815424,1122.357153,1115.425569,2244.714306,2,2927634
89325048,2026-08-01T12:22:04.7976501,1122.257673,1118.132801,2244.515346,2,5032680
89259171,2026-08-01T04:02:00.5340833,1122.253358,1111.068387,2244.506717,2,3350286
89409955,2026-08-01T23:06:57.3263613,1122.227240,1100.653523,2244.454480,2,6107613
89268923,2026-08-01T05:18:00.3624482,1122.151686,1106.585317,2244.303372,2,8121924
89406817,2026-08-01T22:42:57.4092560,1122.143627,1120.757206,2244.287254,2,5695302
89402086,2026-08-01T22:06:49.2484341,1121.982561,1104.764917,2243.965122,2,3605290
89385328,2026-08-01T19:58:49.5808146,1121.969944,1108.267786,2243.939888,2,6221626
89238163,2026-08-01T01:14:17.9441888,1121.935117,1100.457176,2243.870235,2,5427472
89272541,2026-08-01T05:46:00.6482037,1121.908445,1071.921116,2243.816890,2,3812008
89386664,2026-08-01T20:10:50.5561035,1121.874616,1100.201491,2243.749232,2,3315051
89230438,2026-08-01T00:14:18.0427599,1121.800166,1120.840772,2243.600331,2,8291319
89401551,2026-08-01T22:02:48.5618389,1121.702867,1115.064409,2243.405734,2,3407573
89282972,2026-08-01T07:06:00.2557702,1121.602650,1084.739271,2243.205300,2,3994363
89415237,2026-08-01T23:46:57.5467340,1121.593588,1087.174870,2243.187175,2,5169785
89398921,2026-08-01T21:42:48.1288554,1121.555121,1101.210225,2243.110242,2,4405016
89407871,2026-08-01T22:50:57.2124332,1121.462187,1106.962981,2242.924374,2,3452257
89316924,2026-08-01T11:22:04.6066848,1121.385600,1093.757237,2242.771200,2,5365558
89303670,2026-08-01T09:42:04.2762382,1121.301186,1086.648004,2242.602372,2,5506286
89407331,2026-08-01T22:46:57.6075982,1121.236375,1110.668291,2242.472750,2,1835674
89239173,2026-08-01T01:22:17.7594508,1121.226560,1080.546644,2242.453120,2,4824686
89399952,2026-08-01T21:50:48.2248606,1121.198080,1118.710059,2242.396160,2,4056393
89400516,2026-08-01T21:54:49.8372634,1121.190806,1092.940555,2242.381612,2,4735954
89396793,2026-08-01T21:26:50.1802273,1121.149268,1096.828920,2242.298536,2,7216123
89232449,2026-08-01T00:30:17.9480933,1121.121982,1092.837158,2242.243963,2,3817744
89386942,2026-08-01T20:10:51.6221434,1121.065397,1116.495726,2242.130793,2,5939053
89274001,2026-08-01T05:58:00.1610372,1120.940021,1078.444235,2241.880041,2,6555554
89394686,2026-08-01T21:10:51.3246438,1120.925196,1117.942721,2241.850392,2,2465502
89269996,2026-08-01T05:26:00.5535248,1120.889983,1097.464693,2241.779966,2,4118452
89359353,2026-08-01T16:42:41.1251175,1120.852560,1088.911237,2241.705120,2,5078166
89284580,2026-08-01T07:18:00.1522670,1120.826557,1098.462583,2241.653113,2,2884897
89399359,2026-08-01T21:46:48.0302502,1120.758494,1108.024469,2241.516987,2,8158201
89401005,2026-08-01T21:58:48.5329490,1120.725666,1075.342171,2241.451333,2,2330309
89231455,2026-08-01T00:22:17.8873500,1120.722798,1114.279998,2241.445597,2,5292146
89358215,2026-08-01T16:34:37.7127370,1120.714676,1084.823653,2241.429353,2,6095305
89324967,2026-08-01T12:22:04.6481710,1120.681044,1065.531237,2241.362088,2,3553657
89388931,2026-08-01T20:26:50.4536063,1120.643119,1101.092302,2241.286238,2,4266338
89411004,2026-08-01T23:14:57.9532275,1120.550212,1089.778406,2241.100423,2,3519111
89320851,2026-08-01T11:50:04.7579529,1120.549751,1091.698551,2241.099502,2,3303051
89405247,2026-08-01T22:30:48.3544316,1120.490586,1099.848697,2240.981173,2,4776545
89404193,2026-08-01T22:22:49.9603681,1120.431562,1111.826065,2240.863124,2,5296421
89401557,2026-08-01T22:02:48.5761626,1120.406960,1120.362727,2240.813921,2,5331410
89346943,2026-08-01T15:10:34.3472184,1120.300751,1090.594014,2240.601502,2,4394489
89393114,2026-08-01T20:58:50.2041513,1120.289739,1119.623438,2240.579477,2,2303481
89392591,2026-08-01T20:54:51.3086743,1120.289739,1114.955005,2240.579477,2,5392726
89291915,2026-08-01T08:14:06.7051955,1120.287874,1089.197022,2240.575748,2,4430376
89410476,2026-08-01T23:10:57.3358406,1120.282657,1083.471768,2240.565314,2,4127194
89398918,2026-08-01T21:42:48.1259359,1120.210485,1088.812758,2240.420970,2,4963223
89236111,2026-08-01T00:58:17.8503720,1120.169476,1112.902898,2240.338952,2,5407695
89320303,2026-08-01T11:46:04.6350079,1120.164551,1108.109205,2240.329103,2,10207688
89388298,2026-08-01T20:22:51.0180994,1120.150042,1099.521305,2240.300084,2,7012789
89228859,2026-08-01T00:02:17.8376918,1120.141575,1119.300804,2240.283149,2,5843300
89385838,2026-08-01T20:02:52.1089519,1120.100081,1102.577621,2240.200161,2,6063660
89415245,2026-08-01T23:46:57.5585387,1119.958881,1108.642593,2239.917762,2,4629396
89388955,2026-08-01T20:26:50.5306940,1119.931190,1117.594982,2239.862380,2,3016939
89342499,2026-08-01T14:34:42.6396297,1119.922182,1090.367445,2239.844363,2,4867780
89395738,2026-08-01T21:18:51.4458005,1119.904123,1102.937794,2239.808246,2,784435
89359821,2026-08-01T16:46:45.4272484,1119.811420,1096.166548,2239.622839,2,2610739
89415244,2026-08-01T23:46:57.5585733,1119.805778,1114.133001,2239.611555,2,5641793
89409452,2026-08-01T23:02:57.7551525,1119.712286,1102.914785,2239.424573,2,3257216
89231988,2026-08-01T00:26:17.9927185,1119.673315,1106.825345,2239.346630,2,6821304
89386420,2026-08-01T20:06:49.0117226,1119.651035,1118.317495,2239.302071,2,5575930
89358748,2026-08-01T16:38:41.8301244,1119.609968,1092.716737,2239.219936,2,6564448
89273490,2026-08-01T05:54:02.2633325,1119.537345,1064.980908,2239.074690,2,2939875
89236630,2026-08-01T01:02:17.7646491,1119.488010,1108.625730,2238.976020,2,1799241
89409956,2026-08-01T23:06:57.3293200,1119.461910,1094.122451,2238.923820,2,851056
89399964,2026-08-01T21:50:48.2508293,1119.445889,1088.786600,2238.891779,2,5817256
89304265,2026-08-01T09:46:04.5511858,1119.387223,1079.125476,2238.774447,2,4989536
89394162,2026-08-01T21:06:49.0660152,1119.351164,1098.594929,2238.702327,2,4321108
89231464,2026-08-01T00:22:17.9609138,1119.333149,1096.980425,2238.666298,2,3035266
89236622,2026-08-01T01:02:17.7550162,1119.310129,1082.820171,2238.620259,2,4093149
89324016,2026-08-01T12:14:07.7128787,1119.298736,1087.718449,2238.597472,2,3834551
89276118,2026-08-01T06:14:02.3804574,1119.281155,1075.847033,2238.562310,2,3820161
89321373,2026-08-01T11:54:07.5779367,1119.256739,1085.563434,2238.513477,2,3744242
89238737,2026-08-01T01:18:18.1545522,1119.250453,1113.409708,2238.500906,2,5767138
89408913,2026-08-01T22:58:57.3513170,1119.230672,1098.237003,2238.461344,2,6058227
89235072,2026-08-01T00:50:17.9734442,1119.211612,1111.223983,2238.423224,2,4012936
89317617,2026-08-01T11:26:04.7817976,1119.120168,1062.959310,2238.240336,2,5215523
89258661,2026-08-01T03:58:00.8500739,1119.109964,1106.030035,2238.219927,2,5888327
89354424,2026-08-01T16:06:35.7575024,1119.099827,1102.724661,2238.199654,2,6849629
89276116,2026-08-01T06:14:02.3770604,1119.092373,1067.687412,2238.184746,2,3829024
89228854,2026-08-01T00:02:17.8187679,1119.089519,1114.717736,2238.179037,2,5172306
89405266,2026-08-01T22:30:48.4072933,1118.984387,1103.595768,2237.968774,2,5166160
89401548,2026-08-01T22:02:48.5604626,1118.978122,1089.011194,2237.956244,2,2239167
89290549,2026-08-01T08:02:04.9691875,1118.966865,1067.121550,2237.933729,2,3850362
89415798,2026-08-01T23:50:57.4361061,1118.923484,1072.095143,2237.846969,2,5400288
89236652,2026-08-01T01:02:17.7886558,1118.923307,1109.120758,2237.846614,2,3152147
89349096,2026-08-01T15:26:35.9576435,1118.868384,1092.133795,2237.736768,2,6416612
89401568,2026-08-01T22:02:48.6108481,1118.864859,1096.594867,2237.729719,2,6807926
89363580,2026-08-01T17:14:41.6635255,1118.852859,1111.920615,2237.705719,2,4406624
89285042,2026-08-01T07:22:00.5677079,1118.792392,1072.373521,2237.584784,2,4001803
89368705,2026-08-01T17:54:43.3454083,1118.789349,1075.488191,2237.578698,2,6324940
89273027,2026-08-01T05:50:00.2969794,1118.723521,1092.469115,2237.447042,2,5833369
89408386,2026-08-01T22:54:58.1558432,1118.709401,1095.954989,2237.418802,2,5162763
89236136,2026-08-01T00:58:17.8787436,1118.687104,1106.117694,2237.374208,2,7044605
89236625,2026-08-01T01:02:17.7612917,1118.655373,1099.184208,2237.310746,2,2707084
89412056,2026-08-01T23:22:58.0530288,1118.630575,1079.783807,2237.261149,2,4461741
89394166,2026-08-01T21:06:49.0726144,1118.625455,1108.666957,2237.250910,2,2991463
89385840,2026-08-01T20:02:52.1132736,1118.620473,1106.635807,2237.240947,2,2817075
89266315,2026-08-01T04:58:00.3638499,1118.601393,1089.670246,2237.202786,2,4610031
89234631,2026-08-01T00:46:18.9480578,1118.527356,1106.279048,2237.054711,2,4722274
89391036,2026-08-01T20:42:49.1431877,1118.509249,1114.863620,2237.018498,2,785024
89389994,2026-08-01T20:34:51.8512830,1118.495495,1112.368923,2236.990991,2,5892926
89394682,2026-08-01T21:10:51.3114713,1118.434060,1095.621373,2236.868121,2,4616919
89406299,2026-08-01T22:38:57.4344526,1118.412325,1102.031142,2236.824650,2,7622400
89415768,2026-08-01T23:50:57.3648722,1118.378134,1112.904667,2236.756268,2,541871
89396212,2026-08-01T21:22:48.2785808,1118.374848,1089.526287,2236.749696,2,3736956
89233009,2026-08-01T00:34:18.0925331,1118.361942,1107.349777,2236.723883,2,6883177
89300093,2026-08-01T09:14:09.0232426,1118.355999,1105.456117,2236.711998,2,7620502
89391018,2026-08-01T20:42:49.1140548,1118.295585,1089.087012,2236.591170,2,2338945
89385635,2026-08-01T20:02:51.2428283,1118.279669,1090.089436,2236.559337,2,6435707
89393643,2026-08-01T21:02:48.5525229,1118.244191,1106.146791,2236.488382,2,2619328
89399392,2026-08-01T21:46:48.0578703,1118.234335,1097.003754,2236.468670,2,5644742
89235071,2026-08-01T00:50:17.9732251,1118.158179,1114.083489,2236.316358,2,3516877
89322945,2026-08-01T12:06:04.7710624,1118.147485,1089.649125,2236.294971,2,6595687
89304724,2026-08-01T09:50:04.3259646,1118.143362,1109.978029,2236.286724,2,6877446
89395740,2026-08-01T21:18:51.4463771,1118.135671,1109.895699,2236.271341,2,7184650
89236105,2026-08-01T00:58:17.8448365,1118.094930,1113.433253,2236.189860,2,5378837
89395218,2026-08-01T21:14:49.9757312,1118.071139,1113.455437,2236.142278,2,3699134
89398945,2026-08-01T21:42:48.2324782,1117.990536,1088.710998,2235.981072,2,7111775
89386819,2026-08-01T20:10:51.2540121,1117.969085,1085.802587,2235.938171,2,5850855
89400485,2026-08-01T21:54:49.7366069,1117.825870,1116.884439,2235.651741,2,4774418
89274075,2026-08-01T05:58:00.2886537,1117.771041,1101.755796,2235.542082,2,6060732
89289461,2026-08-01T07:54:06.5411853,1117.562694,1078.449394,2235.125389,2,1533042
89399967,2026-08-01T21:50:48.2599602,1117.527240,1091.793956,2235.054481,2,6705962
89399993,2026-08-01T21:50:48.3373657,1117.527050,1096.657346,2235.054100,2,6701612
89398406,2026-08-01T21:38:50.2196437,1117.522251,1114.052214,2235.044502,2,5838678
89413123,2026-08-01T23:30:57.4549607,1117.384661,1096.837072,2234.769322,2,4250163
89282364,2026-08-01T07:02:00.1584311,1117.353114,1072.408799,2234.706228,2,3089819
89356016,2026-08-01T16:18:34.9561905,1117.345091,1110.743755,2234.690181,2,4380316
89413652,2026-08-01T23:34:59.7320376,1117.302705,1095.879802,2234.605410,2,4167524
89285627,2026-08-01T07:26:00.6535071,1117.189364,1069.279508,2234.378728,2,4636676
89234590,2026-08-01T00:46:18.8698855,1117.159283,1095.803080,2234.318566,2,6097982
89278841,2026-08-01T06:34:01.1136450,1117.130969,1114.144297,2234.261939,2,5851711
89288657,2026-08-01T07:50:04.5620190,1117.125836,1104.154208,2234.251673,2,5735401
89393649,2026-08-01T21:02:48.5652777,1117.122161,1099.836840,2234.244322,2,3922321
89389976,2026-08-01T20:34:51.7695775,1117.063645,1116.492728,2234.127289,2,4783564
89367081,2026-08-01T17:42:40.4071614,1117.046513,1090.542030,2234.093026,2,3340169
89303624,2026-08-01T09:42:04.2225304,1117.038832,1070.059445,2234.077664,2,3537385
89397322,2026-08-01T21:30:48.7280264,1116.998532,1096.766832,2233.997065,2,4256811
89386969,2026-08-01T20:10:51.6664099,1116.948565,1113.780864,2233.897131,2,4408102
89354652,2026-08-01T16:06:36.2402555,1116.860579,1086.687198,2233.721159,2,2174571
89325073,2026-08-01T12:22:04.8688881,1116.857266,1094.571792,2233.714532,2,5698257
89402603,2026-08-01T22:10:48.8140446,1116.837950,1098.489995,2233.675900,2,696400
89396277,2026-08-01T21:22:48.4467863,1116.821150,1111.862533,2233.642301,2,3535163
89236634,2026-08-01T01:02:17.7679602,1116.785408,1091.231749,2233.570815,2,4920912
89388994,2026-08-01T20:26:50.6739500,1116.762862,1110.938892,2233.525724,2,5460212
89287248,2026-08-01T07:38:04.6537843,1116.746163,1072.992615,2233.492327,2,1918886
89240210,2026-08-01T01:33:56.0461660,1116.656508,1062.975990,2233.313017,2,6316111
89272072,2026-08-01T05:42:00.5063934,1116.645853,1096.248339,2233.291705,2,6736318
89408911,2026-08-01T22:58:57.3492499,1116.606335,1088.041850,2233.212670,2,5579157
89280888,2026-08-01T06:50:00.1653499,1116.605681,1103.314913,2233.211363,2,3235057
89274061,2026-08-01T05:58:00.2089007,1116.563523,1078.551066,2233.127046,2,7007935
89413115,2026-08-01T23:30:57.4288304,1116.530135,1093.021275,2233.060271,2,5030780
89274580,2026-08-01T06:02:00.3106129,1116.510108,1084.258137,2233.020215,2,7460220
89404081,2026-08-01T22:22:49.7138771,1116.491394,1103.276137,2232.982789,2,4059608
89394625,2026-08-01T21:10:51.1282074,1116.348207,1095.575466,2232.696414,2,5363753
89385952,2026-08-01T20:02:52.4432899,1116.319952,1113.027446,2232.639904,2,6236718
89233514,2026-08-01T00:38:17.8776178,1116.295366,1110.556400,2232.590732,2,6971008
89414186,2026-08-01T23:38:56.9167114,1116.282446,1103.718506,2232.564891,2,2880258
89402079,2026-08-01T22:06:49.2363825,1116.281758,1093.930468,2232.563515,2,5828957
89237649,2026-08-01T01:10:17.9397724,1116.280536,1083.886087,2232.561073,2,3832883
89235593,2026-08-01T00:54:18.3710087,1116.278120,1114.232375,2232.556240,2,5147491
89392072,2026-08-01T20:50:49.1234364,1116.213512,1102.192840,2232.427023,2,3433998
89275045,2026-08-01T06:06:00.2536830,1116.172625,1048.221254,2232.345249,2,3275009
89389932,2026-08-01T20:34:51.5530859,1116.151047,1093.617475,2232.302095,2,4370853
89406805,2026-08-01T22:42:57.3590431,1116.138453,1087.137387,2232.276906,2,3810774
89304106,2026-08-01T09:46:04.3178491,1115.997218,1113.020818,2231.994437,2,4625600
89397344,2026-08-01T21:30:48.7646486,1115.854300,1105.302049,2231.708600,2,5534420
89373146,2026-08-01T18:26:43.5592807,1115.813107,1097.124062,2231.626213,2,2608913
89400504,2026-08-01T21:54:49.8103745,1115.741100,1114.120444,2231.482199,2,6303946
89341152,2026-08-01T14:26:04.3285806,1115.722290,1104.434289,2231.444581,2,5680324
89233990,2026-08-01T00:42:18.1021471,1115.714433,1105.108821,2231.428865,2,6602258
89404728,2026-08-01T22:26:48.3131600,1115.711778,1101.178320,2231.423556,2,3619509
89285094,2026-08-01T07:22:00.6568689,1115.700867,1058.824262,2231.401733,2,4815170
89286150,2026-08-01T07:30:00.2570655,1115.692787,1107.704257,2231.385574,2,4265538
89392589,2026-08-01T20:54:51.2702313,1115.684271,1109.611593,2231.368543,2,5243565
89228850,2026-08-01T00:02:17.8191163,1115.662379,1104.858687,2231.324758,2,6826692
89363485,2026-08-01T17:14:41.5034777,1115.639176,1071.036301,2231.278353,2,3674923
89411533,2026-08-01T23:18:57.5199300,1115.610705,1084.699601,2231.221410,2,6883944
89379576,2026-08-01T19:14:46.4514231,1115.603187,1113.911779,2231.206374,2,3246166
89356621,2026-08-01T16:22:35.8592168,1115.586622,1075.317688,2231.173244,2,5858692
89393644,2026-08-01T21:02:48.5539539,1115.573372,1110.150327,2231.146743,2,4369222
89349046,2026-08-01T15:26:35.8247824,1115.487013,1090.332348,2230.974026,2,3877447
89364669,2026-08-01T17:22:40.1649705,1115.469049,1074.163984,2230.938099,2,4825023
89392064,2026-08-01T20:50:49.0856372,1115.450072,1096.344613,2230.900144,2,5361042
89394164,2026-08-01T21:06:49.0691500,1115.339943,1093.321193,2230.679885,2,3935556
89233511,2026-08-01T00:38:17.8755315,1115.313803,1101.013891,2230.627607,2,3597873
89385880,2026-08-01T20:02:52.2499945,1115.298861,1114.212624,2230.597721,2,6980301
89412059,2026-08-01T23:22:58.0559760,1115.293816,1078.748511,2230.587632,2,7449990
89231967,2026-08-01T00:26:17.9738166,1115.283670,1081.747562,2230.567340,2,4501039
89416309,2026-08-01T23:54:58.4301882,1115.257123,1106.072033,2230.514246,2,7805610
89407343,2026-08-01T22:46:57.6402319,1115.255729,1112.881257,2230.511457,2,6603082
89416842,2026-08-01T23:58:57.4289110,1115.251972,1088.700890,2230.503943,2,4472476
89275624,2026-08-01T06:10:00.6249030,1115.250813,1092.935986,2230.501626,2,8079720
89303014,2026-08-01T09:38:04.1879820,1115.230891,1082.887702,2230.461783,2,4782801
89396801,2026-08-01T21:26:50.2214272,1115.207328,1104.336347,2230.414656,2,5898664
89323936,2026-08-01T12:14:07.5610579,1115.201953,1067.739115,2230.403906,2,5444241
89409951,2026-08-01T23:06:57.3196689,1115.178502,1076.718213,2230.357004,2,3012115
89354979,2026-08-01T16:10:35.3211231,1115.162712,1105.463320,2230.325423,2,5086553
89405770,2026-08-01T22:34:49.7312635,1115.130782,1104.919312,2230.261563,2,4581599
89233001,2026-08-01T00:34:18.0842101,1115.121454,1073.483978,2230.242909,2,4386159
89401009,2026-08-01T21:58:48.5370805,1115.089132,1083.395261,2230.178264,2,4353699
89396275,2026-08-01T21:22:48.4422811,1115.054085,1104.055760,2230.108171,2,3024578
89391561,2026-08-01T20:46:49.0319449,1115.008777,1106.365504,2230.017553,2,3595486
89291097,2026-08-01T08:06:05.0523080,1114.932967,1065.530580,2229.865933,2,3524187
89276750,2026-08-01T06:18:00.3591189,1114.889138,1106.687997,2229.778276,2,5773941
89404201,2026-08-01T22:22:49.9873338,1114.883678,1103.677929,2229.767357,2,4167063
89348558,2026-08-01T15:22:36.5351010,1114.879920,1097.394240,2229.759840,2,5994674
89404188,2026-08-01T22:22:49.9538564,1114.779697,1098.455260,2229.559394,2,7024176
89353861,2026-08-01T16:02:36.5634821,1114.756903,1107.576235,2229.513806,2,4561807
89395805,2026-08-01T21:18:51.6301113,1114.753496,1082.358703,2229.506991,2,3420118
89382941,2026-08-01T19:42:48.3070677,1114.749377,1104.629379,2229.498753,2,6004387
89279783,2026-08-01T06:42:00.1728731,1114.691725,1061.247077,2229.383451,2,2296121
89229400,2026-08-01T00:06:18.1419828,1114.627889,1105.643425,2229.255777,2,5526650
89257460,2026-08-01T03:50:00.1236950,1114.611707,1099.785732,2229.223415,2,7162387
89230432,2026-08-01T00:14:18.0103032,1114.611277,1110.380643,2229.222553,2,6238779
89393186,2026-08-01T20:58:50.4073270,1114.581913,1092.920157,2229.163826,2,5421629
89231479,2026-08-01T00:22:17.9675751,1114.528857,1106.665316,2229.057715,2,5122148
89396279,2026-08-01T21:22:48.4530145,1114.523483,1099.327226,2229.046966,2,3726291
89317113,2026-08-01T11:22:04.9414378,1114.509086,1056.835256,2229.018172,2,5298876
89405253,2026-08-01T22:30:48.3648966,1114.508759,1106.825913,2229.017517,2,4172506
89416312,2026-08-01T23:54:58.4357178,1114.476530,1113.815263,2228.953061,2,3032321
89354372,2026-08-01T16:06:35.6319364,1114.468896,1112.334887,2228.937791,2,4210435
89407356,2026-08-01T22:46:57.6737688,1114.454322,1092.759525,2228.908644,2,3668988
89242082,2026-08-01T01:49:30.2296186,1114.447363,1095.711127,2228.894726,2,4892277
89316661,2026-08-01T11:18:04.7273573,1114.442469,1110.522475,2228.884937,2,5737537
89396283,2026-08-01T21:22:48.4576444,1114.362803,1102.127907,2228.725606,2,4005868
89404209,2026-08-01T22:22:50.1438296,1114.198613,1086.192908,2228.397226,2,3939695
89414723,2026-08-01T23:42:58.0688321,1114.179266,1105.863527,2228.358531,2,8532877
89410469,2026-08-01T23:10:57.3286169,1114.159663,1035.655948,2228.319327,2,2897970
89330341,2026-08-01T13:02:04.8478931,1114.076476,1102.908162,2228.152953,2,3199747
89415766,2026-08-01T23:50:57.3624687,1114.074213,1088.627056,2228.148425,2,1887071
89397372,2026-08-01T21:30:48.8380602,1114.017455,1073.657431,2228.034910,2,5838470
89364688,2026-08-01T17:22:40.5291092,1113.950723,1075.813212,2227.901447,2,5609352
89232480,2026-08-01T00:30:17.9607721,1113.945401,1102.788879,2227.890803,2,6330671
89404717,2026-08-01T22:26:48.2674012,1113.886268,1086.501141,2227.772537,2,3486127
89404181,2026-08-01T22:22:49.9416688,1113.880897,1094.288872,2227.761793,2,2947902
89233521,2026-08-01T00:38:17.8860414,1113.849968,1111.072984,2227.699936,2,5855262
89406819,2026-08-01T22:42:57.3635280,1113.823835,1103.382117,2227.647669,2,4604376
89232458,2026-08-01T00:30:17.9512768,1113.806906,1098.653409,2227.613811,2,2949272
89397850,2026-08-01T21:34:49.5139621,1113.799357,1083.565980,2227.598713,2,5238938
89331635,2026-08-01T13:14:06.0229931,1113.792654,1074.007833,2227.585308,2,6210707
89403162,2026-08-01T22:14:49.5220404,1113.790173,1080.659224,2227.580347,2,4974878
89355511,2026-08-01T16:14:38.0544783,1113.736937,1078.457671,2227.473874,2,6678715
89282003,2026-08-01T06:58:00.4507260,1113.712889,1110.961526,2227.425778,2,7051651
89394690,2026-08-01T21:10:51.3327156,1113.710226,1096.922153,2227.420452,2,3045752
89266747,2026-08-01T05:02:00.1053080,1113.683256,1102.247314,2227.366511,2,13743289
89403144,2026-08-01T22:14:49.4578604,1113.668348,1113.149840,2227.336696,2,6051829
89334266,2026-08-01T13:34:07.0755099,1113.644517,1108.986452,2227.289034,2,3925830
89245402,2026-08-01T02:13:31.3448970,1113.612739,1097.836815,2227.225477,2,6267751
89361332,2026-08-01T16:58:40.2338409,1113.575274,1072.135440,2227.150547,2,3639465
89402077,2026-08-01T22:06:49.2373727,1113.346373,1080.137698,2226.692746,2,4398753
89229388,2026-08-01T00:06:18.0957298,1113.339011,1096.143150,2226.678021,2,4775447
89314498,2026-08-01T11:02:04.7092119,1113.319709,1055.107460,2226.639419,2,1099881
89398914,2026-08-01T21:42:48.1206314,1113.297211,1070.670354,2226.594422,2,2855467
89275978,2026-08-01T06:14:02.2091538,1113.285650,1072.963229,2226.571299,2,3484261
89416843,2026-08-01T23:58:57.4283245,1113.284085,1089.509578,2226.568170,2,3668454
89350081,2026-08-01T15:34:39.4626173,1113.177706,1068.580232,2226.355413,2,6368937
89238978,2026-08-01T01:22:17.5091172,1113.160996,1095.369197,2226.321993,2,4648287
89405279,2026-08-01T22:30:48.4229649,1113.137159,1093.881213,2226.274319,2,3207623
89235576,2026-08-01T00:54:18.3487567,1113.136409,1085.968364,2226.272819,2,5252736
89233007,2026-08-01T00:34:18.0908189,1113.118855,1089.471244,2226.237711,2,7210605
89386439,2026-08-01T20:06:49.0718075,1113.011669,1109.739142,2226.023339,2,4259523
89409466,2026-08-01T23:02:57.7888671,1113.009718,1085.761572,2226.019436,2,2972973
89232455,2026-08-01T00:30:17.9515426,1112.932962,1108.835082,2225.865924,2,3198546
89234551,2026-08-01T00:46:18.8070473,1112.895893,1070.941471,2225.791786,2,9560564
89260565,2026-08-01T04:14:01.0312855,1112.894135,1104.410352,2225.788271,2,5905394
89325591,2026-08-01T12:26:04.5611630,1112.872024,1069.050845,2225.744048,2,4312742
89388472,2026-08-01T20:22:51.6803093,1112.864279,1103.568500,2225.728557,2,4524978
89413136,2026-08-01T23:30:57.4926665,1112.825132,1097.012689,2225.650264,2,5065894
89234561,2026-08-01T00:46:18.8327646,1112.824634,1105.568049,2225.649268,2,3335142
89357145,2026-08-01T16:26:34.8199041,1112.794509,1081.122525,2225.589018,2,4654221
89397868,2026-08-01T21:34:49.5569947,1112.744259,1108.828194,2225.488517,2,4497532
89303094,2026-08-01T09:38:04.3121759,1112.729492,1111.079946,2225.458983,2,6201687
89391562,2026-08-01T20:46:49.0344358,1112.713850,1110.641170,2225.427700,2,4586437
89405249,2026-08-01T22:30:48.3582258,1112.682237,1090.541775,2225.364474,2,6552413
89268366,2026-08-01T05:14:01.1052489,1112.618200,1050.821986,2225.236400,2,4641690
89278292,2026-08-01T06:30:00.2786821,1112.602972,1109.631119,2225.205944,2,4373959
89395745,2026-08-01T21:18:51.4524015,1112.596638,1094.125911,2225.193276,2,3055950
89231445,2026-08-01T00:22:17.8814830,1112.585886,1079.905875,2225.171772,2,3848390
89416742,2026-08-01T23:58:57.1524958,1112.525533,1055.324226,2225.051066,2,3385393
89361427,2026-08-01T16:58:40.3947562,1112.514361,1109.010968,2225.028722,2,3477094
89244329,2026-08-01T02:05:31.9104877,1112.470151,1045.158425,2224.940303,2,1947553
89396828,2026-08-01T21:26:50.2793310,1112.390755,1101.848620,2224.781511,2,5033002
89275064,2026-08-01T06:06:00.2761916,1112.343857,1081.679556,2224.687714,2,8177029
89310709,2026-08-01T10:34:05.7204921,1112.205394,1081.792783,2224.410788,2,6682625
89383818,2026-08-01T19:46:49.9809503,1112.117453,1075.215412,2224.234907,2,4050088
89236154,2026-08-01T00:58:17.8998251,1112.070627,1103.179328,2224.141254,2,4412173
89287780,2026-08-01T07:42:04.7102328,1112.043054,1107.568659,2224.086108,2,4300148
89321712,2026-08-01T11:58:04.6170072,1112.029798,1088.971424,2224.059596,2,3787420
89324550,2026-08-01T12:18:04.9284318,1112.029798,1094.247798,2224.059596,2,4048651
89406806,2026-08-01T22:42:57.3595050,1111.991560,1079.400661,2223.983119,2,5994089
89228858,2026-08-01T00:02:17.8187175,1111.976486,1062.230337,2223.952972,2,4985049
89396395,2026-08-01T21:22:48.7815000,1111.887754,1067.936885,2223.775508,2,3972348
89391045,2026-08-01T20:42:49.1642136,1111.885387,1110.610513,2223.770773,2,3053079
89413660,2026-08-01T23:34:59.7458927,1111.884993,1095.538520,2223.769985,2,6288150
89411540,2026-08-01T23:18:57.5316200,1111.883184,1092.736913,2223.766368,2,3527901
89233034,2026-08-01T00:34:18.1433000,1111.860613,1090.816278,2223.721225,2,729137
89391565,2026-08-01T20:46:49.0391443,1111.853461,1103.830781,2223.706922,2,2708829
89397886,2026-08-01T21:34:49.6191741,1111.839279,1087.202123,2223.678559,2,3984007
89391557,2026-08-01T20:46:49.0233967,1111.835995,1102.440946,2223.671991,2,5863434
89235083,2026-08-01T00:50:17.9862214,1111.785338,1109.516119,2223.570677,2,4925066
89316355,2026-08-01T11:18:04.2432446,1111.777101,1089.112525,2223.554203,2,7452555
89308479,2026-08-01T10:18:04.5341263,1111.737767,1101.302322,2223.475534,2,4862598
89233520,2026-08-01T00:38:17.8845278,1111.734942,1102.531475,2223.469884,2,2968961
89399396,2026-08-01T21:46:48.0620176,1111.668850,1088.891091,2223.337701,2,5899518
89405757,2026-08-01T22:34:49.7164285,1111.651282,1070.065249,2223.302564,2,3652325
89379500,2026-08-01T19:14:46.1469100,1111.633363,1109.221568,2223.266725,2,1859105
89386339,2026-08-01T20:06:48.7508110,1111.612400,1089.660446,2223.224801,2,5139306
89240205,2026-08-01T01:33:56.0339147,1111.595398,1057.130916,2223.190795,2,6664747
89402605,2026-08-01T22:10:48.8187766,1111.466655,1105.050912,2222.933311,2,6635244
89390519,2026-08-01T20:38:49.1239360,1111.460972,1098.305803,2222.921943,2,4356610
89279688,2026-08-01T06:42:00.0633942,1111.455726,1072.678648,2222.911452,2,4333494
89398393,2026-08-01T21:38:50.1710836,1111.414323,1079.243361,2222.828645,2,6516655
89409966,2026-08-01T23:06:57.3589914,1111.372387,1108.533266,2222.744773,2,6313219
89391552,2026-08-01T20:46:49.0162521,1111.352362,1095.800046,2222.704724,2,6403225
89413656,2026-08-01T23:34:59.7336186,1111.332085,1099.722304,2222.664171,2,3389578
89229393,2026-08-01T00:06:18.1015321,1111.329600,1105.925721,2222.659199,2,5658342
89281482,2026-08-01T06:54:01.6073126,1111.307002,1101.408951,2222.614004,2,6672982
89328531,2026-08-01T12:50:04.3455734,1111.238732,1073.052362,2222.477464,2,3518327
89231973,2026-08-01T00:26:17.9801943,1111.151766,1092.944456,2222.303532,2,3041663
89406297,2026-08-01T22:38:57.4329070,1111.115841,1097.834133,2222.231683,2,8281983
89402631,2026-08-01T22:10:48.8537574,1111.115367,1083.314040,2222.230735,2,4696309
89414720,2026-08-01T23:42:58.0626165,1111.056172,1095.099249,2222.112344,2,4979066
89394174,2026-08-01T21:06:49.0794711,1111.017422,1100.942686,2222.034844,2,4815889
89383261,2026-08-01T19:42:49.6271523,1111.010763,1078.667427,2222.021526,2,3450634
89364499,2026-08-01T17:22:40.2348528,1110.960306,1101.422848,2221.920612,2,6881181
89413133,2026-08-01T23:30:57.4867844,1110.899305,1089.806926,2221.798609,2,6021632
89288936,2026-08-01T07:50:04.9376555,1110.882981,1108.432766,2221.765962,2,5180417
89234636,2026-08-01T00:46:18.9411376,1110.842630,1107.482368,2221.685261,2,2318575
89393129,2026-08-01T20:58:50.2278679,1110.797530,1110.382952,2221.595060,2,6052848
89407875,2026-08-01T22:50:57.2197485,1110.763477,1094.284506,2221.526955,2,6877354
89386762,2026-08-01T20:10:50.9582872,1110.756655,1085.942768,2221.513310,2,3470667
89388554,2026-08-01T20:22:51.9949042,1110.679034,1106.521912,2221.358069,2,5217503
89230447,2026-08-01T00:14:18.0505004,1110.673528,1101.597292,2221.347057,2,4304594
89398953,2026-08-01T21:42:48.2490407,1110.611084,1083.630224,2221.222167,2,3094485
89363642,2026-08-01T17:14:41.7651604,1110.528894,1099.394281,2221.057788,2,6932963
89393197,2026-08-01T20:58:50.4411296,1110.511459,1091.590716,2221.022918,2,3985672
89392647,2026-08-01T20:54:51.5012930,1110.511459,1095.603602,2221.022918,2,4249624
89416839,2026-08-01T23:58:57.4168384,1110.507560,1082.888244,2221.015120,2,8065500
89360825,2026-08-01T16:54:43.3194433,1110.458886,1072.747019,2220.917771,2,1137170
89328136,2026-08-01T12:46:04.8381864,1110.391742,1096.131393,2220.783485,2,3018565
89389535,2026-08-01T20:30:51.9197977,1110.374108,1102.226901,2220.748215,2,3127134
89389527,2026-08-01T20:30:51.8920190,1110.374108,1106.594842,2220.748215,2,2820229
89405771,2026-08-01T22:34:49.7552588,1110.364194,1103.424399,2220.728388,2,1536762
89395754,2026-08-01T21:18:51.5108725,1110.259418,1107.651846,2220.518836,2,4802664
89399408,2026-08-01T21:46:48.1160495,1110.187618,1097.090559,2220.375236,2,5998738
89404192,2026-08-01T22:22:49.9600148,1110.178209,1105.334128,2220.356417,2,5974132
89401550,2026-08-01T22:02:48.5623266,1110.161825,1085.191536,2220.323649,2,4241709
89275590,2026-08-01T06:10:00.5599758,1110.160718,1060.864721,2220.321436,2,3479612
89303729,2026-08-01T09:42:04.3637658,1110.146464,1052.406664,2220.292928,2,4352408
89236098,2026-08-01T00:58:17.8426009,1110.140705,1070.785332,2220.281410,2,6211073
89363047,2026-08-01T17:10:43.2136624,1110.088463,1099.838207,2220.176927,2,694919
89392594,2026-08-01T20:54:51.3173031,1110.049270,1097.800835,2220.098541,2,5815903
89386432,2026-08-01T20:06:49.0445310,1110.034791,1098.783047,2220.069582,2,3920697
89368385,2026-08-01T17:50:40.3105632,1110.006411,1078.806833,2220.012822,2,2898790
89404199,2026-08-01T22:22:49.9813063,1110.005498,1107.489368,2220.010997,2,5302053
89397352,2026-08-01T21:30:48.8048388,1110.004781,1083.355907,2220.009561,2,2854582
89354971,2026-08-01T16:10:35.2941069,1109.962414,1072.960927,2219.924827,2,4263729
89399435,2026-08-01T21:46:48.1289290,1109.954077,1097.002325,2219.908153,2,6045980
89407853,2026-08-01T22:50:57.1605717,1109.932080,1076.706062,2219.864160,2,6165035
89265813,2026-08-01T04:54:01.7133333,1109.890030,1064.314439,2219.780059,2,8237989
89359316,2026-08-01T16:42:41.0132612,1109.853121,1098.914246,2219.706242,2,7287420
89390591,2026-08-01T20:38:49.3570866,1109.766184,1099.117412,2219.532368,2,4499349
89277023,2026-08-01T06:22:00.0851618,1109.764053,1050.190260,2219.528107,2,5246592
89282971,2026-08-01T07:06:00.2548711,1109.668848,1068.467235,2219.337696,2,4920369
89371913,2026-08-01T18:18:42.3675110,1109.642176,1042.942434,2219.284351,2,4712137
89395212,2026-08-01T21:14:49.9649814,1109.636155,1082.100935,2219.272310,2,3342769
89308156,2026-08-01T10:14:06.0319342,1109.616058,1056.034034,2219.232116,2,3466671
89404625,2026-08-01T22:26:48.1199677,1109.609294,1107.723537,2219.218588,2,6085285
89401544,2026-08-01T22:02:48.5540039,1109.571055,1083.585821,2219.142109,2,5387686
89412599,2026-08-01T23:26:57.6112049,1109.494244,1085.016719,2218.988488,2,2771424
89391558,2026-08-01T20:46:49.0261933,1109.477604,1092.893688,2218.955207,2,6204351
89402601,2026-08-01T22:10:48.7668312,1109.472550,1085.804570,2218.945100,2,5782322
89395210,2026-08-01T21:14:49.9584986,1109.458103,1069.995096,2218.916207,2,4447363
89387501,2026-08-01T20:14:52.0210681,1109.449657,1103.631169,2218.899313,2,4563215
89391025,2026-08-01T20:42:49.1245362,1109.430660,1083.209733,2218.861320,2,5073193
89408919,2026-08-01T22:58:57.3650567,1109.394932,1088.389446,2218.789863,2,5582614
89377666,2026-08-01T19:02:41.4360896,1109.379795,1093.107523,2218.759591,2,6288731
89277035,2026-08-01T06:22:00.0889258,1109.348383,1064.220266,2218.696765,2,5474764
89315007,2026-08-01T11:06:05.1189667,1109.320314,1053.827247,2218.640627,2,5686494
89335930,2026-08-01T13:46:04.6438927,1109.315193,1082.140799,2218.630386,2,3635790
89304744,2026-08-01T09:50:04.3469838,1109.312915,1088.353265,2218.625830,2,4332771
89254861,2026-08-01T03:30:00.2098225,1109.294295,1088.760542,2218.588590,2,6874355
89300651,2026-08-01T09:18:08.3448335,1109.288667,1105.473654,2218.577333,2,4504586
89364179,2026-08-01T17:18:43.0498208,1109.263956,1095.747336,2218.527913,2,4588979
89392075,2026-08-01T20:50:49.1327806,1109.247686,1097.930786,2218.495372,2,5249076
89403139,2026-08-01T22:14:49.4463105,1109.178985,1092.558159,2218.357971,2,4854466
89407328,2026-08-01T22:46:57.5658412,1109.147824,1078.503950,2218.295648,2,4036488
89229924,2026-08-01T00:10:18.0776088,1109.136890,1089.441273,2218.273780,2,5801581
89237142,2026-08-01T01:06:17.9735522,1109.097124,1098.109446,2218.194249,2,6469997
89395213,2026-08-01T21:14:49.9662264,1109.090239,1086.871261,2218.180478,2,8443791
89407362,2026-08-01T22:46:57.7098386,1109.089623,1078.822309,2218.179247,2,6011173
89353417,2026-08-01T15:58:35.0698487,1109.076608,1087.476245,2218.153216,2,3528951
89384305,2026-08-01T19:50:49.9596320,1109.069452,1065.854450,2218.138905,2,4306943
89307952,2026-08-01T10:14:05.7472042,1109.068102,1103.212031,2218.136204,2,6902927
89416299,2026-08-01T23:54:58.4147856,1109.063879,1075.735267,2218.127759,2,4527886
89398420,2026-08-01T21:38:50.2547220,1109.051583,1102.002353,2218.103166,2,2869530
89239674,2026-08-01T01:26:18.3966186,1108.963733,1054.187892,2217.927465,2,5302081
89395683,2026-08-01T21:18:51.3162284,1108.962515,1084.157150,2217.925030,2,7249684
89399965,2026-08-01T21:50:48.2555860,1108.959971,1077.456254,2217.919943,2,3611956
89343206,2026-08-01T14:42:34.8048905,1108.955699,1070.858029,2217.911399,2,7924487
89294012,2026-08-01T08:30:04.5570092,1108.912783,1087.767421,2217.825566,2,5001929
89388926,2026-08-01T20:26:50.4103400,1108.853156,1059.852947,2217.706311,2,1663492
89350701,2026-08-01T15:38:36.0074969,1108.787272,1061.291841,2217.574544,2,3095944
89289977,2026-08-01T07:58:04.9230748,1108.775872,1069.879753,2217.551744,2,4330524
89236191,2026-08-01T00:58:17.9557196,1108.734852,1099.134847,2217.469704,2,4852086
89352309,2026-08-01T15:50:36.4139307,1108.722512,1076.388985,2217.445025,2,3328975
89409954,2026-08-01T23:06:57.3270984,1108.706510,1074.291328,2217.413021,2,5075582
89408406,2026-08-01T22:54:58.2177050,1108.656230,1091.416270,2217.312460,2,3693195
89268424,2026-08-01T05:14:01.1727335,1108.580719,1049.455622,2217.161439,2,7562165
89230323,2026-08-01T00:14:17.8816233,1108.541441,1093.448538,2217.082881,2,3486299
89386301,2026-08-01T20:06:48.6191971,1108.538817,1071.420057,2217.077633,2,4879438
89231977,2026-08-01T00:26:17.9824855,1108.534913,1099.155460,2217.069826,2,6334103
89375343,2026-08-01T18:42:43.1467758,1108.527097,1079.121286,2217.054194,2,781628
89392780,2026-08-01T20:54:51.9572583,1108.525254,1092.045360,2217.050508,2,5746334
89366803,2026-08-01T17:38:41.4661419,1108.470287,1095.285254,2216.940575,2,7739911
89404723,2026-08-01T22:26:48.3047408,1108.452812,1079.730602,2216.905624,2,5450611
89235573,2026-08-01T00:54:18.3499462,1108.395395,1091.222570,2216.790790,2,7803040
89238459,2026-08-01T01:18:17.7486957,1108.387355,1099.457964,2216.774709,2,5276069
89415775,2026-08-01T23:50:57.3881553,1108.378656,1087.334217,2216.757312,2,4941279
89236110,2026-08-01T00:58:17.8490441,1108.373173,1100.127397,2216.746346,2,2884615
89411011,2026-08-01T23:14:57.9759127,1108.360185,1103.481947,2216.720371,2,3190979
89392590,2026-08-01T20:54:51.2693886,1108.347338,1087.526666,2216.694675,2,4640380
89378174,2026-08-01T19:06:42.6372647,1108.294355,1096.112323,2216.588710,2,5989862
89413630,2026-08-01T23:34:59.6358649,1108.293488,1106.089455,2216.586977,2,4816403
89378531,2026-08-01T19:06:44.4723433,1108.292203,1091.453907,2216.584406,2,4240419
89402081,2026-08-01T22:06:49.2457370,1108.281665,1084.368895,2216.563330,2,4979337
89392180,2026-08-01T20:50:49.4473805,1108.205560,1100.108587,2216.411119,2,5559699
89407339,2026-08-01T22:46:57.6285087,1108.195768,1103.832191,2216.391536,2,6285084
89229936,2026-08-01T00:10:18.0916129,1108.191493,1105.890969,2216.382987,2,6726994
89230943,2026-08-01T00:18:18.3578536,1108.180050,1097.654742,2216.360100,2,6937690
89403142,2026-08-01T22:14:49.4551193,1108.143379,1095.008652,2216.286758,2,2334411
89256846,2026-08-01T03:46:00.1447840,1108.131640,1077.366092,2216.263280,2,4679896
89406293,2026-08-01T22:38:57.4211310,1108.125892,1088.028364,2216.251784,2,5863510
89363548,2026-08-01T17:14:41.6172703,1108.063213,1073.080847,2216.126427,2,5307252
89414180,2026-08-01T23:38:56.9094526,1108.047460,1055.469966,2216.094919,2,5755308
89233989,2026-08-01T00:42:18.1013875,1107.978796,1081.376661,2215.957593,2,7240668
89341911,2026-08-01T14:30:04.8419585,1107.972122,1094.072122,2215.944243,2,6015770
89406292,2026-08-01T22:38:57.4169197,1107.938949,1086.600523,2215.877898,2,3866348
89371051,2026-08-01T18:10:42.5304320,1107.927502,1095.876661,2215.855005,2,7306474
89398432,2026-08-01T21:38:50.2724833,1107.899600,1092.395788,2215.799199,2,4826475
89390061,2026-08-01T20:34:52.1358122,1107.892837,1099.028710,2215.785674,2,3739742
89314524,2026-08-01T11:02:04.7447880,1107.857244,1100.236822,2215.714487,2,8628899
89400513,2026-08-01T21:54:49.8339449,1107.809531,1105.910597,2215.619063,2,5063087
89238195,2026-08-01T01:14:17.9825163,1107.808481,1086.259683,2215.616961,2,6314436
89391579,2026-08-01T20:46:49.1052209,1107.807406,1103.771284,2215.614811,2,6533012
89396268,2026-08-01T21:22:48.4309003,1107.769440,1073.312096,2215.538879,2,6630565
89396804,2026-08-01T21:26:50.2264518,1107.748017,1089.829655,2215.496034,2,4942054
89234552,2026-08-01T00:46:18.8071223,1107.725488,1088.113827,2215.450975,2,4232394
89357680,2026-08-01T16:30:36.2352348,1107.679484,1096.826812,2215.358967,2,4657365
89402606,2026-08-01T22:10:48.8190854,1107.676641,1088.486606,2215.353281,2,6928114
89276193,2026-08-01T06:14:02.5049094,1107.671914,1094.043706,2215.343829,2,4326287
89360902,2026-08-01T16:54:43.4384718,1107.667723,1102.035876,2215.335446,2,5225172
89251785,2026-08-01T03:05:30.0585337,1107.610071,1083.885754,2215.220141,2,6245224
89238153,2026-08-01T01:14:17.9127236,1107.605748,1071.191262,2215.211495,2,6452901
89392078,2026-08-01T20:50:49.1395030,1107.586272,1095.860119,2215.172543,2,2051210
89396811,2026-08-01T21:26:50.2394278,1107.583939,1107.229356,2215.167877,2,4164615
89230936,2026-08-01T00:18:18.3498156,1107.570124,1085.160285,2215.140248,2,3775509
89389554,2026-08-01T20:30:51.9983677,1107.561416,1103.372598,2215.122832,2,4688570
89408922,2026-08-01T22:58:57.3709941,1107.554747,1101.290900,2215.109493,2,7557530
89326416,2026-08-01T12:34:05.1364347,1107.550144,1083.819572,2215.100288,2,4731898
89238216,2026-08-01T01:14:18.0059024,1107.538716,1097.665844,2215.077431,2,2595382
89260231,2026-08-01T04:10:00.4657547,1107.487801,1069.814363,2214.975601,2,3256352
89372620,2026-08-01T18:22:43.0673887,1107.483727,1085.001199,2214.967453,2,3801970
89405250,2026-08-01T22:30:48.3631269,1107.418752,1076.820511,2214.837504,2,3514676
89409960,2026-08-01T23:06:57.3400794,1107.403579,1083.729742,2214.807157,2,4222473
89400489,2026-08-01T21:54:49.7428092,1107.381996,1075.082769,2214.763992,2,4523664
89291345,2026-08-01T08:10:04.5723640,1107.373157,1100.620201,2214.746313,2,5563661
89236108,2026-08-01T00:58:17.8460568,1107.341372,1094.222190,2214.682743,2,5009054
89353374,2026-08-01T15:58:34.9291489,1107.320533,1072.308672,2214.641066,2,4359590
89235565,2026-08-01T00:54:18.3449922,1107.286487,1031.172865,2214.572975,2,5783915
89351239,2026-08-01T15:42:35.4567718,1107.211113,1074.437932,2214.422225,2,4998329
89378188,2026-08-01T19:06:42.6712164,1107.200792,1098.138982,2214.401584,2,3868287
89393108,2026-08-01T20:58:50.1699392,1107.195859,1081.429153,2214.391719,2,4285075
89353325,2026-08-01T15:58:34.8199160,1107.177679,1075.844943,2214.355359,2,4638731
89234586,2026-08-01T00:46:18.8048370,1107.146583,1080.345674,2214.293165,2,7218719
89398412,2026-08-01T21:38:50.2331984,1107.071734,1098.352749,2214.143468,2,6658321
89398898,2026-08-01T21:42:48.0596019,1107.069003,1085.323959,2214.138006,2,5354769
89398935,2026-08-01T21:42:48.2127655,1106.994946,1100.624735,2213.989892,2,5504876
89237147,2026-08-01T01:06:17.9806922,1106.994177,1087.245571,2213.988355,2,5876272
89232520,2026-08-01T00:30:18.0460190,1106.993637,1098.252614,2213.987275,2,5395590
89395748,2026-08-01T21:18:51.4706040,1106.988619,1106.932637,2213.977239,2,5128985
89358219,2026-08-01T16:34:37.7258424,1106.951859,1088.104599,2213.903718,2,4590485
89233992,2026-08-01T00:42:18.1059624,1106.946617,1088.913220,2213.893234,2,3123241
89347964,2026-08-01T15:18:36.5673023,1106.943426,1055.421863,2213.886852,2,6843631
89232000,2026-08-01T00:26:18.0041539,1106.942648,1104.047293,2213.885297,2,3036294
89236633,2026-08-01T01:02:17.7671414,1106.914267,1086.264405,2213.828535,2,4394127
89280375,2026-08-01T06:46:00.5774268,1106.900934,1067.621356,2213.801869,2,3921059
89229938,2026-08-01T00:10:18.0943771,1106.860484,1095.573753,2213.720968,2,5441105
89236109,2026-08-01T00:58:17.8470632,1106.811196,1084.977294,2213.622392,2,6603391
89397870,2026-08-01T21:34:49.5534580,1106.792664,1098.830386,2213.585329,2,7671101
89316135,2026-08-01T11:14:06.9316795,1106.779905,1095.944354,2213.559810,2,5086052
89280192,2026-08-01T06:46:00.2109058,1106.777762,1043.322782,2213.555524,2,3540164
89394688,2026-08-01T21:10:51.3215351,1106.749191,1090.913037,2213.498381,2,4215283
89251544,2026-08-01T03:01:30.5734232,1106.735238,1066.090930,2213.470475,2,5115061
89352895,2026-08-01T15:54:37.3437552,1106.702582,1079.855907,2213.405164,2,3622719
89255392,2026-08-01T03:34:00.5699671,1106.689328,1076.039486,2213.378657,2,5469472
89398405,2026-08-01T21:38:50.2157102,1106.677550,1087.386665,2213.355100,2,4436594
89393113,2026-08-01T20:58:50.1759678,1106.673833,1096.589792,2213.347666,2,4542319
89391076,2026-08-01T20:42:49.2733452,1106.656627,1095.873201,2213.313253,2,4211838
89408928,2026-08-01T22:58:57.4063726,1106.608079,1101.614365,2213.216158,2,7108067
89310092,2026-08-01T10:30:05.7478964,1106.528221,1102.164530,2213.056441,2,4566601
89280713,2026-08-01T06:49:59.9309189,1106.503097,1058.825287,2213.006194,2,6068927
89393110,2026-08-01T20:58:50.1713344,1106.478525,1088.797545,2212.957051,2,2752816
89229931,2026-08-01T00:10:18.0864622,1106.472106,1092.051227,2212.944212,2,2917540
89302464,2026-08-01T09:34:06.9117309,1106.421379,1085.278075,2212.842759,2,1331865
89325842,2026-08-01T12:30:04.4106710,1106.400454,1094.433779,2212.800907,2,4533654
89402608,2026-08-01T22:10:48.8220408,1106.292135,1087.121242,2212.584270,2,5575071
89415792,2026-08-01T23:50:57.4297439,1106.238105,1079.295476,2212.476210,2,4827418
89286770,2026-08-01T07:34:00.8176730,1106.232936,1085.026536,2212.465872,2,6251809
89409456,2026-08-01T23:02:57.7690641,1106.175780,1096.161298,2212.351560,2,5534297
89408398,2026-08-01T22:54:58.1773613,1106.169169,1095.483636,2212.338338,2,4718839
89404205,2026-08-01T22:22:50.1224093,1106.101668,1092.367131,2212.203335,2,3945849
89399973,2026-08-01T21:50:48.2752529,1106.088944,1080.318889,2212.177888,2,5876075
89389965,2026-08-01T20:34:51.7206577,1106.069395,1089.527386,2212.138789,2,5402449
89403660,2026-08-01T22:18:48.6296587,1105.935600,1075.057233,2211.871200,2,4589288
89403132,2026-08-01T22:14:49.4289487,1105.916838,1082.983722,2211.833676,2,4204945
89228870,2026-08-01T00:02:17.8439843,1105.894359,1092.516223,2211.788718,2,7663657
89232484,2026-08-01T00:30:17.9695989,1105.878151,1099.292997,2211.756302,2,6471117
89401019,2026-08-01T21:58:48.5489639,1105.872226,1080.431998,2211.744453,2,5555492
89228852,2026-08-01T00:02:17.8182420,1105.862039,1073.166136,2211.724078,2,4325118
89400507,2026-08-01T21:54:49.8220746,1105.847332,1105.089194,2211.694665,2,4401921
89390534,2026-08-01T20:38:49.1613288,1105.841132,1094.568858,2211.682264,2,5219066
89389462,2026-08-01T20:30:51.6324511,1105.782643,1091.379269,2211.565287,2,6084853
89407860,2026-08-01T22:50:57.1721434,1105.779805,1083.713626,2211.559609,2,815623
89406816,2026-08-01T22:42:57.4086440,1105.742290,1096.406471,2211.484580,2,6387650
89365736,2026-08-01T17:30:40.6660000,1105.708299,1093.239460,2211.416598,2,5257371
89405246,2026-08-01T22:30:48.3507149,1105.652727,1084.439423,2211.305455,2,4726532
89232483,2026-08-01T00:30:17.9666467,1105.631781,1098.041804,2211.263563,2,2934328
89366553,2026-08-01T17:38:40.7259254,1105.598173,1018.735417,2211.196346,2,902107
89407365,2026-08-01T22:46:57.7186050,1105.565064,1088.772243,2211.130127,2,4844696
89393143,2026-08-01T20:58:50.2635290,1105.438451,1104.206211,2210.876901,2,4669283
89360375,2026-08-01T16:50:39.9314529,1105.401559,1094.767945,2210.803117,2,4450064
89397320,2026-08-01T21:30:48.7254125,1105.400701,1079.379087,2210.801402,2,8924889
89409970,2026-08-01T23:06:57.3686776,1105.310965,1105.188537,2210.621931,2,6821919
89416857,2026-08-01T23:58:57.4520642,1105.305532,1100.072705,2210.611064,2,2164194
89349638,2026-08-01T15:30:36.0389241,1105.305477,1096.714436,2210.610954,2,3354049
89380852,2026-08-01T19:26:41.1215851,1105.271888,1060.062576,2210.543776,2,5291342
89402087,2026-08-01T22:06:49.2494611,1105.268856,1089.079492,2210.537713,2,4481365
89366246,2026-08-01T17:34:42.1500213,1105.257638,1081.233461,2210.515276,2,4561053
89415255,2026-08-01T23:46:57.5671997,1105.158500,1089.289858,2210.317000,2,4467196
89234017,2026-08-01T00:42:18.1379958,1105.124238,1104.292702,2210.248477,2,5267294
89321673,2026-08-01T11:58:04.4759484,1105.076972,1054.159943,2210.153943,2,3070733
89415123,2026-08-01T23:46:57.2243147,1105.059972,1073.663096,2210.119945,2,2682265
89410647,2026-08-01T23:10:57.8208916,1105.039288,1051.925573,2210.078576,2,4377319
89234554,2026-08-01T00:46:18.8187290,1105.000605,1088.896569,2210.001210,2,5350898
89302781,2026-08-01T09:34:07.6432374,1104.978730,1094.228111,2209.957459,2,1691946
89391042,2026-08-01T20:42:49.1593293,1104.935366,1090.412695,2209.870733,2,4174444
89399083,2026-08-01T21:42:48.6066919,1104.927372,1061.865888,2209.854744,2,604237
89414717,2026-08-01T23:42:58.0496394,1104.916459,1057.347642,2209.832919,2,4724439
89279853,2026-08-01T06:42:00.2742544,1104.913933,1092.768216,2209.827865,2,5810452
89406850,2026-08-01T22:42:57.4612024,1104.913713,1073.006638,2209.827425,2,5026673
89317052,2026-08-01T11:22:04.8159033,1104.713052,1080.434068,2209.426103,2,1598384
89260015,2026-08-01T04:10:00.1481441,1104.676537,1101.250820,2209.353073,2,4860595
89237899,2026-08-01T01:14:17.5753182,1104.669624,1092.674287,2209.339248,2,1400512
89403148,2026-08-01T22:14:49.4631670,1104.613890,1099.699724,2209.227779,2,7513496
89393117,2026-08-01T20:58:50.2128502,1104.585638,1092.388927,2209.171277,2,6731566
89280216,2026-08-01T06:46:00.2250632,1104.562754,1061.404500,2209.125509,2,1037202
89395746,2026-08-01T21:18:51.4609038,1104.556311,1101.014010,2209.112622,2,5027468
89267951,2026-08-01T05:10:00.4670394,1104.533128,1049.910580,2209.066257,2,4745008
89407870,2026-08-01T22:50:57.2111544,1104.469942,1102.389153,2208.939884,2,2992614
89228879,2026-08-01T00:02:17.8533165,1104.461733,1073.945062,2208.923467,2,3899859
89404206,2026-08-01T22:22:50.1268115,1104.422555,1099.354026,2208.845109,2,6134081
89394161,2026-08-01T21:06:49.0610754,1104.392250,1072.974261,2208.784499,2,1590169
89391033,2026-08-01T20:42:49.1357623,1104.379013,1089.319484,2208.758027,2,7143151
89398950,2026-08-01T21:42:48.2490437,1104.363685,1081.439453,2208.727370,2,3998913
89386779,2026-08-01T20:10:51.0301191,1104.349865,1076.717248,2208.699729,2,3177262
89392110,2026-08-01T20:50:49.2551064,1104.300220,1099.638968,2208.600440,2,6545781
89347949,2026-08-01T15:18:36.5306530,1104.191100,1056.268446,2208.382200,2,5942362
89233527,2026-08-01T00:38:17.8919994,1104.181834,1096.626064,2208.363668,2,7767509
89238160,2026-08-01T01:14:17.9460049,1104.180958,1067.331730,2208.361916,2,7090050
89411015,2026-08-01T23:14:57.9836268,1104.156918,1099.553776,2208.313837,2,4824160
89236112,2026-08-01T00:58:17.8516762,1104.152483,1103.840395,2208.304966,2,5527381
89409451,2026-08-01T23:02:57.7502065,1104.118897,1103.656679,2208.237795,2,5468018
89399483,2026-08-01T21:46:48.2165089,1104.060980,1096.075435,2208.121961,2,4980687
89326849,2026-08-01T12:38:04.1656219,1104.044063,1047.148303,2208.088125,2,4291385
89315803,2026-08-01T11:14:06.3770239,1103.996104,1045.995227,2207.992207,2,4096528
89409498,2026-08-01T23:02:57.8824708,1103.899436,1064.173321,2207.798872,2,4876002
89276728,2026-08-01T06:18:00.3510685,1103.862415,1081.298732,2207.724830,2,4442722
89360362,2026-08-01T16:50:39.9153810,1103.810176,1099.922973,2207.620352,2,6994251
89232442,2026-08-01T00:30:17.9455763,1103.804872,1047.221089,2207.609745,2,3734005
89400509,2026-08-01T21:54:49.8219574,1103.802853,1095.400041,2207.605706,2,4940378
89231985,2026-08-01T00:26:17.9895024,1103.787039,1102.428480,2207.574078,2,5694747
89399403,2026-08-01T21:46:48.1109350,1103.782767,1088.867606,2207.565534,2,767685
89381119,2026-08-01T19:26:42.1203919,1103.781064,1041.547783,2207.562129,2,4621460
89410487,2026-08-01T23:10:57.3699882,1103.739916,1098.109825,2207.479832,2,4420825
89402088,2026-08-01T22:06:49.2506053,1103.736056,1092.161662,2207.472113,2,4534869
89286656,2026-08-01T07:34:00.5352908,1103.698187,1064.243132,2207.396374,2,5573727
89305336,2026-08-01T09:54:05.7226146,1103.668062,1051.178080,2207.336125,2,4463176
89408910,2026-08-01T22:58:57.3488831,1103.665609,1045.374110,2207.331217,2,3837042
89233602,2026-08-01T00:38:17.9945896,1103.639148,1080.025995,2207.278295,2,5781892
89236637,2026-08-01T01:02:17.7712128,1103.626710,1082.840060,2207.253421,2,3907182
89404237,2026-08-01T22:22:50.2128125,1103.595587,1076.062652,2207.191174,2,3257570
89397349,2026-08-01T21:30:48.7800016,1103.570203,1087.686104,2207.140405,2,4240191
89415739,2026-08-01T23:50:57.3096057,1103.565107,936.801230,2207.130213,2,4990818
89382738,2026-08-01T19:38:44.1320845,1103.516412,1096.230840,2207.032825,2,4610967
89393224,2026-08-01T20:58:50.5232136,1103.500077,1097.155623,2207.000154,2,7864057
89237143,2026-08-01T01:06:17.9742063,1103.497099,1074.657941,2206.994197,2,4919524
89394181,2026-08-01T21:06:49.1199252,1103.458721,1101.566497,2206.917442,2,4867710
89273536,2026-08-01T05:54:02.3205002,1103.456974,1055.756700,2206.913948,2,4975388
89364495,2026-08-01T17:22:40.2268410,1103.440712,1102.857392,2206.881424,2,4681197
89306335,2026-08-01T10:02:04.5101835,1103.412074,1100.328207,2206.824147,2,2038494
89400524,2026-08-01T21:54:49.8544653,1103.258434,1085.056283,2206.516869,2,6325550
89406319,2026-08-01T22:38:57.4748483,1103.257581,1086.314622,2206.515162,2,4724886
89355515,2026-08-01T16:14:38.0628830,1103.148320,1091.787403,2206.296641,2,3020344
89230954,2026-08-01T00:18:18.3678330,1103.089809,1094.777619,2206.179619,2,6153062
89366176,2026-08-01T17:34:41.9405005,1103.067685,1052.286379,2206.135370,2,5450210
89390510,2026-08-01T20:38:49.1100416,1103.058415,1090.904822,2206.116830,2,5090490
89294752,2026-08-01T08:34:06.1644435,1103.034766,1078.519541,2206.069533,2,6107173
89231469,2026-08-01T00:22:17.9614152,1102.991182,1094.945691,2205.982365,2,5842896
89391564,2026-08-01T20:46:49.0388594,1102.948435,1095.180075,2205.896870,2,4041849
89381190,2026-08-01T19:26:42.4111392,1102.911175,1038.205179,2205.822350,2,6005275
89276508,2026-08-01T06:18:00.0297662,1102.895748,1046.438257,2205.791496,2,4300284
89229398,2026-08-01T00:06:18.1403861,1102.880980,1092.728754,2205.761960,2,3529212
89384742,2026-08-01T19:54:50.6535294,1102.863049,1071.853415,2205.726098,2,3697205
89352945,2026-08-01T15:54:37.5200252,1102.850975,1049.938836,2205.701950,2,3672726
89276117,2026-08-01T06:14:02.3798078,1102.824935,1041.512382,2205.649869,2,4312963
89310623,2026-08-01T10:34:05.4173630,1102.777764,1096.851780,2205.555529,2,5875669
89314012,2026-08-01T10:58:05.0548586,1102.742184,1036.794515,2205.484369,2,4900012
89387981,2026-08-01T20:18:51.1827568,1102.731548,1094.125450,2205.463095,2,6556383
89280760,2026-08-01T06:50:00.0031492,1102.673391,1095.469114,2205.346783,2,6420096
89392604,2026-08-01T20:54:51.3474949,1102.657064,1100.479751,2205.314128,2,2887026
89390504,2026-08-01T20:38:49.0669528,1102.653507,1085.923076,2205.307013,2,1513546
89408923,2026-08-01T22:58:57.3736591,1102.622074,1093.359306,2205.244148,2,4324251
89404741,2026-08-01T22:26:48.3324718,1102.590821,1097.436514,2205.181641,2,3382812
89397878,2026-08-01T21:34:49.6075299,1102.587321,1093.025416,2205.174642,2,2533916
89388477,2026-08-01T20:22:51.6988932,1102.566405,1083.380097,2205.132810,2,7521442
89317689,2026-08-01T11:26:04.9052687,1102.560092,1091.668172,2205.120184,2,5385960
89398544,2026-08-01T21:38:50.5608297,1102.524581,1065.135335,2205.049162,2,2414134
89283511,2026-08-01T07:10:00.3415873,1102.505084,1048.537047,2205.010168,2,606883
89408855,2026-08-01T22:58:57.2257891,1102.480340,1095.351164,2204.960680,2,3205932
89324007,2026-08-01T12:14:07.6781374,1102.397770,1089.934563,2204.795540,2,9699121
89404737,2026-08-01T22:26:48.3299241,1102.339113,1095.518990,2204.678225,2,5341195
89228869,2026-08-01T00:02:17.8440472,1102.331049,1083.095065,2204.662098,2,4330074
89398926,2026-08-01T21:42:48.2083372,1102.304410,1077.611049,2204.608820,2,5949529
89288345,2026-08-01T07:46:04.8549347,1102.301370,1092.374838,2204.602741,2,8053053
89228880,2026-08-01T00:02:17.8558033,1102.275498,1083.238415,2204.550997,2,5157515
89284516,2026-08-01T07:18:00.0733235,1102.259236,1096.684560,2204.518472,2,6345589
89414742,2026-08-01T23:42:58.1524972,1102.190246,1071.881191,2204.380492,2,5090615
89393685,2026-08-01T21:02:48.7032218,1102.181219,1101.813725,2204.362437,2,4811990
89403672,2026-08-01T22:18:48.6493360,1102.149006,1086.007985,2204.298012,2,4923351
89401581,2026-08-01T22:02:48.6419188,1102.128819,1087.005515,2204.257639,2,3321787
89377454,2026-08-01T18:58:44.3520027,1102.102396,1099.476232,2204.204793,2,7517980
89396799,2026-08-01T21:26:50.2157364,1102.090913,1064.108539,2204.181826,2,5577596
89387219,2026-08-01T20:14:50.7171714,1102.085961,1053.453245,2204.171921,2,5408187
89300398,2026-08-01T09:18:07.9154807,1102.005420,1096.478012,2204.010840,2,5644940
89361885,2026-08-01T17:02:40.2518908,1101.993049,1055.133944,2203.986097,2,6870071
89394697,2026-08-01T21:10:51.3519399,1101.982755,1097.237278,2203.965510,2,5485561
89256087,2026-08-01T03:38:00.4112970,1101.977476,1096.477621,2203.954952,2,6964916
89405787,2026-08-01T22:34:49.8191358,1101.935999,1099.049526,2203.871997,2,7530602
89377478,2026-08-01T18:58:44.4177748,1101.921603,1084.907844,2203.843206,2,4964972
89409953,2026-08-01T23:06:57.3212881,1101.911582,1048.652566,2203.823165,2,7147039
89404196,2026-08-01T22:22:49.9740382,1101.889978,1099.033339,2203.779955,2,6380064
89405410,2026-08-01T22:30:48.7490344,1101.861010,1062.785860,2203.722021,2,2768314
89391037,2026-08-01T20:42:49.1471024,1101.820077,1088.576197,2203.640154,2,6525198
89408400,2026-08-01T22:54:58.2126898,1101.777230,1096.427109,2203.554460,2,5253714
89401558,2026-08-01T22:02:48.5777350,1101.770983,1098.430475,2203.541967,2,6086340
89229941,2026-08-01T00:10:18.0991220,1101.747137,1091.079548,2203.494274,2,6750846
89406834,2026-08-01T22:42:57.4289992,1101.701845,1087.339856,2203.403690,2,3747907
89393689,2026-08-01T21:02:48.7108385,1101.650283,1101.249059,2203.300565,2,6030131
89229923,2026-08-01T00:10:18.0754508,1101.649104,1078.246050,2203.298207,2,5495179
89231447,2026-08-01T00:22:17.8795247,1101.622537,1039.810872,2203.245074,2,2338003
89228873,2026-08-01T00:02:17.8492051,1101.611158,1078.377795,2203.222316,2,4391125
89313928,2026-08-01T10:58:04.9398580,1101.559650,1042.650147,2203.119299,2,4149718
89411026,2026-08-01T23:14:58.0061442,1101.547988,1099.054488,2203.095975,2,3595785
89412641,2026-08-01T23:26:57.7242075,1101.545821,1063.597355,2203.091641,2,5667142
89234472,2026-08-01T00:46:18.6809456,1101.439280,1091.167174,2202.878560,2,5509527
89282975,2026-08-01T07:06:00.2584763,1101.430669,1049.346863,2202.861339,2,4750497
89315573,2026-08-01T11:10:04.9498231,1101.419890,1099.022717,2202.839780,2,7144659
89261736,2026-08-01T04:22:00.4769762,1101.372236,1090.974504,2202.744473,2,7852002
89397871,2026-08-01T21:34:49.5535212,1101.369100,1070.091946,2202.738201,2,3546230
89317943,2026-08-01T11:30:04.4137316,1101.337507,1096.515724,2202.675014,2,4446274
89391041,2026-08-01T20:42:49.1552591,1101.318208,1082.139145,2202.636416,2,3874395
89297310,2026-08-01T08:54:08.5357980,1101.291189,1087.803120,2202.582378,2,4852008
89401030,2026-08-01T21:58:48.5703976,1101.281299,1093.364297,2202.562599,2,6401195
89392603,2026-08-01T20:54:51.3441301,1101.279634,1096.844935,2202.559268,2,6133210
89416854,2026-08-01T23:58:57.4438833,1101.258076,1084.614123,2202.516153,2,8815310
89394696,2026-08-01T21:10:51.3510977,1101.231653,1100.254652,2202.463307,2,4456557
89400527,2026-08-01T21:54:49.8618845,1101.205981,1083.781180,2202.411961,2,4113155
89302019,2026-08-01T09:30:04.2679861,1101.198112,1090.046255,2202.396224,2,6897751
89228868,2026-08-01T00:02:17.8439093,1101.143549,1083.321377,2202.287099,2,4170284
89263356,2026-08-01T04:34:02.5589428,1101.139488,1040.486766,2202.278977,2,5945562
89313412,2026-08-01T10:54:08.5787679,1101.116219,1026.925242,2202.232437,2,5134208
89399971,2026-08-01T21:50:48.2640306,1101.072338,1065.273942,2202.144675,2,6686658
89411552,2026-08-01T23:18:57.5550295,1101.044291,1096.918584,2202.088581,2,5396098
89279238,2026-08-01T06:38:00.2275268,1101.038534,1050.678064,2202.077068,2,5213195
89295302,2026-08-01T08:38:06.2166380,1101.038295,1083.776965,2202.076589,2,4871542
89363012,2026-08-01T17:10:43.1568123,1101.005690,1063.993204,2202.011381,2,5932905
89369541,2026-08-01T17:58:43.5191157,1100.981773,1088.902407,2201.963546,2,3366432
89349546,2026-08-01T15:30:35.7460284,1100.932124,1052.926861,2201.864248,2,3803378
89409434,2026-08-01T23:02:57.6801499,1100.869882,1049.547522,2201.739765,2,4022288
89360297,2026-08-01T16:50:39.8237983,1100.861058,1060.844689,2201.722115,2,5540710
89229934,2026-08-01T00:10:18.0896080,1100.780118,1093.429158,2201.560235,2,5438687
89235581,2026-08-01T00:54:18.3586606,1100.778482,1078.031391,2201.556964,2,3636553
89393112,2026-08-01T20:58:50.1742055,1100.756797,1075.408165,2201.513594,2,2601158
89404724,2026-08-01T22:26:48.3074261,1100.702828,1066.584084,2201.405656,2,6056939
89353045,2026-08-01T15:54:37.7547456,1100.656128,1046.972298,2201.312256,2,2448070
89282922,2026-08-01T07:06:00.1758739,1100.625223,1095.852785,2201.250446,2,6552961
89231454,2026-08-01T00:22:17.8885763,1100.612536,1075.901964,2201.225071,2,5797471
89398413,2026-08-01T21:38:50.2332754,1100.605287,1092.101292,2201.210574,2,5842542
89305275,2026-08-01T09:54:05.6342992,1100.602803,1080.782356,2201.205605,2,7998110
89260556,2026-08-01T04:14:01.0227106,1100.575701,1100.177217,2201.151403,2,5641608
89395224,2026-08-01T21:14:50.0183101,1100.433746,1092.340438,2200.867493,2,7117223
89324526,2026-08-01T12:18:04.8620104,1100.420349,1054.502779,2200.840698,2,2846115
89402109,2026-08-01T22:06:49.3170479,1100.403019,1092.800908,2200.806038,2,3911455
89351240,2026-08-01T15:42:35.4595178,1100.398758,1086.164665,2200.797516,2,3973761
89376447,2026-08-01T18:50:43.9290043,1100.395517,1079.519382,2200.791034,2,3026871
89351185,2026-08-01T15:42:35.3081300,1100.372048,1092.977468,2200.744096,2,6627245
89409454,2026-08-01T23:02:57.7573675,1100.371930,1099.951650,2200.743860,2,5814458
89406814,2026-08-01T22:42:57.3688537,1100.348742,1073.409685,2200.697484,2,6669612
89240031,2026-08-01T01:33:55.4257582,1100.338068,1087.226764,2200.676135,2,5941632
89406820,2026-08-01T22:42:57.4121811,1100.323424,1098.789523,2200.646848,2,3905520
89398948,2026-08-01T21:42:48.2381981,1100.320128,1087.876591,2200.640255,2,5622904
89407861,2026-08-01T22:50:57.1729096,1100.298182,1078.767540,2200.596364,2,5814303
89416324,2026-08-01T23:54:58.4576410,1100.282836,1090.419104,2200.565671,2,3892992
89337450,2026-08-01T13:58:04.8145137,1100.242329,1094.564812,2200.484657,2,4588678
89319818,2026-08-01T11:42:05.0265349,1100.241389,1095.604148,2200.482778,2,4345569
89292409,2026-08-01T08:18:04.5442136,1100.233946,1073.461291,2200.467892,2,3873800
89366025,2026-08-01T17:34:41.3323256,1100.210892,1074.869389,2200.421783,2,5470750
89386380,2026-08-01T20:06:48.8803709,1100.207327,1084.835018,2200.414654,2,7181855
89393106,2026-08-01T20:58:50.1639489,1100.206736,1042.905818,2200.413473,2,6086175
89406214,2026-08-01T22:38:57.2067350,1100.158225,1096.778506,2200.316449,2,5493860
89236113,2026-08-01T00:58:17.8492913,1100.157323,1074.241525,2200.314647,2,6391163
89400613,2026-08-01T21:54:50.1070263,1100.155002,1068.826229,2200.310004,2,3930059
89289417,2026-08-01T07:54:06.4687906,1100.153188,1051.705104,2200.306376,2,5303218
89394831,2026-08-01T21:10:51.7631313,1100.151638,1086.597736,2200.303276,2,4927406
89396260,2026-08-01T21:22:48.4170037,1100.147228,1069.189009,2200.294456,2,4956715
89271971,2026-08-01T05:42:00.3468984,1100.118475,1054.815392,2200.236950,2,5045577
89369525,2026-08-01T17:58:43.4551216,1100.116318,1079.700750,2200.232636,2,5179889
89408401,2026-08-01T22:54:58.2140683,1100.109810,1093.413663,2200.219620,2,7681250
89393636,2026-08-01T21:02:48.5439006,1100.096531,1074.362419,2200.193063,2,6522419
89396258,2026-08-01T21:22:48.4159649,1100.093909,1049.973097,2200.187817,2,4750317
89239421,2026-08-01T01:26:18.0516685,1099.984261,1081.785452,2199.968521,2,5299889
89406824,2026-08-01T22:42:57.4131538,1099.932932,1097.470964,2199.865865,2,5858748
89324969,2026-08-01T12:22:04.6500674,1099.926774,1035.183880,2199.853548,2,6494200
89403671,2026-08-01T22:18:48.6471633,1099.832995,1090.111157,2199.665990,2,3693298
89324507,2026-08-01T12:18:04.8409436,1099.821372,1055.058569,2199.642744,2,3627951
89269475,2026-08-01T05:22:00.6434232,1099.802202,1066.746181,2199.604404,2,4754799
89400499,2026-08-01T21:54:49.7637072,1099.735703,1077.362758,2199.471407,2,5099034
89412073,2026-08-01T23:22:58.1128977,1099.735437,1099.266788,2199.470874,2,8011005
89405783,2026-08-01T22:34:49.8153630,1099.715012,1089.887980,2199.430023,2,6459539
89387373,2026-08-01T20:14:51.3178482,1099.703560,1069.570483,2199.407120,2,4166468
89404186,2026-08-01T22:22:49.9466101,1099.693075,1072.280688,2199.386151,2,5589084
89233565,2026-08-01T00:38:17.9586131,1099.680782,1086.612235,2199.361564,2,3952368
89406311,2026-08-01T22:38:57.4561511,1099.654593,1096.547501,2199.309186,2,6276442
89406307,2026-08-01T22:38:57.4546128,1099.648231,1097.264731,2199.296463,2,6982021
89282202,2026-08-01T07:01:59.9362723,1099.599673,1088.427709,2199.199346,2,4920334
89404198,2026-08-01T22:22:49.9783979,1099.571965,1082.132041,2199.143931,2,6065750
89403677,2026-08-01T22:18:48.6543986,1099.552351,1090.024704,2199.104701,2,3373053
89380861,2026-08-01T19:26:41.1538904,1099.542325,1060.981838,2199.084650,2,5413003
89331591,2026-08-01T13:14:05.9593807,1099.532306,1073.757752,2199.064612,2,4346844
89232557,2026-08-01T00:30:18.0751695,1099.514606,1077.210581,2199.029212,2,1261062
89410485,2026-08-01T23:10:57.3586571,1099.504556,1061.908623,2199.009111,2,3780479
89404208,2026-08-01T22:22:50.1319777,1099.449652,1085.948281,2198.899304,2,2390493
89395739,2026-08-01T21:18:51.4477274,1099.433971,1061.435523,2198.867943,2,2198700
89380631,2026-08-01T19:22:44.4823076,1099.421067,1066.739405,2198.842134,2,4927336
89403653,2026-08-01T22:18:48.6213861,1099.411459,1046.105997,2198.822918,2,3408262
89390057,2026-08-01T20:34:52.1284621,1099.404837,1087.148377,2198.809673,2,3578239
89234002,2026-08-01T00:42:18.1400244,1099.404731,1089.114523,2198.809462,2,2846382
89414722,2026-08-01T23:42:58.0684762,1099.385177,1090.701899,2198.770354,2,2688257
89399117,2026-08-01T21:42:48.6596256,1099.365680,1062.601278,2198.731360,2,2052608
89263703,2026-08-01T04:38:00.4712354,1099.327820,1096.965940,2198.655639,2,6106196
89401036,2026-08-01T21:58:48.6141011,1099.314788,1088.442155,2198.629576,2,5071878
89415796,2026-08-01T23:50:57.4391853,1099.312758,1074.271377,2198.625517,2,5323629
89402636,2026-08-01T22:10:48.8661376,1099.293939,1080.356547,2198.587878,2,3616976
89299595,2026-08-01T09:10:07.6449265,1099.280118,1080.021448,2198.560235,2,6090426
89406301,2026-08-01T22:38:57.4367830,1099.257321,1084.708432,2198.514642,2,7930559
89317708,2026-08-01T11:26:04.9344535,1099.224405,1056.656962,2198.448809,2,6372133
89374823,2026-08-01T18:38:45.7702030,1099.201925,1071.481348,2198.403850,2,5355660
89412062,2026-08-01T23:22:58.0598018,1099.137979,1062.202318,2198.275958,2,4821363
89411024,2026-08-01T23:14:57.9982003,1099.134945,1095.334711,2198.269890,2,5017452
89395216,2026-08-01T21:14:49.9734012,1099.112635,1064.214488,2198.225270,2,4973354
89228910,2026-08-01T00:02:17.8534433,1099.069449,1078.925581,2198.138897,2,5404707
89414712,2026-08-01T23:42:58.0506169,1099.062199,1062.693955,2198.124398,2,3383707
89393822,2026-08-01T21:02:49.1173890,1099.061863,1093.825150,2198.123726,2,3739783
89390394,2026-08-01T20:38:48.7951881,1098.960280,1097.767567,2197.920561,2,5278932
89403130,2026-08-01T22:14:49.4188378,1098.894831,1061.220288,2197.789662,2,5236723
89229395,2026-08-01T00:06:18.1389738,1098.851124,1074.560309,2197.702248,2,4804197
89389984,2026-08-01T20:34:51.8220654,1098.837073,1077.389123,2197.674145,2,2837981
89295639,2026-08-01T08:42:04.4236258,1098.824892,1046.293760,2197.649784,2,5208041
89387991,2026-08-01T20:18:51.2326524,1098.816198,1086.225364,2197.632396,2,8178493
89406315,2026-08-01T22:38:57.4668273,1098.813887,1091.501297,2197.627774,2,3917579
89294720,2026-08-01T08:34:06.1288197,1098.804440,1066.465803,2197.608880,2,5657851
89401556,2026-08-01T22:02:48.5691633,1098.792619,1081.162647,2197.585237,2,4283898
89292141,2026-08-01T08:14:07.0430573,1098.758217,1079.634853,2197.516434,2,5000535
89231463,2026-08-01T00:22:17.8960857,1098.747817,1090.231752,2197.495635,2,4094553
89392071,2026-08-01T20:50:49.1197471,1098.715107,1066.918438,2197.430214,2,2844134
89331391,2026-08-01T13:10:05.3123060,1098.709121,1080.336662,2197.418243,2,5537153
89409429,2026-08-01T23:02:57.6638297,1098.672093,1046.988287,2197.344187,2,5097200
89367253,2026-08-01T17:42:40.8671488,1098.670861,1049.192601,2197.341721,2,5416948
89262131,2026-08-01T04:26:00.2782615,1098.664202,1093.588802,2197.328404,2,6931475
89410496,2026-08-01T23:10:57.3812636,1098.646528,1096.813391,2197.293056,2,5588315
89323169,2026-08-01T12:10:04.2348458,1098.612970,1090.050786,2197.225939,2,4910591
89336106,2026-08-01T13:46:04.9500557,1098.589880,1077.341243,2197.179760,2,3393360
89233993,2026-08-01T00:42:18.1065724,1098.578697,1085.144972,2197.157394,2,6718838
89237670,2026-08-01T01:10:17.9555485,1098.576618,1072.037129,2197.153235,2,5837949
89408589,2026-08-01T22:54:58.7729181,1098.576566,1051.457648,2197.153133,2,4174716
89384200,2026-08-01T19:50:49.6517169,1098.575693,1028.007713,2197.151385,2,2683821
89387425,2026-08-01T20:14:51.7182411,1098.527562,1067.780656,2197.055124,2,5513685
89408937,2026-08-01T22:58:57.4287266,1098.405797,1094.777033,2196.811594,2,4798402
89407267,2026-08-01T22:46:57.4318356,1098.398979,1088.751640,2196.797959,2,4824371
89416296,2026-08-01T23:54:58.4112306,1098.387498,1054.219942,2196.774995,2,4792975
89364099,2026-08-01T17:18:42.9260494,1098.366690,1049.341529,2196.733380,2,4042101
89287328,2026-08-01T07:38:04.7507475,1098.349118,1089.965211,2196.698236,2,5320980
89230951,2026-08-01T00:18:18.3667690,1098.339309,1094.735490,2196.678619,2,5366468
89360744,2026-08-01T16:54:43.1698978,1098.300207,1094.086658,2196.600414,2,4186218
89400514,2026-08-01T21:54:49.8335909,1098.199261,1096.186222,2196.398521,2,5876233
89230443,2026-08-01T00:14:18.0467799,1098.189724,1090.791239,2196.379449,2,3761141
89319525,2026-08-01T11:42:04.6089189,1098.167240,1071.315937,2196.334480,2,4096927
89415780,2026-08-01T23:50:57.3935246,1098.150785,1068.824398,2196.301570,2,5896486
89393647,2026-08-01T21:02:48.5590379,1098.102139,1088.997464,2196.204278,2,3300740
89393635,2026-08-01T21:02:48.5453482,1098.061337,1067.466494,2196.122675,2,3156053
89405259,2026-08-01T22:30:48.3734039,1098.043352,1088.239403,2196.086704,2,2670562
89232100,2026-08-01T00:26:18.2120392,1098.016497,1067.723037,2196.032994,2,3646950
89408418,2026-08-01T22:54:58.2199890,1098.012585,1091.748857,2196.025170,2,5293806
89364039,2026-08-01T17:18:42.8386329,1097.983285,1031.016565,2195.966571,2,5264899
89366779,2026-08-01T17:38:41.3805319,1097.941885,1062.301275,2195.883770,2,4634232
89259007,2026-08-01T04:02:00.2555738,1097.922715,1073.718814,2195.845431,2,4620714
89411038,2026-08-01T23:14:58.0251159,1097.907188,1090.927476,2195.814376,2,5775778
89367619,2026-08-01T17:46:40.1138643,1097.900301,1079.489514,2195.800602,2,4313761
89404732,2026-08-01T22:26:48.3194650,1097.899087,1085.845323,2195.798174,2,5641657
89237229,2026-08-01T01:06:18.1022783,1097.878531,1097.063201,2195.757062,2,6203615
89411009,2026-08-01T23:14:57.9671892,1097.827082,1058.774827,2195.654164,2,3729691
89395731,2026-08-01T21:18:51.4374554,1097.804028,1043.012933,2195.608056,2,5772093
89406300,2026-08-01T22:38:57.4356866,1097.766439,1090.391651,2195.532879,2,5487408
89228862,2026-08-01T00:02:17.8420345,1097.749487,1097.569378,2195.498974,2,7469270
89388411,2026-08-01T20:22:51.4336464,1097.738863,1059.276343,2195.477727,2,5792443
89229406,2026-08-01T00:06:18.1462338,1097.728608,1091.111372,2195.457215,2,6619909
89231991,2026-08-01T00:26:17.9958585,1097.690750,1096.552872,2195.381499,2,3843664
89267834,2026-08-01T05:10:00.3094132,1097.683317,1088.421437,2195.366633,2,4863435
89388511,2026-08-01T20:22:51.8283245,1097.642437,1091.507610,2195.284874,2,4979637
89397315,2026-08-01T21:30:48.7161830,1097.622721,1045.475027,2195.245441,2,3901733
89262658,2026-08-01T04:30:00.1549140,1097.616719,1096.558259,2195.233438,2,1379586
89319285,2026-08-01T11:38:05.6471012,1097.602876,1059.686187,2195.205753,2,4972571
89413127,2026-08-01T23:30:57.4660965,1097.601206,1067.153733,2195.202412,2,6247303
89403157,2026-08-01T22:14:49.5139690,1097.575797,1095.486096,2195.151593,2,6055864
89275692,2026-08-01T06:10:00.7278526,1097.535007,1070.742975,2195.070013,2,4705941
89393713,2026-08-01T21:02:48.7841913,1097.503364,1088.578310,2195.006729,2,4416751
89338530,2026-08-01T14:06:04.2421423,1097.502773,1080.216916,2195.005547,2,4071951
89323470,2026-08-01T12:10:04.6682142,1097.497806,1045.340640,2194.995612,2,4464776
89233517,2026-08-01T00:38:17.8825448,1097.487669,1064.162717,2194.975338,2,4932321
89389461,2026-08-01T20:30:51.6321916,1097.278760,1065.949035,2194.557520,2,616096
89412616,2026-08-01T23:26:57.6539095,1097.217894,1087.714995,2194.435789,2,6805564
89272012,2026-08-01T05:42:00.4138955,1097.183662,1056.513120,2194.367325,2,3505848
89364961,2026-08-01T17:26:39.8492758,1097.183330,1096.900065,2194.366661,2,5142940
89401960,2026-08-01T22:06:48.9159122,1097.180382,1079.637069,2194.360764,2,5196957
89391114,2026-08-01T20:42:49.4222255,1097.164479,1096.952300,2194.328958,2,5718102
89290548,2026-08-01T08:02:04.9691537,1097.154722,1067.965323,2194.309444,2,1771080
89390031,2026-08-01T20:34:52.0201626,1097.133406,1055.808802,2194.266812,2,3557375
89229394,2026-08-01T00:06:18.1384799,1097.125289,1069.405956,2194.250579,2,5249064
89312927,2026-08-01T10:50:04.6409688,1097.096780,1057.783746,2194.193559,2,6541517
89391012,2026-08-01T20:42:49.0685420,1097.081888,1023.525329,2194.163776,2,5152828
89397279,2026-08-01T21:30:48.6086961,1097.072881,1073.799168,2194.145762,2,6721722
89357668,2026-08-01T16:30:36.1752531,1097.059566,1043.971545,2194.119131,2,7513493
89388269,2026-08-01T20:22:50.9225328,1096.994903,1093.148571,2193.989805,2,6487150
89231456,2026-08-01T00:22:17.8916670,1096.883012,1067.479704,2193.766024,2,2937082
89397337,2026-08-01T21:30:48.7502277,1096.871019,1093.780677,2193.742038,2,5038458
89401028,2026-08-01T21:58:48.5671691,1096.870972,1071.309919,2193.741945,2,5472858
89402094,2026-08-01T22:06:49.2668668,1096.842088,1083.178279,2193.684177,2,5161628
89408446,2026-08-01T22:54:58.3315075,1096.817158,1067.217713,2193.634316,2,9049099
89249982,2026-08-01T02:49:32.2271171,1096.810371,1075.801261,2193.620741,2,6099500
89367171,2026-08-01T17:42:40.6220872,1096.796129,1090.083756,2193.592258,2,5161839
89279367,2026-08-01T06:38:00.4413637,1096.783707,1086.311636,2193.567413,2,4891684
89391723,2026-08-01T20:46:49.4529657,1096.752062,1089.530047,2193.504125,2,1873561
89267421,2026-08-01T05:06:00.4167466,1096.721784,1052.996871,2193.443567,2,6300306
89385651,2026-08-01T20:02:51.3071336,1096.720705,1068.322610,2193.441409,2,6621708
89405769,2026-08-01T22:34:49.7243856,1096.703924,1058.419094,2193.407848,2,4782109
89396267,2026-08-01T21:22:48.4281704,1096.681019,1063.424004,2193.362039,2,4638240
89409453,2026-08-01T23:02:57.7559550,1096.676171,1079.667921,2193.352341,2,3341994
89397881,2026-08-01T21:34:49.6076655,1096.670816,1089.646426,2193.341632,2,6405964
89348517,2026-08-01T15:22:36.4080476,1096.615203,1073.705545,2193.230406,2,3819312
89416337,2026-08-01T23:54:58.5160277,1096.598887,1068.739210,2193.197773,2,6616197
89239483,2026-08-01T01:26:18.1203715,1096.565907,1078.975846,2193.131813,2,2927603
89399970,2026-08-01T21:50:48.2641577,1096.545571,1065.228843,2193.091141,2,4862606
89389491,2026-08-01T20:30:51.7604357,1096.536830,1080.684946,2193.073661,2,1119618
89399988,2026-08-01T21:50:48.3291054,1096.518096,1092.428703,2193.036193,2,4264753
89393751,2026-08-01T21:02:48.8806464,1096.517645,1095.235592,2193.035290,2,6470800
89262660,2026-08-01T04:30:00.1568570,1096.496754,1095.654859,2192.993509,2,5400222
89364683,2026-08-01T17:22:40.2047966,1096.425443,1065.238970,2192.850886,2,4627678
89414248,2026-08-01T23:38:57.0587538,1096.399120,1058.467334,2192.798240,2,1240345
89415776,2026-08-01T23:50:57.3858140,1096.391041,1085.427873,2192.782082,2,3764190
89388010,2026-08-01T20:18:51.3160185,1096.338300,1081.651803,2192.676601,2,5296438
89260691,2026-08-01T04:14:01.2176449,1096.314449,1095.509663,2192.628897,2,7359746
89333714,2026-08-01T13:30:04.2559037,1096.311606,1045.095620,2192.623212,2,4421459
89228886,2026-08-01T00:02:17.8571679,1096.307361,1072.043177,2192.614721,2,6313232
89399997,2026-08-01T21:50:48.3467407,1096.285022,1095.636149,2192.570044,2,5593829
89356648,2026-08-01T16:22:36.0397411,1096.248903,1085.481523,2192.497805,2,7410096
89231471,2026-08-01T00:22:17.9633422,1096.231283,1093.145517,2192.462565,2,745334
89404183,2026-08-01T22:22:49.9412143,1096.176014,1055.821203,2192.352028,2,5071762
89407352,2026-08-01T22:46:57.6649518,1096.148110,1091.011213,2192.296221,2,5329299
89333713,2026-08-01T13:30:04.2497780,1096.071184,1094.585710,2192.142369,2,4602035
89389526,2026-08-01T20:30:51.8914574,1096.032087,1077.622388,2192.064174,2,4235365
89394176,2026-08-01T21:06:49.1047763,1096.021213,1077.770480,2192.042427,2,3165862
89398937,2026-08-01T21:42:48.2210580,1096.019439,1075.319620,2192.038878,2,7425333
89239261,2026-08-01T01:22:17.8671203,1096.001105,1072.404665,2192.002209,2,3873764
89393109,2026-08-01T20:58:50.1695709,1095.906571,1059.494251,2191.813142,2,4686098
89397817,2026-08-01T21:34:49.3609198,1095.886277,1067.943053,2191.772555,2,4736534
89334026,2026-08-01T13:30:04.8075394,1095.865600,1077.424424,2191.731199,2,5003950
89230941,2026-08-01T00:18:18.3556057,1095.848486,1069.091604,2191.696973,2,5744511
89389103,2026-08-01T20:26:51.0921192,1095.843588,1081.320740,2191.687176,2,4035321
89232473,2026-08-01T00:30:17.9591129,1095.834046,1078.386746,2191.668093,2,5962483
89309555,2026-08-01T10:26:04.2546758,1095.784692,1082.620322,2191.569385,2,5827709
89391542,2026-08-01T20:46:49.0031864,1095.757224,1036.322379,2191.514448,2,3039296
89267906,2026-08-01T05:10:00.4145824,1095.748240,1075.748420,2191.496480,2,5339742
89289334,2026-08-01T07:54:06.3703115,1095.732884,1021.367524,2191.465767,2,3872141
89390922,2026-08-01T20:42:48.7490606,1095.682088,1085.223710,2191.364176,2,6719447
89233529,2026-08-01T00:38:17.8940758,1095.661775,1082.414103,2191.323550,2,5465859
89328106,2026-08-01T12:46:04.7432808,1095.646874,1040.360760,2191.293749,2,4756911
89393282,2026-08-01T20:58:50.6942762,1095.635388,1092.288233,2191.270776,2,4221362
89231992,2026-08-01T00:26:17.9963436,1095.559078,1093.595841,2191.118155,2,6666508
89371530,2026-08-01T18:14:44.6198218,1095.512817,1071.074767,2191.025634,2,4620552
89237664,2026-08-01T01:10:17.9491721,1095.500880,1064.009950,2191.001761,2,4556589
89329526,2026-08-01T12:58:04.5392034,1095.486978,1040.821299,2190.973956,2,3817633
89401588,2026-08-01T22:02:48.6535198,1095.467031,1082.648916,2190.934062,2,5154889
89269460,2026-08-01T05:22:00.6289312,1095.397292,1090.656687,2190.794585,2,6382359
89408395,2026-08-01T22:54:58.1767653,1095.396051,1060.800189,2190.792102,2,5927305
89388546,2026-08-01T20:22:51.9747258,1095.387242,1075.389302,2190.774484,2,5593469
89290814,2026-08-01T08:06:04.5156606,1095.380481,1073.478603,2190.760963,2,3628793
89413670,2026-08-01T23:34:59.7544548,1095.353783,1086.732934,2190.707567,2,6947330
89238185,2026-08-01T01:14:17.9709008,1095.318928,1072.782426,2190.637856,2,5749058
89368873,2026-08-01T17:54:43.6144134,1095.257923,1053.600960,2190.515845,2,4378705
89397866,2026-08-01T21:34:49.5548593,1095.256455,1079.070945,2190.512911,2,6438591
89412597,2026-08-01T23:26:57.6080267,1095.254103,1035.859011,2190.508206,2,7142046
89384825,2026-08-01T19:54:50.8611179,1095.244287,1050.418113,2190.488574,2,7427684
89415256,2026-08-01T23:46:57.5719603,1095.235755,1089.454787,2190.471510,2,5561289
89345880,2026-08-01T15:02:35.9407603,1095.214647,1073.311525,2190.429295,2,3268219
89374026,2026-08-01T18:34:45.1400903,1095.189379,1018.533345,2190.378757,2,4994542
89253037,2026-08-01T03:13:31.3108984,1095.167666,1076.833314,2190.335333,2,6609305
89400501,2026-08-01T21:54:49.7660640,1095.159117,1056.691838,2190.318235,2,5484628
89397492,2026-08-01T21:30:49.1588125,1095.146398,1060.688645,2190.292797,2,5048491
89396820,2026-08-01T21:26:50.2582867,1095.145426,1081.760888,2190.290852,2,6387740
89404743,2026-08-01T22:26:48.3327607,1095.142650,1090.287174,2190.285300,2,3283638
89269470,2026-08-01T05:22:00.6434238,1095.132367,1062.633166,2190.264734,2,4683962
89411037,2026-08-01T23:14:58.0280014,1095.117623,1093.492731,2190.235247,2,5448766
89385912,2026-08-01T20:02:52.3790985,1095.081926,1063.836579,2190.163852,2,4272899
89278728,2026-08-01T06:34:00.9174432,1095.081195,1036.209021,2190.162390,2,7279807
89395221,2026-08-01T21:14:50.0135013,1095.078528,1072.554272,2190.157056,2,2345863
89337412,2026-08-01T13:58:04.7129156,1095.056934,1086.775729,2190.113869,2,5091809
89401561,2026-08-01T22:02:48.5822078,1095.037030,1076.269988,2190.074059,2,5903556
89235074,2026-08-01T00:50:17.9733228,1095.024848,1059.227269,2190.049695,2,4295776
89395231,2026-08-01T21:14:50.0238803,1094.985471,1090.778239,2189.970941,2,3931541
89411553,2026-08-01T23:18:57.5548341,1094.983213,1086.070392,2189.966425,2,3615071
89409467,2026-08-01T23:02:57.7915304,1094.981598,1084.073198,2189.963197,2,4490274
89367830,2026-08-01T17:46:40.5097708,1094.937001,1047.312975,2189.874002,2,5668229
89388387,2026-08-01T20:22:51.3305423,1094.926497,1063.340371,2189.852994,2,3181958
89415784,2026-08-01T23:50:57.4150215,1094.920845,1084.532031,2189.841690,2,4180652
89304212,2026-08-01T09:46:04.4562213,1094.914857,1093.742240,2189.829714,2,6388697
89232545,2026-08-01T00:30:18.0609495,1094.871527,1078.356407,2189.743053,2,7237880
89403166,2026-08-01T22:14:49.5259457,1094.859482,1085.335684,2189.718965,2,4066637
89368175,2026-08-01T17:50:39.9495977,1094.813487,1040.947567,2189.626973,2,6236654
89376627,2026-08-01T18:54:42.4310669,1094.811197,1092.223103,2189.622395,2,10656738
89396861,2026-08-01T21:26:50.3470691,1094.783160,1089.028066,2189.566320,2,6457171
89277098,2026-08-01T06:21:59.9393859,1094.776315,1078.730607,2189.552630,2,5969157
89392074,2026-08-01T20:50:49.1307793,1094.771260,1071.373006,2189.542520,2,1301908
89396826,2026-08-01T21:26:50.2722616,1094.748792,1091.797667,2189.497583,2,4534553
89398924,2026-08-01T21:42:48.2030606,1094.732286,1046.419886,2189.464572,2,3921689
89276178,2026-08-01T06:14:02.4703971,1094.698062,1057.820509,2189.396125,2,4916538
89230451,2026-08-01T00:14:18.0551076,1094.675194,1090.093156,2189.350389,2,5044904
89398397,2026-08-01T21:38:50.1816017,1094.658498,1055.481493,2189.316995,2,4390783
89228900,2026-08-01T00:02:17.8654367,1094.629375,1079.713424,2189.258750,2,6437921
89229403,2026-08-01T00:06:18.1429944,1094.629375,1075.700791,2189.258750,2,8038194
89391210,2026-08-01T20:42:49.7624141,1094.583747,1057.067395,2189.167494,2,4092368
89393185,2026-08-01T20:58:50.4062934,1094.568985,1087.871476,2189.137970,2,5288973
89388025,2026-08-01T20:18:51.3680476,1094.498138,1080.359763,2188.996277,2,4464711
89391686,2026-08-01T20:46:49.3398151,1094.495803,1091.525219,2188.991605,2,3900933
89394180,2026-08-01T21:06:49.1200342,1094.481048,1079.470981,2188.962096,2,3563394
89403693,2026-08-01T22:18:48.7137648,1094.473732,1083.223746,2188.947464,2,6660157
89409463,2026-08-01T23:02:57.7781398,1094.470253,1089.363536,2188.940505,2,4386603
89231446,2026-08-01T00:22:17.8838970,1094.458905,1064.659205,2188.917810,2,5444496
89401587,2026-08-01T22:02:48.6536005,1094.426579,1078.980331,2188.853158,2,5716190
89356038,2026-08-01T16:18:35.0074936,1094.395918,1087.873901,2188.791836,2,6278012
89390513,2026-08-01T20:38:49.1128218,1094.369021,1067.619592,2188.738041,2,4093257
89394170,2026-08-01T21:06:49.0789845,1094.364168,1079.226009,2188.728337,2,5458772
89407357,2026-08-01T22:46:57.6747777,1094.341970,1091.868514,2188.683941,2,5083862
89231458,2026-08-01T00:22:17.8930198,1094.289187,1069.030038,2188.578375,2,4122141
89412061,2026-08-01T23:22:58.0562008,1094.264843,1035.204161,2188.529687,2,5340407
89268357,2026-08-01T05:14:01.0743473,1094.252636,1015.068640,2188.505272,2,3445402
89353572,2026-08-01T15:58:35.5150134,1094.246795,1084.831198,2188.493590,2,5585624
89392597,2026-08-01T20:54:51.3207795,1094.233845,1067.191897,2188.467690,2,5658562
89398421,2026-08-01T21:38:50.2563541,1094.219488,1088.573110,2188.438977,2,5490658
89230930,2026-08-01T00:18:18.3416544,1094.203130,1027.717299,2188.406260,2,4847958
89322933,2026-08-01T12:06:04.7549353,1094.161819,1059.418555,2188.323638,2,2094608
89400526,2026-08-01T21:54:49.8576282,1094.118722,1092.718979,2188.237444,2,6783301
89239656,2026-08-01T01:26:18.3768967,1094.116794,1071.049853,2188.233589,2,8490713
89399977,2026-08-01T21:50:48.2808610,1094.078510,1070.732571,2188.157020,2,5508570
89372154,2026-08-01T18:18:44.0041346,1094.074566,1053.257398,2188.149132,2,1696643
89233996,2026-08-01T00:42:18.1085762,1094.056940,1072.078691,2188.113880,2,6775492
89398417,2026-08-01T21:38:50.2482430,1093.968682,1079.207571,2187.937364,2,5596290
89409468,2026-08-01T23:02:57.7951405,1093.948998,1083.742825,2187.897996,2,5983662
89232451,2026-08-01T00:30:17.9497448,1093.924847,1064.208827,2187.849694,2,2916478
89272038,2026-08-01T05:42:00.4495314,1093.919655,1074.991323,2187.839309,2,7424160
89401580,2026-08-01T22:02:48.6398567,1093.896737,1078.007257,2187.793475,2,2450538
89230454,2026-08-01T00:14:18.0585245,1093.875044,1093.040297,2187.750088,2,6788772
89368327,2026-08-01T17:50:40.2104695,1093.864329,1055.341545,2187.728658,2,5506999
89402085,2026-08-01T22:06:49.2480245,1093.848219,1072.075704,2187.696439,2,4670573
89409474,2026-08-01T23:02:57.8102398,1093.833625,1083.800400,2187.667250,2,5297599
89392771,2026-08-01T20:54:51.9280366,1093.820429,1082.886329,2187.640859,2,5212103
89407866,2026-08-01T22:50:57.1819291,1093.801019,1079.858089,2187.602039,2,5474801
89312184,2026-08-01T10:46:04.5454673,1093.774636,1089.309254,2187.549272,2,5021940
89287228,2026-08-01T07:38:04.6294128,1093.751374,1041.018528,2187.502747,2,3906563
89235577,2026-08-01T00:54:18.3551827,1093.747675,1065.942619,2187.495349,2,3210494
89408390,2026-08-01T22:54:58.1630189,1093.700677,1060.946727,2187.401355,2,4032657
89404219,2026-08-01T22:22:50.1738823,1093.676979,1071.159765,2187.353957,2,5221070
89389336,2026-08-01T20:30:51.0675252,1093.671192,1086.143688,2187.342383,2,6595858
89230462,2026-08-01T00:14:18.0684559,1093.659915,1083.091276,2187.319829,2,5036879
89413126,2026-08-01T23:30:57.4659757,1093.656541,1068.623544,2187.313082,2,2251942
89406291,2026-08-01T22:38:57.4126682,1093.606629,1058.347908,2187.213259,2,3873593
89402112,2026-08-01T22:06:49.3256585,1093.592462,1086.876894,2187.184925,2,5090392
89408396,2026-08-01T22:54:58.2072643,1093.502917,1076.383805,2187.005833,2,2151146
89414721,2026-08-01T23:42:58.0658434,1093.485739,1070.056403,2186.971478,2,4393418
89233006,2026-08-01T00:34:18.0897385,1093.477729,1060.075800,2186.955458,2,7204574
89353899,2026-08-01T16:02:36.7089093,1093.475703,1058.808245,2186.951406,2,6186493
89416862,2026-08-01T23:58:57.4573605,1093.464517,1088.073294,2186.929033,2,3959343
89407367,2026-08-01T22:46:57.7237942,1093.452865,1072.296485,2186.905730,2,5265871
89399972,2026-08-01T21:50:48.2716514,1093.349961,1050.039936,2186.699922,2,5824733
89397477,2026-08-01T21:30:49.1154909,1093.307357,1074.502686,2186.614714,2,4854242
89405785,2026-08-01T22:34:49.8192133,1093.290225,1077.638809,2186.580451,2,5766442
89399975,2026-08-01T21:50:48.2777457,1093.257585,1072.537863,2186.515170,2,4346362
89401604,2026-08-01T22:02:48.6837768,1093.197627,1080.073769,2186.395254,2,7986561
89235588,2026-08-01T00:54:18.3629540,1093.189414,1061.653006,2186.378828,2,4373525
89397876,2026-08-01T21:34:49.6042752,1093.176451,1077.828298,2186.352901,2,4583332
89389110,2026-08-01T20:26:51.1144270,1093.169950,1085.553647,2186.339901,2,3863086
89412076,2026-08-01T23:22:58.1150276,1093.168204,1079.494201,2186.336409,2,5527890
89280133,2026-08-01T06:46:00.1231075,1093.152503,1031.675911,2186.305006,2,5016345
89229932,2026-08-01T00:10:18.0821373,1093.134284,1071.783633,2186.268569,2,4158959
89416886,2026-08-01T23:58:57.5227587,1093.095295,1073.116512,2186.190590,2,2695567
89236534,2026-08-01T01:02:17.6403231,1093.055205,1033.783720,2186.110409,2,2321465
89343745,2026-08-01T14:46:35.8153263,1093.038597,1037.672277,2186.077194,2,4078770
89234556,2026-08-01T00:46:18.8235227,1092.997435,1086.257236,2185.994870,2,2927817
89318445,2026-08-01T11:34:06.1197862,1092.979108,1092.837392,2185.958217,2,5221497
89295143,2026-08-01T08:38:05.9340435,1092.967472,1086.661131,2185.934945,2,4775073
89411558,2026-08-01T23:18:57.5688737,1092.931982,1090.319546,2185.863964,2,5273970
89393122,2026-08-01T20:58:50.2164131,1092.915991,1071.476284,2185.831981,2,4259942
89392113,2026-08-01T20:50:49.2584427,1092.894917,1086.816324,2185.789834,2,6270266
89315820,2026-08-01T11:14:06.4212918,1092.874370,1067.461548,2185.748740,2,1985760
89400000,2026-08-01T21:50:48.3467449,1092.862701,1090.135837,2185.725401,2,5332387
89311162,2026-08-01T10:38:04.4457548,1092.837869,1071.324999,2185.675737,2,5082275
89396800,2026-08-01T21:26:50.2183275,1092.736992,1048.471749,2185.473983,2,2553101
89258149,2026-08-01T03:54:02.2177928,1092.712977,1072.955017,2185.425954,2,9038781
89414188,2026-08-01T23:38:56.9194243,1092.711422,1053.029110,2185.422843,2,3016768
89279695,2026-08-01T06:42:00.0709329,1092.690774,1088.106259,2185.381549,2,5834151
89402111,2026-08-01T22:06:49.3237141,1092.684643,1087.109386,2185.369286,2,5511909
89414701,2026-08-01T23:42:58.0245075,1092.677599,1062.949218,2185.355197,2,5902785
89412028,2026-08-01T23:22:57.9779116,1092.641187,1073.075210,2185.282374,2,4616297
89393164,2026-08-01T20:58:50.3456740,1092.637298,1081.371865,2185.274596,2,7472930
89293117,2026-08-01T08:22:05.1089189,1092.626906,1076.352154,2185.253812,2,4025644
89389102,2026-08-01T20:26:51.0872439,1092.619754,1074.827137,2185.239509,2,4192956
89397901,2026-08-01T21:34:49.6572982,1092.611313,1088.111748,2185.222625,2,1393791
89407336,2026-08-01T22:46:57.6216085,1092.603687,1065.925917,2185.207375,2,3044780
89388547,2026-08-01T20:22:51.9785861,1092.543416,1078.876553,2185.086831,2,5364192
89399428,2026-08-01T21:46:48.1261147,1092.516607,1083.431488,2185.033214,2,3856932
89236107,2026-08-01T00:58:17.8451265,1092.502053,1050.872687,2185.004106,2,2971424
89412609,2026-08-01T23:26:57.6395340,1092.494627,1083.723660,2184.989254,2,2207107
89317595,2026-08-01T11:26:04.7565013,1092.479726,1086.015493,2184.959453,2,5101895
89414708,2026-08-01T23:42:58.0425833,1092.405344,1031.697556,2184.810688,2,3425448
89414710,2026-08-01T23:42:58.0417297,1092.384064,1031.094749,2184.768128,2,4371625
89402104,2026-08-01T22:06:49.3130569,1092.366657,1079.486460,2184.733313,2,5513493
89274367,2026-08-01T06:01:59.9517200,1092.340838,1077.327321,2184.681677,2,4552127
89394183,2026-08-01T21:06:49.1205323,1092.324753,1090.754331,2184.649506,2,2228989
89387732,2026-08-01T20:18:50.2646863,1092.315122,1080.642141,2184.630244,2,5593411
89248192,2026-08-01T02:37:30.1387854,1092.311248,1070.385864,2184.622497,2,4455117
89394186,2026-08-01T21:06:49.1275984,1092.304135,1087.373706,2184.608270,2,4143126
89229950,2026-08-01T00:10:18.1120742,1092.279019,1090.531504,2184.558037,2,5471190
89384338,2026-08-01T19:50:50.0560196,1092.274003,1080.389802,2184.548005,2,4958391
89389118,2026-08-01T20:26:51.1329561,1092.236199,1088.166888,2184.472399,2,6332433
89366801,2026-08-01T17:38:41.4601677,1092.210897,1080.884737,2184.421794,2,4892964
89396272,2026-08-01T21:22:48.4372430,1092.193344,1067.052070,2184.386687,2,5298594
89406282,2026-08-01T22:38:57.3694648,1092.130132,1028.330426,2184.260265,2,3215935
89326920,2026-08-01T12:38:04.2658211,1092.075250,1070.071620,2184.150500,2,4046551
89228878,2026-08-01T00:02:17.8538540,1092.059636,1087.097771,2184.119271,2,3464354
89355458,2026-08-01T16:14:37.8708459,1092.058840,1073.692882,2184.117680,2,5057252
89232482,2026-08-01T00:30:17.9648056,1092.017963,1073.194549,2184.035926,2,2796738
89233523,2026-08-01T00:38:17.8881704,1092.016984,1078.322895,2184.033969,2,3295095
89317108,2026-08-01T11:22:04.9302262,1092.013895,1011.703745,2184.027790,2,4168056
89344808,2026-08-01T14:54:39.6428531,1092.008431,1089.149168,2184.016862,2,6050557
89414199,2026-08-01T23:38:56.9315284,1091.980128,1088.189313,2183.960256,2,2517212
89389610,2026-08-01T20:30:52.2079042,1091.964131,1076.242877,2183.928263,2,4818222
89410494,2026-08-01T23:10:57.3762050,1091.953825,1079.935747,2183.907650,2,3639180
89407798,2026-08-01T22:50:56.9602338,1091.874948,1082.516609,2183.749896,2,4479605
89391184,2026-08-01T20:42:49.6729039,1091.853901,1083.474459,2183.707802,2,4323244
89402604,2026-08-01T22:10:48.8149304,1091.853724,1041.942625,2183.707449,2,7207663
89322936,2026-08-01T12:06:04.7598829,1091.782802,1084.850448,2183.565604,2,5123689
89229397,2026-08-01T00:06:18.1394049,1091.726363,1061.475575,2183.452727,2,4919850
89228914,2026-08-01T00:02:17.9444729,1091.722083,1083.517791,2183.444166,2,7013528
89390648,2026-08-01T20:38:49.5167722,1091.707309,1048.109686,2183.414617,2,6508849
89403695,2026-08-01T22:18:48.7126748,1091.681828,1078.605339,2183.363655,2,4486191
89391667,2026-08-01T20:46:49.3157921,1091.649867,1090.604625,2183.299734,2,2748886
89367370,2026-08-01T17:42:41.1453159,1091.636300,1067.197278,2183.272599,2,5380082
89276215,2026-08-01T06:14:02.5299509,1091.605869,1068.056479,2183.211739,2,4137476
89395750,2026-08-01T21:18:51.4794396,1091.589601,1079.717907,2183.179201,2,1572318
89399983,2026-08-01T21:50:48.3153076,1091.581962,1068.076339,2183.163923,2,6100458
89319776,2026-08-01T11:42:04.9684854,1091.566162,1049.741396,2183.132324,2,3103048
89414173,2026-08-01T23:38:56.8707201,1091.561657,1064.572718,2183.123313,2,3671791
89393215,2026-08-01T20:58:50.4912510,1091.540017,1081.805042,2183.080033,2,3087820
89377994,2026-08-01T19:02:43.2827376,1091.523304,1062.131783,2183.046608,2,5529366
89391484,2026-08-01T20:46:48.8391369,1091.487821,1068.570463,2182.975642,2,4845153
89389521,2026-08-01T20:30:51.8706655,1091.481358,1071.383285,2182.962716,2,7511430
89411001,2026-08-01T23:14:57.9530345,1091.474980,1032.826895,2182.949959,2,5307478
89379267,2026-08-01T19:14:45.3133111,1091.449891,1090.679188,2182.899783,2,5893641
89411051,2026-08-01T23:14:58.0778800,1091.431828,1078.591307,2182.863657,2,4204432
89404880,2026-08-01T22:26:48.5530897,1091.429198,1063.234342,2182.858397,2,4733874
89401023,2026-08-01T21:58:48.5547018,1091.417287,1052.613323,2182.834573,2,5385526
89228894,2026-08-01T00:02:17.8624953,1091.400940,1067.723214,2182.801881,2,4073667
89406316,2026-08-01T22:38:57.4709280,1091.391687,1081.689035,2182.783373,2,6527910
89306878,2026-08-01T10:06:04.4072783,1091.333214,1069.986832,2182.666428,2,5935466
89362519,2026-08-01T17:06:41.8540916,1091.316035,1076.954445,2182.632070,2,4294273
89233530,2026-08-01T00:38:17.8948992,1091.308997,1075.993354,2182.617994,2,6300890
89301991,2026-08-01T09:30:04.2352232,1091.290781,1082.123852,2182.581563,2,4958817
89239765,2026-08-01T01:26:18.5002666,1091.286816,1083.278130,2182.573633,2,4518662
89261585,2026-08-01T04:22:00.4786971,1091.222844,1086.098219,2182.445689,2,5743539
89394725,2026-08-01T21:10:51.4277775,1091.198499,1084.098638,2182.396998,2,3984510
89256979,2026-08-01T03:46:00.4712369,1091.153465,1090.429458,2182.306930,2,790494
89261512,2026-08-01T04:22:00.3367031,1091.122110,1086.977078,2182.244220,2,6676565
89416879,2026-08-01T23:58:57.5149591,1091.105598,1076.866582,2182.211196,2,6995272
89363053,2026-08-01T17:10:43.2201438,1091.097852,1076.598787,2182.195703,2,6055190
89390508,2026-08-01T20:38:49.1054828,1091.086671,1050.122204,2182.173343,2,2008896
89396278,2026-08-01T21:22:48.4497815,1091.047689,1071.180385,2182.095378,2,3550574
89396358,2026-08-01T21:22:48.6657884,1091.035444,1082.943463,2182.070888,2,2795096
89235142,2026-08-01T00:50:18.0832417,1091.030158,1081.921536,2182.060316,2,5221811
89402080,2026-08-01T22:06:49.2441655,1091.023149,1043.353840,2182.046299,2,3753672
89228866,2026-08-01T00:02:17.8432995,1090.995107,1056.238193,2181.990214,2,5006649
89410480,2026-08-01T23:10:57.3440491,1090.934898,1034.186411,2181.869795,2,4039572
89397299,2026-08-01T21:30:48.6646722,1090.900644,1082.511812,2181.801288,2,6676167
89380333,2026-08-01T19:22:43.3613034,1090.897492,1057.739009,2181.794985,2,4929055
89394177,2026-08-01T21:06:49.1098866,1090.877307,1067.726971,2181.754613,2,11319909
89398940,2026-08-01T21:42:48.2252689,1090.873187,1084.607865,2181.746375,2,4968638
89388587,2026-08-01T20:22:52.1223508,1090.851828,1075.340699,2181.703655,2,3322153
89410502,2026-08-01T23:10:57.4189772,1090.843167,1090.488916,2181.686333,2,4061582
89303843,2026-08-01T09:42:04.5428817,1090.826476,1076.047802,2181.652951,2,3224875
89402611,2026-08-01T22:10:48.8249809,1090.783379,1049.297648,2181.566759,2,3669010
89229948,2026-08-01T00:10:18.1084042,1090.770160,1086.577859,2181.540321,2,5643703
89279841,2026-08-01T06:42:00.2579971,1090.766713,1088.965887,2181.533427,2,6395091
89334796,2026-08-01T13:38:04.2739632,1090.724123,1089.419410,2181.448246,2,4389051
89230470,2026-08-01T00:14:18.0740666,1090.661372,1086.295459,2181.322743,2,5284804
89330031,2026-08-01T13:02:04.2521480,1090.641167,1082.261183,2181.282334,2,5178701
89392692,2026-08-01T20:54:51.6859813,1090.637647,1079.215888,2181.275293,2,6613617
89244876,2026-08-01T02:09:30.9496229,1090.633031,1082.864889,2181.266062,2,5059286
89390145,2026-08-01T20:34:52.4261621,1090.628448,1081.217985,2181.256896,2,6725533
89395223,2026-08-01T21:14:50.0190017,1090.609925,1077.885531,2181.219850,2,5691651
89272348,2026-08-01T05:46:00.4224593,1090.602407,1035.321382,2181.204813,2,4739624
89409438,2026-08-01T23:02:57.6953938,1090.598285,1037.976110,2181.196570,2,4910748
89359375,2026-08-01T16:42:41.1923038,1090.583888,1074.675072,2181.167775,2,4505585
89400046,2026-08-01T21:50:48.4617239,1090.580813,1073.375958,2181.161625,2,4839945
89282004,2026-08-01T06:58:00.4516207,1090.571664,1057.826470,2181.143329,2,3440964
89230444,2026-08-01T00:14:18.0489119,1090.553663,1068.938463,2181.107325,2,6283648
89416315,2026-08-01T23:54:58.4382184,1090.522463,1071.718603,2181.044926,2,4678358
89361373,2026-08-01T16:58:40.3519292,1090.517461,1040.854982,2181.034923,2,3618322
89403691,2026-08-01T22:18:48.7069532,1090.441540,1086.536695,2180.883080,2,2616533
89397338,2026-08-01T21:30:48.7509710,1090.439578,1083.533204,2180.879156,2,5385270
89410481,2026-08-01T23:10:57.3510216,1090.405667,1033.518549,2180.811334,2,8476273
89408391,2026-08-01T22:54:58.1633932,1090.387457,1062.092529,2180.774913,2,4128261
89393631,2026-08-01T21:02:48.5359999,1090.356091,1044.558568,2180.712183,2,729699
89231460,2026-08-01T00:22:17.8916698,1090.346101,1062.677277,2180.692203,2,3387271
89407898,2026-08-01T22:50:57.2772715,1090.345979,1078.026954,2180.691958,2,5949810
89335858,2026-08-01T13:46:04.4887755,1090.300657,1070.053631,2180.601314,2,5344651
89395280,2026-08-01T21:14:50.2147737,1090.296845,1089.349940,2180.593689,2,7210159
89399822,2026-08-01T21:50:47.9138182,1090.289117,1054.794259,2180.578233,2,4857126
89416880,2026-08-01T23:58:57.5138447,1090.238361,1066.472391,2180.476723,2,3975736
89392257,2026-08-01T20:50:49.6689592,1090.169715,1084.855905,2180.339430,2,3013572
89291874,2026-08-01T08:14:06.6196933,1090.150092,1065.990924,2180.300184,2,4771374
89231981,2026-08-01T00:26:17.9790881,1090.099039,1058.818747,2180.198078,2,5229098
89266585,2026-08-01T05:01:59.8498332,1090.087123,1052.799261,2180.174245,2,3911152
89278282,2026-08-01T06:30:00.2678276,1090.082015,1068.386219,2180.164029,2,5055756
89231499,2026-08-01T00:22:17.9951559,1090.069663,1085.288392,2180.139326,2,3028241
89231997,2026-08-01T00:26:18.0016270,1090.066204,1079.216008,2180.132408,2,744659
89231495,2026-08-01T00:22:17.9951142,1090.062364,1083.485899,2180.124728,2,5184222
89400007,2026-08-01T21:50:48.3731327,1090.061438,1087.842816,2180.122876,2,1726960
89281291,2026-08-01T06:54:01.1708227,1090.017791,1035.590543,2180.035582,2,3073647
89277224,2026-08-01T06:22:00.1644470,1089.969008,1051.706347,2179.938016,2,2980898
89233020,2026-08-01T00:34:18.1022456,1089.961569,1071.377852,2179.923138,2,5843472
89405798,2026-08-01T22:34:49.8576050,1089.870245,1085.488680,2179.740491,2,5910966
89404190,2026-08-01T22:22:49.9551197,1089.867961,1057.845721,2179.735922,2,3189903
89387459,2026-08-01T20:14:51.8549213,1089.837517,1065.577044,2179.675034,2,4066169
89257971,2026-08-01T03:54:01.9470792,1089.835247,1072.748115,2179.670494,2,5820478
89229917,2026-08-01T00:10:18.0683191,1089.828466,1016.469628,2179.656931,2,5343227
89415785,2026-08-01T23:50:57.4086833,1089.809067,1081.235373,2179.618135,2,3450508
89297841,2026-08-01T08:58:12.8307429,1089.794846,1081.226268,2179.589692,2,9153435
89281372,2026-08-01T06:54:01.3242728,1089.770287,1025.316731,2179.540574,2,1752530
89271756,2026-08-01T05:42:00.0236765,1089.757584,1079.301528,2179.515169,2,2859194
89346206,2026-08-01T15:02:36.6177065,1089.748375,1077.998300,2179.496750,2,9879348
89356579,2026-08-01T16:22:35.7546573,1089.695469,1045.945819,2179.390939,2,4038667
89395757,2026-08-01T21:18:51.5144677,1089.674402,1080.440219,2179.348805,2,3023608
89407878,2026-08-01T22:50:57.2272944,1089.656774,1088.402420,2179.313547,2,2977928
89414193,2026-08-01T23:38:56.9255741,1089.650427,1056.902093,2179.300853,2,5433672
89415777,2026-08-01T23:50:57.3871571,1089.518779,1063.531811,2179.037558,2,3833403
89239680,2026-08-01T01:26:18.4029436,1089.508564,1028.139514,2179.017128,2,4087977
89286507,2026-08-01T07:34:00.2589607,1089.492246,1080.753445,2178.984491,2,5571555
89397873,2026-08-01T21:34:49.5659621,1089.479740,1069.673121,2178.959479,2,3738950
89323997,2026-08-01T12:14:07.6651786,1089.467967,1030.638428,2178.935935,2,4621309
89400012,2026-08-01T21:50:48.4051313,1089.460767,1074.838343,2178.921535,2,5812295
89379901,2026-08-01T19:18:40.9514539,1089.414508,1072.667551,2178.829017,2,5168447
89413663,2026-08-01T23:34:59.7453976,1089.406747,1068.955010,2178.813493,2,5752671
89229933,2026-08-01T00:10:18.0877889,1089.391731,1070.540867,2178.783462,2,4728227
89263193,2026-08-01T04:34:02.3061471,1089.380222,1075.817052,2178.760444,2,5177702
89398396,2026-08-01T21:38:50.1789825,1089.323550,1038.720210,2178.647099,2,2736590
89389944,2026-08-01T20:34:51.6190918,1089.306857,1062.483033,2178.613713,2,4487470
89405272,2026-08-01T22:30:48.4175366,1089.272309,1080.505395,2178.544617,2,384642
89416343,2026-08-01T23:54:58.5326129,1089.214692,1073.890352,2178.429383,2,4326253
89329824,2026-08-01T12:58:04.9834319,1089.210972,1079.523738,2178.421945,2,3812593
89395923,2026-08-01T21:18:51.9447233,1089.193671,1080.021751,2178.387343,2,5084776
89352274,2026-08-01T15:50:36.3241827,1089.083729,1068.802268,2178.167457,2,4032097
89414222,2026-08-01T23:38:57.0156531,1089.064286,1063.588168,2178.128572,2,2271157
89381118,2026-08-01T19:26:42.1202771,1089.054361,1080.642156,2178.108723,2,5058339
89395336,2026-08-01T21:14:50.4257756,1089.015309,1075.051474,2178.030618,2,4152638
89396850,2026-08-01T21:26:50.3230247,1089.001362,1081.054738,2178.002723,2,4099752
89397325,2026-08-01T21:30:48.7340236,1088.930257,1048.837325,2177.860515,2,3905196
89339025,2026-08-01T14:10:04.5237066,1088.891460,1045.684569,2177.782920,2,2141251
89401032,2026-08-01T21:58:48.5729897,1088.857553,1062.773824,2177.715106,2,6198860
89405773,2026-08-01T22:34:49.7552829,1088.841194,1047.496527,2177.682388,2,6216341
89388504,2026-08-01T20:22:51.7863254,1088.792847,1067.995199,2177.585694,2,4579808
89390634,2026-08-01T20:38:49.4686350,1088.714017,1082.259625,2177.428034,2,6075161
89413678,2026-08-01T23:34:59.8144253,1088.690663,1085.497905,2177.381327,2,4321919
89241652,2026-08-01T01:45:30.6663386,1088.656514,1072.208753,2177.313028,2,7239755
89354473,2026-08-01T16:06:35.8647287,1088.633789,1073.939020,2177.267578,2,9488359
89410513,2026-08-01T23:10:57.4559799,1088.588537,1086.619749,2177.177075,2,3881071
89267890,2026-08-01T05:10:00.3742245,1088.567229,1075.801188,2177.134458,2,5269725
89408387,2026-08-01T22:54:58.1493899,1088.564961,1028.638685,2177.129923,2,4402843
89394224,2026-08-01T21:06:49.2278160,1088.547007,1077.584585,2177.094014,2,5786961
89396264,2026-08-01T21:22:48.4245064,1088.490405,1042.722492,2176.980810,2,1619040
89392206,2026-08-01T20:50:49.5278610,1088.476772,1077.206419,2176.953544,2,4067154
89401574,2026-08-01T22:02:48.6214396,1088.462970,1082.269812,2176.925941,2,3795268
89403668,2026-08-01T22:18:48.6453257,1088.451423,1061.248724,2176.902846,2,3988304
89408929,2026-08-01T22:58:57.4101317,1088.445027,1070.801247,2176.890053,2,5727895
89413681,2026-08-01T23:34:59.8303313,1088.355421,1066.300027,2176.710841,2,6671604
89396827,2026-08-01T21:26:50.2744298,1088.347534,1086.819421,2176.695068,2,5993716
89413146,2026-08-01T23:30:57.5165341,1088.311812,1088.256466,2176.623624,2,3629985
89231560,2026-08-01T00:22:17.9734642,1088.253054,1081.418980,2176.506108,2,3721115
89233016,2026-08-01T00:34:18.0984461,1088.225850,1065.612280,2176.451700,2,6557281
89414591,2026-08-01T23:42:57.6767900,1088.219445,1051.245484,2176.438890,2,4442898
89308663,2026-08-01T10:18:04.7825750,1088.143724,1055.898132,2176.287449,2,4729606
89413120,2026-08-01T23:30:57.4466439,1088.040335,1047.055923,2176.080670,2,1657819
89271006,2026-08-01T05:34:01.5110542,1088.039560,1058.652876,2176.079119,2,4495991
89403156,2026-08-01T22:14:49.5102687,1088.029030,1078.656842,2176.058060,2,5509167
89415790,2026-08-01T23:50:57.4201560,1087.993793,1083.555912,2175.987586,2,1351176
89406346,2026-08-01T22:38:57.5398444,1087.989876,1080.050588,2175.979751,2,4266683
89412089,2026-08-01T23:22:58.1344212,1087.982106,1085.672204,2175.964211,2,6840380
89330685,2026-08-01T13:06:04.4230930,1087.975810,1074.999786,2175.951619,2,4100086
89229943,2026-08-01T00:10:18.1026597,1087.946528,1076.517947,2175.893056,2,4592721
89389109,2026-08-01T20:26:51.1064740,1087.912998,1065.890470,2175.825997,2,4083330
89393788,2026-08-01T21:02:49.0178235,1087.877607,1082.556764,2175.755213,2,4432564
89400129,2026-08-01T21:50:48.6802338,1087.876095,1069.021177,2175.752191,2,3493281
89271528,2026-08-01T05:38:00.4608138,1087.798489,1041.357075,2175.596979,2,5281849
89378725,2026-08-01T19:10:42.3144092,1087.775572,1087.276935,2175.551144,2,3808143
89295085,2026-08-01T08:38:05.8362064,1087.755745,1031.996153,2175.511490,2,5909708
89402091,2026-08-01T22:06:49.2607734,1087.715211,1055.416145,2175.430422,2,4493649
89272299,2026-08-01T05:46:00.3113583,1087.713450,1030.112750,2175.426900,2,5995367
89234646,2026-08-01T00:46:18.9531740,1087.702274,1074.342087,2175.404548,2,5357380
89414719,2026-08-01T23:42:58.0561633,1087.679050,1039.653562,2175.358100,2,9903316
89355132,2026-08-01T16:10:35.8235349,1087.656614,1058.977599,2175.313227,2,4828600
89395322,2026-08-01T21:14:50.3510669,1087.601493,1086.153621,2175.202986,2,8178292
89237096,2026-08-01T01:06:17.8486771,1087.543248,1080.834595,2175.086496,2,5496575
89344360,2026-08-01T14:50:35.8116813,1087.522259,1065.703627,2175.044518,2,3693316
89278724,2026-08-01T06:34:00.9140505,1087.516162,995.554679,2175.032323,2,4526271
89408403,2026-08-01T22:54:58.2167614,1087.514569,1070.209609,2175.029137,2,2545757
89296824,2026-08-01T08:50:06.0677073,1087.507844,1079.072843,2175.015688,2,5238412
89393270,2026-08-01T20:58:50.6590079,1087.427452,1086.119795,2174.854904,2,4233812
89399404,2026-08-01T21:46:48.1133025,1087.413584,1063.605610,2174.827168,2,6591122
89401565,2026-08-01T22:02:48.6065807,1087.412669,1073.788749,2174.825338,2,3033521
89232002,2026-08-01T00:26:18.0079814,1087.389213,1080.556003,2174.778426,2,2709238
89409437,2026-08-01T23:02:57.6938487,1087.372696,1030.302601,2174.745392,2,6280559
89388039,2026-08-01T20:18:51.4215080,1087.358322,1056.968241,2174.716644,2,6388063
89239176,2026-08-01T01:22:17.7620042,1087.328551,1022.554596,2174.657101,2,1585093
89364129,2026-08-01T17:18:42.9618674,1087.298430,1065.823163,2174.596859,2,3894195
89395939,2026-08-01T21:18:51.9661705,1087.291997,1078.522337,2174.583994,2,7450858
89403131,2026-08-01T22:14:49.4221543,1087.244042,1024.837551,2174.488084,2,4327651
89401120,2026-08-01T21:58:48.8378520,1087.229738,1057.000038,2174.459476,2,7463560
89287230,2026-08-01T07:38:04.6312948,1087.205622,1061.894936,2174.411243,2,4000297
89230464,2026-08-01T00:14:18.0694385,1087.172541,1081.098949,2174.345082,2,6148731
89329816,2026-08-01T12:58:04.9750550,1087.160556,1072.763069,2174.321112,2,6187296
89323972,2026-08-01T12:14:07.6379675,1087.153659,1080.248445,2174.307319,2,5954643
89408404,2026-08-01T22:54:58.2243614,1087.151035,1073.831203,2174.302071,2,4598262
89405768,2026-08-01T22:34:49.7284702,1087.135616,1030.260213,2174.271231,2,4314415
89393293,2026-08-01T20:58:50.7376259,1087.133401,1086.054577,2174.266801,2,7705110
89397431,2026-08-01T21:30:49.0100310,1087.130317,1049.771141,2174.260633,2,5477762
89400001,2026-08-01T21:50:48.3491989,1087.098940,1085.035752,2174.197881,2,4127825
89409447,2026-08-01T23:02:57.7273931,1087.021997,1046.827267,2174.043994,2,4438959
89229389,2026-08-01T00:06:18.0964378,1087.008702,1054.104016,2174.017405,2,5046651
89230968,2026-08-01T00:18:18.3853725,1086.972552,1076.601416,2173.945104,2,4631557
89307959,2026-08-01T10:14:05.7528747,1086.972220,1079.650197,2173.944440,2,5151290
89398232,2026-08-01T21:38:49.7306611,1086.963216,1071.701819,2173.926431,2,5155049
89344080,2026-08-01T14:46:36.7424321,1086.957220,1056.290958,2173.914439,2,5200987
89382534,2026-08-01T19:38:43.2711267,1086.950502,1078.547971,2173.901004,2,3661188
89335343,2026-08-01T13:42:04.4160261,1086.924337,1055.109164,2173.848674,2,6741103
89366570,2026-08-01T17:38:40.7700391,1086.905528,1075.726133,2173.811055,2,6455830
89392231,2026-08-01T20:50:49.6088182,1086.892422,1086.880231,2173.784844,2,6546335
89395774,2026-08-01T21:18:51.5529245,1086.888616,1078.015128,2173.777232,2,7104930
89232937,2026-08-01T00:34:17.9899976,1086.884161,1070.375309,2173.768323,2,5888068
89356069,2026-08-01T16:18:35.0657098,1086.870004,1052.241544,2173.740008,2,6028095
89406845,2026-08-01T22:42:57.4476911,1086.859698,1076.237439,2173.719396,2,5619596
89412080,2026-08-01T23:22:58.1190001,1086.820161,1079.470705,2173.640322,2,6285449
89395179,2026-08-01T21:14:49.8308944,1086.804911,1073.615459,2173.609823,2,4830539
89413653,2026-08-01T23:34:59.7307438,1086.755721,1027.249613,2173.511443,2,4462488
89406306,2026-08-01T22:38:57.4528542,1086.744824,1075.119352,2173.489648,2,3900859
89395235,2026-08-01T21:14:50.0375806,1086.724289,1084.771716,2173.448578,2,4746941
89399448,2026-08-01T21:46:48.1450868,1086.696995,1072.100328,2173.393990,2,4470810
89407337,2026-08-01T22:46:57.6226232,1086.691013,1045.783745,2173.382026,2,5366511
89366723,2026-08-01T17:38:41.2069525,1086.677890,1029.740717,2173.355781,2,3869876
89412636,2026-08-01T23:26:57.7152367,1086.666429,1070.894630,2173.332858,2,7166857
89321100,2026-08-01T11:54:07.1533490,1086.666313,1076.923344,2173.332626,2,3592900
89287325,2026-08-01T07:38:04.7474185,1086.659445,1073.272564,2173.318889,2,6265702
89401068,2026-08-01T21:58:48.6703012,1086.659219,1082.164436,2173.318439,2,6436886
89394689,2026-08-01T21:10:51.3298264,1086.651538,1045.900836,2173.303075,2,6003120
89407877,2026-08-01T22:50:57.2250613,1086.645289,1072.536303,2173.290578,2,8684587
89233526,2026-08-01T00:38:17.8901365,1086.644598,1057.851689,2173.289196,2,6406639
89230950,2026-08-01T00:18:18.3645911,1086.617261,1061.551592,2173.234521,2,5544798
89234004,2026-08-01T00:42:18.1376358,1086.611379,1062.712547,2173.222758,2,3718696
89414194,2026-08-01T23:38:56.9257449,1086.608159,1050.312407,2173.216318,2,5390462
89234046,2026-08-01T00:42:18.2324746,1086.541246,1074.736695,2173.082492,2,3806385
89304172,2026-08-01T09:46:04.4106729,1086.539699,1050.596691,2173.079397,2,4002923
89407880,2026-08-01T22:50:57.2331489,1086.455505,1073.553827,2172.911009,2,4266616
89306509,2026-08-01T10:02:04.7408524,1086.452524,1071.321097,2172.905048,2,6156009
89395284,2026-08-01T21:14:50.2282974,1086.437083,1082.100943,2172.874166,2,5076593
89386932,2026-08-01T20:10:51.6132361,1086.430652,1085.476897,2172.861304,2,4182624
89359473,2026-08-01T16:42:41.4249706,1086.427610,1054.706361,2172.855220,2,4348818
89393627,2026-08-01T21:02:48.5284837,1086.406801,1035.339314,2172.813603,2,3127710
89399415,2026-08-01T21:46:48.1197739,1086.398704,1064.951100,2172.797407,2,7754301
89327175,2026-08-01T12:38:04.7600193,1086.387594,1013.253682,2172.775187,2,6939340
89396868,2026-08-01T21:26:50.3624314,1086.386559,1078.564592,2172.773119,2,6557315
89388532,2026-08-01T20:22:51.9194972,1086.332106,1085.984199,2172.664212,2,3412477
89405264,2026-08-01T22:30:48.4059147,1086.239197,1068.238037,2172.478395,2,5225906
89412099,2026-08-01T23:22:58.1503181,1086.198806,1080.360109,2172.397612,2,4813887
89351176,2026-08-01T15:42:35.2785831,1086.171166,1074.860348,2172.342333,2,4655176
89295695,2026-08-01T08:42:04.5207591,1086.148972,1071.423783,2172.297944,2,4013182
89398930,2026-08-01T21:42:48.2109512,1086.146075,1041.773012,2172.292149,2,4770566
89395232,2026-08-01T21:14:50.0281478,1086.138053,1073.370596,2172.276106,2,4611241
89403158,2026-08-01T22:14:49.5143813,1086.130336,1078.914755,2172.260671,2,4783747
89407862,2026-08-01T22:50:57.1745087,1086.114428,1049.487125,2172.228857,2,4905961
89398976,2026-08-01T21:42:48.3228152,1086.089463,1079.275214,2172.178926,2,4584151
89261651,2026-08-01T04:22:00.2015213,1086.086444,1081.006371,2172.172888,2,5395458
89407401,2026-08-01T22:46:57.8124942,1086.070447,1071.698940,2172.140895,2,6306483
89338693,2026-08-01T14:06:04.5479844,1086.048284,1075.556736,2172.096567,2,5202144
89405802,2026-08-01T22:34:49.9042425,1085.980111,1082.833580,2171.960223,2,5279002
89367758,2026-08-01T17:46:40.3613583,1085.950322,1068.205445,2171.900644,2,5581115
89401630,2026-08-01T22:02:48.7532297,1085.920455,1066.653174,2171.840911,2,6061614
89402116,2026-08-01T22:06:49.3336801,1085.890619,1083.701567,2171.781239,2,3652262
89310264,2026-08-01T10:30:06.0625800,1085.890041,1075.217675,2171.780082,2,6142600
89411574,2026-08-01T23:18:57.6276283,1085.874408,1081.018720,2171.748815,2,4975821
89369776,2026-08-01T18:02:42.4539511,1085.867758,1063.753843,2171.735517,2,4571724
89394750,2026-08-01T21:10:51.5158804,1085.865468,1076.451516,2171.730936,2,4219049
89405290,2026-08-01T22:30:48.4570852,1085.697961,1073.319127,2171.395922,2,5066022
89351162,2026-08-01T15:42:35.2420437,1085.603960,1072.778647,2171.207920,2,2132150
89309099,2026-08-01T10:22:04.8065926,1085.582117,1071.493661,2171.164233,2,3287829
89403687,2026-08-01T22:18:48.6664920,1085.570127,1081.305348,2171.140254,2,3368560
89405763,2026-08-01T22:34:49.7099407,1085.563245,1049.834534,2171.126490,2,3449544
89404207,2026-08-01T22:22:50.1241004,1085.536669,1080.870338,2171.073339,2,6615533
89337138,2026-08-01T13:54:08.4730408,1085.526601,1081.377510,2171.053202,2,4654159
89402610,2026-08-01T22:10:48.8257216,1085.508966,1052.148253,2171.017933,2,5467650
89415235,2026-08-01T23:46:57.5400357,1085.376418,1010.218592,2170.752835,2,4116053
89407883,2026-08-01T22:50:57.2426502,1085.345412,1074.543143,2170.690823,2,4839446
89405753,2026-08-01T22:34:49.6512093,1085.334017,997.539365,2170.668033,2,2635813
89401571,2026-08-01T22:02:48.6131686,1085.328496,1080.831005,2170.656991,2,3593585
89398939,2026-08-01T21:42:48.2229818,1085.303238,1061.669131,2170.606476,2,7186312
89402630,2026-08-01T22:10:48.8509966,1085.293751,1083.158846,2170.587503,2,4519320
89292454,2026-08-01T08:18:04.6058296,1085.266364,1070.126935,2170.532728,2,6338378
89397336,2026-08-01T21:30:48.7491423,1085.250646,1063.236125,2170.501292,2,3385284
89399992,2026-08-01T21:50:48.3367158,1085.233259,1069.267077,2170.466518,2,10618062
89340794,2026-08-01T14:22:04.8034109,1085.219253,1083.701232,2170.438506,2,4330123
89325387,2026-08-01T12:26:04.2507822,1085.208353,1075.902402,2170.416706,2,4440528
89259146,2026-08-01T04:02:00.5220158,1085.147898,1071.271754,2170.295796,2,1497668
89393634,2026-08-01T21:02:48.5408692,1085.137412,1045.935118,2170.274825,2,6516085
89399414,2026-08-01T21:46:48.1210394,1085.136607,1053.302121,2170.273214,2,3047977
89382183,2026-08-01T19:34:45.3201881,1085.134842,1025.323850,2170.269684,2,5063334
89387989,2026-08-01T20:18:51.2271292,1085.130802,1062.681632,2170.261605,2,6369939
89305976,2026-08-01T09:58:04.8208370,1085.097604,1079.120521,2170.195208,2,6513778
89256422,2026-08-01T03:42:00.1098206,1085.077132,1081.723451,2170.154265,2,597982
89392215,2026-08-01T20:50:49.5419638,1085.050054,1081.959053,2170.100107,2,7347626
89323783,2026-08-01T12:14:07.3267999,1085.037518,1069.418105,2170.075036,2,6248803
89402103,2026-08-01T22:06:49.3119439,1085.030555,1084.885540,2170.061110,2,5788465
89351702,2026-08-01T15:46:36.5785778,1085.027202,1067.409482,2170.054404,2,5392841
89266391,2026-08-01T04:58:00.5612514,1085.003307,1066.941875,2170.006613,2,4114561
89379828,2026-08-01T19:18:40.6802351,1084.980692,1061.362291,2169.961383,2,3490828
89346406,2026-08-01T15:06:34.4780224,1084.941598,1062.925472,2169.883195,2,3912677
89396808,2026-08-01T21:26:50.2341635,1084.919377,1045.004232,2169.838755,2,3978256
89393715,2026-08-01T21:02:48.7819673,1084.898296,1083.611152,2169.796592,2,7154596
89408417,2026-08-01T22:54:58.2443245,1084.893096,1078.692758,2169.786192,2,4196248
89406314,2026-08-01T22:38:57.4636203,1084.858699,1083.432084,2169.717399,2,5009698
89303114,2026-08-01T09:38:04.3337615,1084.845485,1075.668946,2169.690970,2,4604127
89353309,2026-08-01T15:58:34.7479632,1084.822261,1066.660106,2169.644522,2,5703527
89261090,2026-08-01T04:18:00.2188880,1084.806965,1059.700614,2169.613929,2,7587887
89273033,2026-08-01T05:50:00.3059732,1084.801014,1021.580065,2169.602028,2,4404472
89398917,2026-08-01T21:42:48.1251221,1084.753293,1029.600374,2169.506587,2,3925609
89229396,2026-08-01T00:06:18.1391025,1084.667670,1051.582694,2169.335340,2,5010205
89396810,2026-08-01T21:26:50.2388441,1084.665126,1053.987513,2169.330251,2,3864062
89228889,2026-08-01T00:02:17.8443051,1084.663225,1079.066661,2169.326451,2,4126756
89316023,2026-08-01T11:14:06.7312145,1084.601151,1082.023479,2169.202302,2,9686806
89390540,2026-08-01T20:38:49.2110751,1084.593166,1053.884457,2169.186332,2,4930128
89403689,2026-08-01T22:18:48.6677666,1084.564779,1081.641535,2169.129557,2,5250119
89407350,2026-08-01T22:46:57.6593830,1084.559392,1067.572231,2169.118785,2,5021116
89401555,2026-08-01T22:02:48.5665216,1084.549972,1043.508052,2169.099945,2,6103965
89390039,2026-08-01T20:34:52.0468425,1084.508593,1055.451722,2169.017185,2,3355780
89394695,2026-08-01T21:10:51.3514957,1084.492683,1055.791496,2168.985366,2,5386242
89237223,2026-08-01T01:06:18.0957651,1084.484486,1064.581138,2168.968972,2,5197768
89385357,2026-08-01T19:58:49.7723220,1084.484218,1055.049066,2168.968437,2,5388961
89344038,2026-08-01T14:46:36.6539048,1084.481093,1070.474500,2168.962187,2,6576843
89309553,2026-08-01T10:26:04.2508086,1084.472475,1073.584148,2168.944950,2,5922043
89369944,2026-08-01T18:02:43.2976240,1084.428351,1044.291226,2168.856702,2,5445277
89400519,2026-08-01T21:54:49.8429946,1084.412006,1078.624114,2168.824012,2,4306523
89407874,2026-08-01T22:50:57.2167291,1084.381569,1073.353915,2168.763138,2,6925375
89413154,2026-08-01T23:30:57.5347209,1084.381198,1069.446367,2168.762396,2,5442631
89285059,2026-08-01T07:22:00.6163553,1084.349118,1056.339740,2168.698236,2,5164541
89244685,2026-08-01T02:09:30.6232432,1084.262919,1066.573925,2168.525839,2,5116089
89229422,2026-08-01T00:06:18.1709920,1084.251252,1073.139307,2168.502503,2,4801216
89334793,2026-08-01T13:38:04.2719695,1084.213026,1068.993460,2168.426053,2,1007166
89307024,2026-08-01T10:06:04.6712001,1084.210954,1078.439629,2168.421908,2,6590132
89395751,2026-08-01T21:18:51.4812393,1084.180344,1065.959563,2168.360688,2,7894331
89283981,2026-08-01T07:14:01.7684967,1084.160945,1066.010722,2168.321889,2,3518493
89397332,2026-08-01T21:30:48.7438866,1084.078395,1064.952250,2168.156790,2,3414318
89278062,2026-08-01T06:29:59.9603071,1084.070810,1054.170132,2168.141621,2,6483209
89410027,2026-08-01T23:06:57.5353818,1084.020085,1069.337310,2168.040171,2,7075825
89308488,2026-08-01T10:18:04.5451658,1084.018804,1072.547703,2168.037608,2,5450594
89358249,2026-08-01T16:34:37.8143927,1083.928199,1067.449330,2167.856398,2,4215198
89407363,2026-08-01T22:46:57.7123675,1083.926843,1074.189284,2167.853687,2,4499248
89405263,2026-08-01T22:30:48.3786538,1083.924203,1064.042255,2167.848406,2,3552359
89416308,2026-08-01T23:54:58.4294032,1083.900682,1049.495399,2167.801363,2,6000040
89400020,2026-08-01T21:50:48.4194372,1083.873443,1082.310542,2167.746886,2,3588191
89342221,2026-08-01T14:34:42.0132284,1083.817725,1064.324914,2167.635449,2,5268524
89402615,2026-08-01T22:10:48.8346312,1083.808092,1055.064498,2167.616185,2,8197745
89413654,2026-08-01T23:34:59.7309543,1083.751469,1032.477348,2167.502938,2,5817401
89406294,2026-08-01T22:38:57.4261928,1083.750208,1052.901026,2167.500416,2,5114515
89231491,2026-08-01T00:22:17.9950673,1083.730252,1082.159061,2167.460505,2,4777715
89416855,2026-08-01T23:58:57.4449544,1083.694267,1049.840012,2167.388535,2,3935961
89302582,2026-08-01T09:34:07.2162458,1083.669642,1082.705198,2167.339283,2,6759246
89401044,2026-08-01T21:58:48.6272046,1083.661651,1074.648614,2167.323301,2,4604382
89406818,2026-08-01T22:42:57.4064388,1083.655736,1049.955043,2167.311473,2,7403074
89366270,2026-08-01T17:34:42.2405279,1083.646242,1055.727318,2167.292484,2,6860517
89259994,2026-08-01T04:10:00.1308573,1083.628550,1056.411994,2167.257100,2,2124362
89401579,2026-08-01T22:02:48.6359450,1083.611167,1080.287842,2167.222334,2,4233304
89401051,2026-08-01T21:58:48.6384069,1083.610359,1080.517108,2167.220719,2,5651473
89407881,2026-08-01T22:50:57.2368901,1083.609115,1069.387763,2167.218230,2,5432397
89394651,2026-08-01T21:10:51.2159915,1083.608621,1078.715420,2167.217242,2,6220973
89399406,2026-08-01T21:46:48.1123787,1083.586266,1033.531694,2167.172531,2,4565719
89396310,2026-08-01T21:22:48.5350700,1083.573277,1081.576899,2167.146553,2,4942243
89380342,2026-08-01T19:22:43.3896199,1083.571713,1074.027792,2167.143426,2,3815473
89229925,2026-08-01T00:10:18.0791721,1083.522922,1041.761139,2167.045843,2,665648
89282272,2026-08-01T07:02:00.0833512,1083.501833,1013.463928,2167.003666,2,3748599
89281472,2026-08-01T06:54:01.5828704,1083.500712,1034.020401,2167.001423,2,5141679
89237950,2026-08-01T01:14:17.6469172,1083.498023,1065.139579,2166.996046,2,4732400
89402106,2026-08-01T22:06:49.3138051,1083.490541,1079.091179,2166.981082,2,388660
89408926,2026-08-01T22:58:57.3795170,1083.490527,1061.779300,2166.981055,2,2655333
89404744,2026-08-01T22:26:48.3309981,1083.450127,1055.594762,2166.900253,2,8529874
89315024,2026-08-01T11:06:05.1405011,1083.440674,1081.611126,2166.881348,2,4610876
89402638,2026-08-01T22:10:48.9094601,1083.440150,1075.754250,2166.880299,2,5622033
89393557,2026-08-01T21:02:48.3440793,1083.433072,1057.054720,2166.866143,2,2208156
89261080,2026-08-01T04:18:00.2070196,1083.426248,1073.331357,2166.852495,2,6388696
89403140,2026-08-01T22:14:49.4521210,1083.409604,1058.808704,2166.819208,2,6565279
89357801,2026-08-01T16:30:36.5472790,1083.397782,1077.519899,2166.795563,2,5703739
89332329,2026-08-01T13:18:04.7110740,1083.394714,1061.900337,2166.789428,2,5731806
89412620,2026-08-01T23:26:57.6636155,1083.391261,1081.830733,2166.782521,2,6234690
89409443,2026-08-01T23:02:57.7158509,1083.364438,1051.084378,2166.728875,2,2825605
89411006,2026-08-01T23:14:57.9579051,1083.356078,1023.824685,2166.712156,2,5728330
89237136,2026-08-01T01:06:17.9418961,1083.346275,1021.606329,2166.692549,2,2273043
89412063,2026-08-01T23:22:58.0592815,1083.342701,1032.606883,2166.685402,2,4556286
89234070,2026-08-01T00:42:18.2791274,1083.303564,1065.268098,2166.607128,2,3063009
89230461,2026-08-01T00:14:18.0657475,1083.291757,1067.443495,2166.583514,2,5588462
89395297,2026-08-01T21:14:50.2643441,1083.281196,1073.569984,2166.562393,2,5789531
89392614,2026-08-01T20:54:51.3604500,1083.221054,1055.541743,2166.442108,2,4888592
89411570,2026-08-01T23:18:57.6243330,1083.162239,1080.318327,2166.324478,2,4516574
89412086,2026-08-01T23:22:58.1342841,1083.134931,1076.031683,2166.269863,2,3975380
89236186,2026-08-01T00:58:17.9439019,1083.123098,1070.288839,2166.246196,2,6542387
89414737,2026-08-01T23:42:58.1353314,1083.093689,1081.196226,2166.187379,2,4858653
89230435,2026-08-01T00:14:18.0403610,1083.020334,1044.564041,2166.040668,2,6573029
89407366,2026-08-01T22:46:57.7206695,1083.012010,1072.948009,2166.024020,2,4252936
89415267,2026-08-01T23:46:57.6254492,1083.011667,1080.434335,2166.023333,2,5380041
89234622,2026-08-01T00:46:18.9373205,1082.968675,1046.438951,2165.937350,2,5320200
89344589,2026-08-01T14:50:36.2716033,1082.934618,1043.851477,2165.869236,2,1837342
89396823,2026-08-01T21:26:50.2649425,1082.848108,1062.390872,2165.696217,2,3379679
89350126,2026-08-01T15:34:39.6338733,1082.830409,1025.063165,2165.660818,2,4912099
89228884,2026-08-01T00:02:17.8561678,1082.816027,1072.531943,2165.632054,2,4781620
89411548,2026-08-01T23:18:57.5472755,1082.786352,1063.583726,2165.572703,2,4681291
89383247,2026-08-01T19:42:49.5476753,1082.783075,1081.136669,2165.566149,2,8053869
89268933,2026-08-01T05:18:00.3740034,1082.762762,1053.938411,2165.525524,2,3582438
89392177,2026-08-01T20:50:49.4424416,1082.759650,1065.647724,2165.519300,2,4802713
89383787,2026-08-01T19:46:49.9229370,1082.735988,1014.073969,2165.471976,2,6067567
89332119,2026-08-01T13:18:04.3794020,1082.704202,1082.572545,2165.408404,2,4665647
89234067,2026-08-01T00:42:18.1552247,1082.684694,1064.700136,2165.369389,2,6054862
89278533,2026-08-01T06:34:00.6131723,1082.674279,1067.147481,2165.348559,2,3577620
89406317,2026-08-01T22:38:57.4728942,1082.670982,1079.337096,2165.341963,2,6332069
89233985,2026-08-01T00:42:18.0714859,1082.566143,1032.451952,2165.132287,2,4834043
89406332,2026-08-01T22:38:57.5200114,1082.565445,1081.473912,2165.130890,2,2219048
89397280,2026-08-01T21:30:48.6098857,1082.517044,1077.597149,2165.034089,2,4129419
89396747,2026-08-01T21:26:50.0707884,1082.496722,1049.403167,2164.993443,2,5424249
89392081,2026-08-01T20:50:49.1432113,1082.488264,1047.455263,2164.976527,2,3385774
89293553,2026-08-01T08:26:04.4802803,1082.446010,1077.555058,2164.892020,2,4733922
89304190,2026-08-01T09:46:04.4291975,1082.399516,1065.077107,2164.799033,2,6216040
89394681,2026-08-01T21:10:51.3115251,1082.396378,1035.370298,2164.792755,2,3260664
89405797,2026-08-01T22:34:49.8512533,1082.391961,1081.757979,2164.783923,2,6445744
89357154,2026-08-01T16:26:34.8338259,1082.389546,1036.861585,2164.779091,2,6500007
89408912,2026-08-01T22:58:57.3528026,1082.380466,1023.191362,2164.760932,2,4684798
89393454,2026-08-01T21:02:48.0977423,1082.363699,1012.588706,2164.727398,2,6355323
89398938,2026-08-01T21:42:48.2229813,1082.360281,1058.155287,2164.720563,2,4830667
89310633,2026-08-01T10:34:05.4308610,1082.341656,1074.257659,2164.683311,2,7138709
89277732,2026-08-01T06:26:00.3474267,1082.339661,1058.458597,2164.679323,2,5372234
89277538,2026-08-01T06:26:00.0572543,1082.327488,1054.374576,2164.654977,2,5763307
89395742,2026-08-01T21:18:51.4518087,1082.244946,1045.356732,2164.489892,2,4331223
89396113,2026-08-01T21:22:48.0472870,1082.233308,1041.923936,2164.466616,2,2990295
89345892,2026-08-01T15:02:35.9619619,1082.198025,1072.542857,2164.396049,2,5171362
89228872,2026-08-01T00:02:17.8458218,1082.193660,1074.541014,2164.387319,2,3286122
89289734,2026-08-01T07:58:04.5469961,1082.185537,1047.541551,2164.371074,2,5123570
89415262,2026-08-01T23:46:57.6151793,1082.170056,1070.938185,2164.340111,2,4962143
89306410,2026-08-01T10:02:04.6155198,1082.133742,995.874071,2164.267483,2,4525212
89402623,2026-08-01T22:10:48.8420601,1082.126686,1055.709400,2164.253373,2,5558513
89414718,2026-08-01T23:42:58.0582880,1082.060306,1045.987887,2164.120611,2,6923742
89397869,2026-08-01T21:34:49.5574496,1082.048279,1062.183834,2164.096557,2,3664334
89277244,2026-08-01T06:22:00.4510412,1082.035412,1054.094087,2164.070824,2,4798664
89231472,2026-08-01T00:22:17.9638716,1081.993517,1049.014161,2163.987033,2,6591946
89233528,2026-08-01T00:38:17.8930247,1081.991511,1055.428059,2163.983022,2,883374
89370384,2026-08-01T18:06:43.9768458,1081.960365,1066.609995,2163.920730,2,3680203
89405060,2026-08-01T22:30:47.9161738,1081.947398,1022.853030,2163.894796,2,4684523
89311293,2026-08-01T10:38:04.6510320,1081.929088,1030.554529,2163.858176,2,4787318
89229942,2026-08-01T00:10:18.1010768,1081.928520,1073.621923,2163.857039,2,5045952
89411016,2026-08-01T23:14:57.9861035,1081.916015,1048.964894,2163.832030,2,2881570
89282756,2026-08-01T07:05:59.8863994,1081.880308,1036.020690,2163.760617,2,2862507
89318647,2026-08-01T11:34:06.5519429,1081.862780,1079.497865,2163.725560,2,5956103
89333237,2026-08-01T13:26:04.1525176,1081.821713,1073.838689,2163.643426,2,3455728
89330183,2026-08-01T13:02:04.4809102,1081.778798,1071.186094,2163.557597,2,3873963
89268347,2026-08-01T05:14:01.0624187,1081.775384,1061.313854,2163.550768,2,5228307
89392226,2026-08-01T20:50:49.5692481,1081.765178,1080.092600,2163.530356,2,6071471
89370911,2026-08-01T18:10:41.8526343,1081.739507,1058.986968,2163.479014,2,4049290
89366194,2026-08-01T17:34:42.0171445,1081.734230,1036.700179,2163.468461,2,3716449
89331098,2026-08-01T13:10:04.8117652,1081.720498,1074.923268,2163.440996,2,2347798
89316009,2026-08-01T11:14:06.7147422,1081.694924,1081.502310,2163.389849,2,6148220
89397988,2026-08-01T21:34:50.1160195,1081.679002,1075.572376,2163.358005,2,6635776
89291389,2026-08-01T08:10:04.6688106,1081.677499,1065.162077,2163.354999,2,8981066
89402083,2026-08-01T22:06:49.2456019,1081.664703,1034.375972,2163.329407,2,3343300
89287857,2026-08-01T07:42:04.8189793,1081.651944,1067.055798,2163.303887,2,1235268
89314206,2026-08-01T11:02:04.2888375,1081.625713,1070.979852,2163.251426,2,3731668
89303570,2026-08-01T09:42:04.1210775,1081.613143,1030.329336,2163.226286,2,4024405
89389471,2026-08-01T20:30:51.6613430,1081.595847,1046.838290,2163.191695,2,4606900
89397875,2026-08-01T21:34:49.6082102,1081.582318,1054.649236,2163.164637,2,6245032
89392661,2026-08-01T20:54:51.5647017,1081.580862,1062.897866,2163.161725,2,776362
89266070,2026-08-01T04:57:59.9599121,1081.572027,1055.818315,2163.144054,2,3781502
89233531,2026-08-01T00:38:17.8953864,1081.513653,1066.566099,2163.027305,2,5034747
89394296,2026-08-01T21:06:49.4153537,1081.488940,1078.347744,2162.977880,2,8141691
89394833,2026-08-01T21:10:51.7752816,1081.483411,1077.259482,2162.966822,2,2956402
89397874,2026-08-01T21:34:49.6085729,1081.470866,1067.528171,2162.941732,2,6039381
89240206,2026-08-01T01:33:56.0303035,1081.451529,1006.668061,2162.903058,2,4557168
89326982,2026-08-01T12:38:04.4335129,1081.443709,1066.011592,2162.887419,2,6821865
89402090,2026-08-01T22:06:49.2528638,1081.428368,1041.978027,2162.856736,2,5119223
89382015,2026-08-01T19:34:44.3112110,1081.428193,1077.615359,2162.856386,2,2108988
89235585,2026-08-01T00:54:18.3611680,1081.408810,1058.284892,2162.817620,2,7091092
89415298,2026-08-01T23:46:57.7199486,1081.349855,1058.442579,2162.699710,2,4588893
89339746,2026-08-01T14:14:05.9178544,1081.300691,1077.927609,2162.601382,2,4312268
89382421,2026-08-01T19:38:42.8214702,1081.253305,1027.476558,2162.506610,2,6601859
89371586,2026-08-01T18:14:44.9188200,1081.246086,1054.788760,2162.492172,2,3101497
89398949,2026-08-01T21:42:48.2386467,1081.221043,1066.524277,2162.442086,2,4152116
89366690,2026-08-01T17:38:41.1156795,1081.211470,1080.235371,2162.422939,2,3682105
89242305,2026-08-01T01:49:30.5666676,1081.206916,1076.017296,2162.413832,2,6007626
89401042,2026-08-01T21:58:48.6263381,1081.186245,1077.559739,2162.372489,2,4964063
89391643,2026-08-01T20:46:49.2357395,1081.181171,1058.244877,2162.362343,2,5179703
89410512,2026-08-01T23:10:57.4520520,1081.149319,1071.929280,2162.298639,2,4448740
89315492,2026-08-01T11:10:04.8192112,1081.143148,1080.063013,2162.286297,2,9309036
89399064,2026-08-01T21:42:48.5449748,1081.138307,1062.341900,2162.276615,2,7214580
89250677,2026-08-01T02:57:30.4222561,1081.125887,1071.596434,2162.251773,2,4020126
89416305,2026-08-01T23:54:58.4254060,1081.102243,1025.893364,2162.204486,2,5797684
89329783,2026-08-01T12:58:04.9368620,1081.084738,1075.481602,2162.169476,2,2692867
89296400,2026-08-01T08:46:07.1372908,1081.040437,1042.170289,2162.080874,2,5106987
89397877,2026-08-01T21:34:49.6123537,1081.033256,1068.328894,2162.066511,2,3267405
89392173,2026-08-01T20:50:49.4360189,1080.983186,1070.946426,2161.966372,2,3151781
89407852,2026-08-01T22:50:57.1600782,1080.979526,1019.415506,2161.959051,2,4652497
89405159,2026-08-01T22:30:48.1440543,1080.940799,1059.453718,2161.881598,2,8266765
89408998,2026-08-01T22:58:57.5428437,1080.918722,1069.502209,2161.837445,2,5479774
89395227,2026-08-01T21:14:50.0152626,1080.909349,1050.242585,2161.818699,2,5181847
89402107,2026-08-01T22:06:49.3132291,1080.875821,1069.021879,2161.751642,2,5325150
89397333,2026-08-01T21:30:48.7441032,1080.867486,1053.906281,2161.734972,2,5339246
89314911,2026-08-01T11:06:04.9590138,1080.858011,1057.985631,2161.716022,2,5501431
89393041,2026-08-01T20:58:49.9554748,1080.855064,1077.676908,2161.710128,2,6185479
89297492,2026-08-01T08:54:08.8156645,1080.808906,1045.546469,2161.617812,2,5919543
89251897,2026-08-01T03:05:30.2082377,1080.802748,1059.813038,2161.605497,2,6776280
89402096,2026-08-01T22:06:49.2708699,1080.734397,1052.635785,2161.468794,2,1967290
89395741,2026-08-01T21:18:51.4499436,1080.728283,1029.782937,2161.456565,2,4100425
89388957,2026-08-01T20:26:50.5418479,1080.720745,1036.454453,2161.441489,2,4869492
89396813,2026-08-01T21:26:50.2441356,1080.709021,1056.033894,2161.418042,2,6835714
89235586,2026-08-01T00:54:18.3620292,1080.668023,1053.813740,2161.336045,2,2138095
89233058,2026-08-01T00:34:18.1670587,1080.657992,1069.225755,2161.315984,2,3944239
89353948,2026-08-01T16:02:36.8104064,1080.657619,1065.795625,2161.315238,2,4072826
89397341,2026-08-01T21:30:48.7619999,1080.613450,1056.831390,2161.226899,2,4754794
89413706,2026-08-01T23:34:59.8520313,1080.606808,1068.520113,2161.213615,2,5016616
89333835,2026-08-01T13:30:04.4519439,1080.559555,1037.741635,2161.119110,2,4953660
89393618,2026-08-01T21:02:48.5144107,1080.546022,1046.155617,2161.092043,2,4911862
89384020,2026-08-01T19:50:49.0174528,1080.518885,1043.780769,2161.037770,2,4662576
89392645,2026-08-01T20:54:51.4898282,1080.443372,1057.142634,2160.886744,2,3911926
89379536,2026-08-01T19:14:46.3102479,1080.438532,1049.465912,2160.877063,2,3081286
89237141,2026-08-01T01:06:17.9742144,1080.424781,1027.641989,2160.849563,2,4226288
89397880,2026-08-01T21:34:49.6123064,1080.412610,1066.017469,2160.825220,2,4127533
89351277,2026-08-01T15:42:35.5543131,1080.412275,1069.956510,2160.824550,2,5361466
89414206,2026-08-01T23:38:56.9474356,1080.401168,1064.798160,2160.802335,2,5436244
89236117,2026-08-01T00:58:17.8563340,1080.380908,1039.105101,2160.761816,2,4912683
89403147,2026-08-01T22:14:49.4607414,1080.346113,1057.606448,2160.692225,2,5001937
89399494,2026-08-01T21:46:48.2248214,1080.302667,1076.491993,2160.605333,2,6616458
89336348,2026-08-01T13:50:04.1492087,1080.293599,1065.528776,2160.587198,2,5492983
89402114,2026-08-01T22:06:49.3278633,1080.197912,1080.178205,2160.395825,2,5956906
89363952,2026-08-01T17:18:42.6778651,1080.168460,1045.684895,2160.336921,2,4933033
89407335,2026-08-01T22:46:57.6190115,1080.130192,1029.908991,2160.260384,2,3436928
89393068,2026-08-01T20:58:50.0502985,1080.111149,1067.327361,2160.222298,2,4920450
89235379,2026-08-01T00:54:18.0224152,1080.074072,1075.807405,2160.148143,2,5517394
89398906,2026-08-01T21:42:48.1056804,1080.044609,1054.795458,2160.089218,2,2508186
89348006,2026-08-01T15:18:36.6736172,1080.040516,1042.819008,2160.081031,2,4443952
89412621,2026-08-01T23:26:57.6653266,1080.014161,1070.049051,2160.028323,2,3322470
89391566,2026-08-01T20:46:49.0425101,1079.943780,1052.265379,2159.887561,2,4286796
89361975,2026-08-01T17:02:40.3786781,1079.877536,1074.667471,2159.755072,2,6173476
89403168,2026-08-01T22:14:49.5277265,1079.875202,1074.625428,2159.750403,2,3870855
89403678,2026-08-01T22:18:48.6545379,1079.816482,1057.080519,2159.632964,2,1743184
89229411,2026-08-01T00:06:18.1506016,1079.814593,1064.391183,2159.629186,2,6023251
89362528,2026-08-01T17:06:41.8647657,1079.813539,1059.643588,2159.627079,2,4993443
89348254,2026-08-01T15:18:37.2588899,1079.812724,1042.433786,2159.625447,2,6883090
89365019,2026-08-01T17:26:39.9606118,1079.810905,1078.607137,2159.621810,2,3902857
89395685,2026-08-01T21:18:51.3239548,1079.807522,1065.305494,2159.615044,2,3786608
89238151,2026-08-01T01:14:17.9107317,1079.806286,1008.439098,2159.612572,2,6706750
89302214,2026-08-01T09:30:04.6267262,1079.805289,1064.414969,2159.610577,2,5384441
89409969,2026-08-01T23:06:57.3661069,1079.797407,1055.078979,2159.594814,2,2687721
89403698,2026-08-01T22:18:48.7177441,1079.768459,1078.692581,2159.536918,2,4202787
89399438,2026-08-01T21:46:48.1327044,1079.765405,1059.600507,2159.530811,2,6719101
89395222,2026-08-01T21:14:50.0134556,1079.729937,1068.041345,2159.459874,2,10417815
89362482,2026-08-01T17:06:41.8136901,1079.728322,1008.959067,2159.456643,2,4036490
89396276,2026-08-01T21:22:48.4433184,1079.723649,1047.746097,2159.447297,2,5235944
89406313,2026-08-01T22:38:57.4605011,1079.660695,1071.643364,2159.321390,2,4308926
89393121,2026-08-01T20:58:50.2129924,1079.656552,1044.601943,2159.313104,2,5061199
89381484,2026-08-01T19:30:41.4720786,1079.633034,1078.126898,2159.266067,2,2653409
89290999,2026-08-01T08:06:04.8556528,1079.601897,1061.959330,2159.203795,2,6396022
89394293,2026-08-01T21:06:49.4080296,1079.579851,1077.685267,2159.159702,2,4309041
89300136,2026-08-01T09:14:09.0682417,1079.566092,1069.541097,2159.132183,2,5119051
89363344,2026-08-01T17:14:41.2339108,1079.564240,1026.863137,2159.128481,2,5376750
89358754,2026-08-01T16:38:41.8384080,1079.563855,1043.775607,2159.127709,2,6590548
89408409,2026-08-01T22:54:58.2332377,1079.518639,1060.735441,2159.037279,2,3871864
89302215,2026-08-01T09:30:04.6278112,1079.502024,1039.903233,2159.004048,2,3484569
89229949,2026-08-01T00:10:18.1101347,1079.463131,1064.344678,2158.926262,2,3507785
89238703,2026-08-01T01:18:18.1024606,1079.445247,1026.544863,2158.890494,2,5945615
89248695,2026-08-01T02:41:30.1270120,1079.432927,1055.076190,2158.865855,2,4392931
89392080,2026-08-01T20:50:49.1431082,1079.422749,1050.142161,2158.845498,2,5781959
89406743,2026-08-01T22:42:57.2072879,1079.414200,1056.835555,2158.828401,2,6813713
89233510,2026-08-01T00:38:17.8741466,1079.413996,1019.271589,2158.827992,2,5142322
89243874,2026-08-01T02:01:30.6198321,1079.400593,1056.230634,2158.801185,2,3557805
89387323,2026-08-01T20:14:51.1278402,1079.369616,1064.479360,2158.739233,2,3430723
89405256,2026-08-01T22:30:48.3717531,1079.352473,1041.751061,2158.704946,2,5780894
89304696,2026-08-01T09:50:04.3053959,1079.343967,1059.481665,2158.687934,2,6562016
89365194,2026-08-01T17:26:40.3823796,1079.341288,1062.391735,2158.682576,2,3942685
89380431,2026-08-01T19:22:43.7092834,1079.313134,1078.114578,2158.626268,2,3232123
89395591,2026-08-01T21:18:51.0758700,1079.267622,1056.394897,2158.535244,2,6371132
89346420,2026-08-01T15:06:34.5334812,1079.236160,1071.745145,2158.472320,2,1553324
89395217,2026-08-01T21:14:49.9705081,1079.233745,1031.427565,2158.467491,2,1806340
89415772,2026-08-01T23:50:57.3860616,1079.231746,1047.948303,2158.463493,2,6283828
89393119,2026-08-01T20:58:50.2129256,1079.177814,1053.039529,2158.355628,2,3946171
89236919,2026-08-01T01:06:17.5561677,1079.160354,1026.530495,2158.320708,2,3267701
89300307,2026-08-01T09:18:07.7868105,1079.159930,1034.383965,2158.319861,2,3977559
89408938,2026-08-01T22:58:57.4287270,1079.155573,1063.111380,2158.311146,2,3763043
89402634,2026-08-01T22:10:48.8604801,1079.149461,1076.993754,2158.298922,2,5129419
89232486,2026-08-01T00:30:17.9739519,1079.140288,1061.392548,2158.280577,2,4163501
89413675,2026-08-01T23:34:59.8068342,1079.129879,1065.114830,2158.259758,2,6500730
89229415,2026-08-01T00:06:18.1574002,1079.113290,1067.781615,2158.226581,2,4595863
89359169,2026-08-01T16:42:40.6344703,1079.084420,1061.898691,2158.168840,2,3905104
89391138,2026-08-01T20:42:49.5225921,1079.076145,1064.223176,2158.152291,2,7519370
89329056,2026-08-01T12:54:05.9402512,1079.054958,1062.635077,2158.109916,2,4218179
89332693,2026-08-01T13:22:04.0848295,1079.043352,1063.028448,2158.086703,2,5613007
89228883,2026-08-01T00:02:17.8555770,1079.018297,1071.853190,2158.036594,2,5401793
89228895,2026-08-01T00:02:17.8621982,1079.009528,1065.225503,2158.019055,2,3699653
89409993,2026-08-01T23:06:57.4324783,1078.993607,1078.837609,2157.987213,2,4363821
89292938,2026-08-01T08:22:04.7507633,1078.986633,1049.221111,2157.973265,2,4443259
89409581,2026-08-01T23:02:58.1703734,1078.975177,1057.510875,2157.950354,2,5613986
89411517,2026-08-01T23:18:57.4526522,1078.959324,1053.642325,2157.918648,2,3549993
89399984,2026-08-01T21:50:48.3220109,1078.953308,1043.486993,2157.906615,2,7194938
89398407,2026-08-01T21:38:50.2214808,1078.876107,1052.676818,2157.752214,2,5712390
89314936,2026-08-01T11:06:05.0088812,1078.866516,1073.545554,2157.733031,2,1947832
89387883,2026-08-01T20:18:50.8240726,1078.857373,1024.918650,2157.714746,2,4015588
89416859,2026-08-01T23:58:57.4525113,1078.853975,1062.847126,2157.707949,2,4896570
89324514,2026-08-01T12:18:04.8507172,1078.793769,1068.457181,2157.587537,2,4407944
89230453,2026-08-01T00:14:18.0585709,1078.788496,1068.320368,2157.576992,2,5371278
89398956,2026-08-01T21:42:48.2555663,1078.763715,1077.783409,2157.527430,2,3878875
89392079,2026-08-01T20:50:49.1411469,1078.733980,1052.417691,2157.467960,2,4152302
89312377,2026-08-01T10:46:04.5266066,1078.730865,1071.277666,2157.461729,2,5902758
89406320,2026-08-01T22:38:57.4746779,1078.720526,1078.391873,2157.441052,2,5267581
89416870,2026-08-01T23:58:57.4677862,1078.713275,1068.200973,2157.426550,2,6194078
89409635,2026-08-01T23:02:58.3364203,1078.673824,1056.880929,2157.347647,2,4494441
89307397,2026-08-01T10:10:04.7206352,1078.627727,1053.808744,2157.255455,2,4922619
89409465,2026-08-01T23:02:57.7845289,1078.608767,1062.714005,2157.217533,2,4402596
89231984,2026-08-01T00:26:17.9886323,1078.603299,1047.985879,2157.206599,2,3098016
89394106,2026-08-01T21:06:48.9135998,1078.585103,1050.273180,2157.170206,2,5401276
89233072,2026-08-01T00:34:18.1819738,1078.584146,1076.579016,2157.168291,2,2264700
89347430,2026-08-01T15:14:40.4289762,1078.572032,1023.148980,2157.144064,2,4461209
89332194,2026-08-01T13:18:04.4757637,1078.509306,1045.800444,2157.018613,2,6100261
89234128,2026-08-01T00:42:18.2001313,1078.507001,1074.243361,2157.014002,2,1125841
89236710,2026-08-01T01:02:17.8708261,1078.495191,1047.248678,2156.990381,2,3750346
89408394,2026-08-01T22:54:58.1776240,1078.463907,1040.421282,2156.927813,2,5579661
89231986,2026-08-01T00:26:17.9913722,1078.429789,1042.286560,2156.859578,2,5668309
89276700,2026-08-01T06:18:00.3222182,1078.417609,1065.361598,2156.835217,2,5331693
89235877,2026-08-01T00:58:17.5280500,1078.415014,1061.797016,2156.830029,2,6922971
89416311,2026-08-01T23:54:58.4337967,1078.382870,1047.039538,2156.765740,2,2830869
89409976,2026-08-01T23:06:57.3802608,1078.374336,1061.626568,2156.748672,2,4418871
89233019,2026-08-01T00:34:18.1013718,1078.340100,1038.910080,2156.680200,2,6511861
89376709,2026-08-01T18:54:42.7280677,1078.309134,1061.879503,2156.618269,2,3872743
89412077,2026-08-01T23:22:58.1149740,1078.290575,1055.158610,2156.581150,2,5507367
89414729,2026-08-01T23:42:58.1142517,1078.270913,1056.169740,2156.541826,2,3609568
89232082,2026-08-01T00:26:18.1487558,1078.237090,1075.359335,2156.474181,2,5254754
89397354,2026-08-01T21:30:48.8122884,1078.231370,1065.430437,2156.462741,2,5028819
89233028,2026-08-01T00:34:18.1387317,1078.201668,1053.908855,2156.403336,2,4549778
89367221,2026-08-01T17:42:40.7413615,1078.186373,1074.327863,2156.372746,2,6613857
89318471,2026-08-01T11:34:06.2108552,1078.169151,1066.017090,2156.338302,2,3602204
89335407,2026-08-01T13:42:04.5268303,1078.116683,1068.723984,2156.233367,2,1667412
89275679,2026-08-01T06:10:00.7104464,1078.052166,1053.737722,2156.104332,2,4104324
89407873,2026-08-01T22:50:57.2135812,1078.013824,1060.140217,2156.027648,2,3621726
89392259,2026-08-01T20:50:49.6724395,1078.009253,1062.634855,2156.018506,2,6455265
89407347,2026-08-01T22:46:57.6510495,1078.004603,1050.414495,2156.009207,2,5675133
89295717,2026-08-01T08:42:04.5607088,1077.961935,1043.530021,2155.923870,2,6556479
89408924,2026-08-01T22:58:57.3767462,1077.954546,1048.912542,2155.909092,2,8799049
89408933,2026-08-01T22:58:57.4175131,1077.944920,1067.541008,2155.889840,2,6461014
89373008,2026-08-01T18:26:42.9399058,1077.906195,1046.040108,2155.812391,2,7163409
89361251,2026-08-01T16:58:40.1437946,1077.891760,1075.171251,2155.783521,2,4099538
89334868,2026-08-01T13:38:04.4113796,1077.867148,1075.737536,2155.734296,2,5336180
89393123,2026-08-01T20:58:50.2180365,1077.858415,1042.603555,2155.716829,2,5372104
89359693,2026-08-01T16:46:45.1113236,1077.819383,1042.382780,2155.638766,2,4711861
89395940,2026-08-01T21:18:51.9698141,1077.799849,1057.629051,2155.599698,2,4615975
89342673,2026-08-01T14:38:34.6101601,1077.785481,1039.186891,2155.570962,2,5943529
89398502,2026-08-01T21:38:50.4638921,1077.756379,1071.824725,2155.512757,2,5345361
89392683,2026-08-01T20:54:51.6693148,1077.739693,1057.609519,2155.479386,2,6367555
89401059,2026-08-01T21:58:48.6579557,1077.737014,1070.654870,2155.474028,2,3076109
89399436,2026-08-01T21:46:48.1322965,1077.708104,1060.728669,2155.416208,2,5614416
89413676,2026-08-01T23:34:59.8111262,1077.705099,1071.997942,2155.410198,2,2045011
89407338,2026-08-01T22:46:57.6267737,1077.684283,1031.434438,2155.368566,2,6193807
89406851,2026-08-01T22:42:57.4654847,1077.650171,1067.347555,2155.300342,2,1852568
89331404,2026-08-01T13:10:05.3231596,1077.618344,1061.192986,2155.236688,2,3767408
89403145,2026-08-01T22:14:49.4588844,1077.615632,1060.806747,2155.231264,2,6294110
89281138,2026-08-01T06:54:00.9577301,1077.571898,1065.885576,2155.143797,2,7126446
89264164,2026-08-01T04:42:00.3063998,1077.559229,1075.653214,2155.118458,2,6068678
89402092,2026-08-01T22:06:49.2628232,1077.552894,1048.637578,2155.105788,2,3438960
89406827,2026-08-01T22:42:57.4169978,1077.531252,1046.908931,2155.062504,2,3877789
89412630,2026-08-01T23:26:57.7037204,1077.511029,1074.914542,2155.022057,2,3416693
89403304,2026-08-01T22:14:49.9341195,1077.504555,1051.622460,2155.009110,2,5031389
89279076,2026-08-01T06:37:59.9785424,1077.480464,1075.184884,2154.960928,2,817206
89240187,2026-08-01T01:33:55.9390242,1077.473823,1067.364119,2154.947645,2,4062206
89397879,2026-08-01T21:34:49.6162767,1077.458008,1060.863860,2154.916015,2,2979682
89229947,2026-08-01T00:10:18.1071624,1077.456215,1067.147224,2154.912429,2,5413109
89233022,2026-08-01T00:34:18.1041201,1077.433063,1038.260242,2154.866126,2,3378970
89402173,2026-08-01T22:06:49.4799771,1077.368121,1061.543252,2154.736242,2,5748312
89332800,2026-08-01T13:22:04.4680539,1077.327941,1068.701871,2154.655883,2,4262800
89398936,2026-08-01T21:42:48.2138698,1077.315315,1042.389200,2154.630630,2,4043153
89409602,2026-08-01T23:02:58.2453916,1077.306269,1035.657175,2154.612538,2,2647284
89408915,2026-08-01T22:58:57.3548187,1077.266899,1030.276424,2154.533798,2,6376233
89409975,2026-08-01T23:06:57.3810105,1077.229451,1045.418839,2154.458901,2,6651530
89405952,2026-08-01T22:34:50.6175386,1077.216063,1053.114778,2154.432125,2,7490702
89398920,2026-08-01T21:42:48.1292736,1077.204677,1062.930335,2154.409355,2,3916908
89239239,2026-08-01T01:22:17.8443413,1077.193604,1033.195022,2154.387208,2,4793783
89404772,2026-08-01T22:26:48.3711222,1077.191756,1066.864769,2154.383511,2,5142448
89285727,2026-08-01T07:26:00.8253032,1077.190990,1051.125661,2154.381980,2,4397121
89402620,2026-08-01T22:10:48.8393988,1077.139698,1050.102529,2154.279396,2,4501433
89228857,2026-08-01T00:02:17.8375379,1077.135187,1036.235664,2154.270374,2,5514665
89389602,2026-08-01T20:30:52.1821817,1077.128597,1046.826790,2154.257194,2,3775002
89329120,2026-08-01T12:54:06.0609687,1077.098782,1074.538788,2154.197565,2,5330492
89408405,2026-08-01T22:54:58.2239465,1077.074552,1056.767240,2154.149105,2,7368034
89402097,2026-08-01T22:06:49.2750773,1077.039994,1059.231358,2154.079988,2,4768667
89400525,2026-08-01T21:54:49.8564647,1077.007722,1061.117481,2154.015443,2,3136522
89360399,2026-08-01T16:50:39.9612273,1076.999613,1064.737021,2153.999225,2,5715228
89414200,2026-08-01T23:38:56.9351576,1076.987103,1059.517686,2153.974205,2,6899741
89390690,2026-08-01T20:38:49.6473289,1076.983370,1058.434127,2153.966739,2,5996844
89391053,2026-08-01T20:42:49.2201957,1076.940862,1037.950352,2153.881723,2,5848506
89392102,2026-08-01T20:50:49.2313878,1076.869794,1061.015168,2153.739589,2,5946401
89389067,2026-08-01T20:26:50.9455002,1076.810421,1042.510241,2153.620843,2,4776210
89406358,2026-08-01T22:38:57.5747018,1076.798044,1058.115294,2153.596088,2,6819914
89398932,2026-08-01T21:42:48.2138469,1076.751219,1034.420865,2153.502439,2,4808264
89396821,2026-08-01T21:26:50.2611841,1076.750909,1059.626826,2153.501817,2,3350943
89405260,2026-08-01T22:30:48.3682584,1076.737633,1037.553856,2153.475266,2,4073487
89405261,2026-08-01T22:30:48.3768411,1076.733422,1038.413265,2153.466844,2,5053379
89295135,2026-08-01T08:38:05.9266189,1076.720755,1059.442541,2153.441510,2,6566291
89399466,2026-08-01T21:46:48.2033629,1076.707504,1059.536017,2153.415009,2,6092805
89408033,2026-08-01T22:50:57.6371174,1076.677420,1053.588153,2153.354841,2,8945028
89414212,2026-08-01T23:38:56.9555920,1076.643089,1063.583920,2153.286178,2,11417044
89283917,2026-08-01T07:14:01.6770763,1076.630777,1026.040230,2153.261553,2,578204
89230460,2026-08-01T00:14:18.0642584,1076.619373,1066.210743,2153.238745,2,3086080
89407872,2026-08-01T22:50:57.2129194,1076.582796,1048.168890,2153.165592,2,2862914
89363046,2026-08-01T17:10:43.2083271,1076.551057,1073.866867,2153.102115,2,5397730
89231983,2026-08-01T00:26:17.9887828,1076.545131,1043.945821,2153.090263,2,6887852
89405777,2026-08-01T22:34:49.8073902,1076.528276,1038.337653,2153.056552,2,5924026
89253029,2026-08-01T03:13:31.2595101,1076.517671,1062.467124,2153.035341,2,5471732
89374502,2026-08-01T18:38:44.5645391,1076.507200,1050.452873,2153.014400,2,4021490
89233791,2026-08-01T00:42:17.8199925,1076.439607,1066.086346,2152.879214,2,6377822
89394104,2026-08-01T21:06:48.9109203,1076.438708,1062.582670,2152.877415,2,3748167
89335464,2026-08-01T13:42:04.6272648,1076.428095,1035.175964,2152.856190,2,6113354
89334443,2026-08-01T13:34:07.3642117,1076.424062,1044.353764,2152.848125,2,4386103
89260697,2026-08-01T04:14:01.2242448,1076.377033,1056.413174,2152.754066,2,5661395
89394282,2026-08-01T21:06:49.3655366,1076.347227,1057.911550,2152.694454,2,5841293
89301383,2026-08-01T09:26:04.1967957,1076.345746,1071.926958,2152.691493,2,4935003
89294624,2026-08-01T08:34:05.9044468,1076.313627,1061.055100,2152.627254,2,4767527
89410503,2026-08-01T23:10:57.4234761,1076.268265,1054.454328,2152.536530,2,6623214
89411567,2026-08-01T23:18:57.6178514,1076.207334,1075.659151,2152.414668,2,5224669
89397867,2026-08-01T21:34:49.5567866,1076.168553,1036.412043,2152.337107,2,7766022
89402163,2026-08-01T22:06:49.4554648,1076.165825,1062.804613,2152.331649,2,3992375
89228863,2026-08-01T00:02:17.8422313,1076.160633,1049.087669,2152.321265,2,5854171
89229296,2026-08-01T00:06:17.9632433,1076.157483,1044.344325,2152.314966,2,6995533
89415260,2026-08-01T23:46:57.6121053,1076.155088,1049.229778,2152.310175,2,3638495
89410523,2026-08-01T23:10:57.4768511,1076.144540,1069.048169,2152.289080,2,4334203
89404830,2026-08-01T22:26:48.4498453,1076.073644,1066.648866,2152.147288,2,3265679
89229390,2026-08-01T00:06:18.0974503,1076.066406,1034.829358,2152.132812,2,5315554
89406829,2026-08-01T22:42:57.4232629,1076.049762,1060.738714,2152.099524,2,4481953
89387890,2026-08-01T20:18:50.8380291,1076.024603,1029.152815,2152.049207,2,3315478
89394622,2026-08-01T21:10:51.1267924,1076.011944,1049.474156,2152.023887,2,6658031
89230024,2026-08-01T00:10:18.2179921,1076.009657,1057.749927,2152.019315,2,5303969
89273795,2026-08-01T05:57:59.9101134,1076.007754,1051.830484,2152.015507,2,4712238
89321757,2026-08-01T11:58:04.7010097,1075.978609,1054.860043,2151.957217,2,5997788
89271310,2026-08-01T05:38:00.1395031,1075.948244,1055.139031,2151.896487,2,3711797
89398442,2026-08-01T21:38:50.3152518,1075.944976,1074.608204,2151.889952,2,5027075
89237134,2026-08-01T01:06:17.9386697,1075.923410,997.188536,2151.846819,2,4486557
89405789,2026-08-01T22:34:49.8205084,1075.883679,1049.939171,2151.767357,2,5592356
89411551,2026-08-01T23:18:57.5531612,1075.882004,1054.246322,2151.764008,2,4910500
89334973,2026-08-01T13:38:04.5658968,1075.876153,1045.194111,2151.752306,2,6560464
89409569,2026-08-01T23:02:58.1324252,1075.859682,1062.337978,2151.719365,2,3292630
89409382,2026-08-01T23:02:57.4914246,1075.854357,1063.027412,2151.708713,2,7579558
89396280,2026-08-01T21:22:48.4535041,1075.843307,1054.936937,2151.686614,2,6374665
89291821,2026-08-01T08:14:06.4599013,1075.831667,1054.291280,2151.663334,2,4400834
89413659,2026-08-01T23:34:59.7454224,1075.793029,1048.663533,2151.586058,2,3278726
89348106,2026-08-01T15:18:36.9174965,1075.780248,1030.157320,2151.560497,2,2883086
89314401,2026-08-01T11:02:04.5503809,1075.775072,1075.633877,2151.550144,2,6239242
89228867,2026-08-01T00:02:17.8427641,1075.750888,1041.518495,2151.501777,2,4640726
89237657,2026-08-01T01:10:17.9431052,1075.741357,1016.336644,2151.482714,2,6904166
89390048,2026-08-01T20:34:52.0628340,1075.730717,1043.546708,2151.461435,2,7470119
89407348,2026-08-01T22:46:57.6539769,1075.708893,1053.041135,2151.417786,2,6142289
89402100,2026-08-01T22:06:49.2775265,1075.694563,1050.966938,2151.389126,2,5025582
89269947,2026-08-01T05:26:00.4797122,1075.682633,1062.400867,2151.365267,2,3077098
89357859,2026-08-01T16:30:36.6703585,1075.681649,1064.678220,2151.363298,2,4378033
89234843,2026-08-01T00:50:17.6301100,1075.661582,1037.928379,2151.323165,2,4701397
89372418,2026-08-01T18:22:42.2274738,1075.655099,1075.404467,2151.310198,2,3164609
89405369,2026-08-01T22:30:48.6567361,1075.631044,1061.255760,2151.262088,2,4290843
89341250,2026-08-01T14:26:04.5582831,1075.624399,1069.393008,2151.248798,2,2606348
89414739,2026-08-01T23:42:58.1384834,1075.614628,1064.521638,2151.229256,2,5375353
89332435,2026-08-01T13:18:04.9121516,1075.612699,1036.885560,2151.225397,2,5048232
89412450,2026-08-01T23:26:57.1674699,1075.588169,1071.733003,2151.176338,2,4093563
89404735,2026-08-01T22:26:48.3269006,1075.566628,1039.489216,2151.133257,2,6059553
89287872,2026-08-01T07:42:04.8348233,1075.555432,1073.845660,2151.110863,2,8560067
89303071,2026-08-01T09:38:04.2801203,1075.535316,1072.102956,2151.070631,2,3421775
89412097,2026-08-01T23:22:58.1508722,1075.506225,1070.866821,2151.012451,2,5031662
89311706,2026-08-01T10:42:05.3251920,1075.420065,1066.080385,2150.840129,2,2795060
89322926,2026-08-01T12:06:04.7470276,1075.405583,1046.928009,2150.811166,2,5615857
89359730,2026-08-01T16:46:45.2269511,1075.377381,1058.071133,2150.754761,2,3504617
89342759,2026-08-01T14:38:34.7407933,1075.376426,1072.223181,2150.752851,2,2904205
89401596,2026-08-01T22:02:48.6680152,1075.339776,1066.120819,2150.679552,2,6804426
89411025,2026-08-01T23:14:58.0061777,1075.326594,1059.654099,2150.653189,2,2813571
89240201,2026-08-01T01:33:56.0280647,1075.275995,1069.431426,2150.551990,2,4448209
89409450,2026-08-01T23:02:57.7501679,1075.260391,1044.670118,2150.520782,2,6517435
89383730,2026-08-01T19:46:49.7218031,1075.202943,1058.252708,2150.405885,2,4484582
89391030,2026-08-01T20:42:49.1304341,1075.184201,1021.701886,2150.368402,2,2744144
89310093,2026-08-01T10:30:05.7493443,1075.164198,1066.832149,2150.328396,2,7472786
89365197,2026-08-01T17:26:40.4106984,1075.164012,1037.190920,2150.328024,2,5069526
89401040,2026-08-01T21:58:48.6194351,1075.159658,1060.096985,2150.319315,2,3277147
89394742,2026-08-01T21:10:51.4581486,1075.150238,1062.984982,2150.300476,2,5681057
89415261,2026-08-01T23:46:57.6150999,1075.149835,1059.020912,2150.299671,2,4064269
89389353,2026-08-01T20:30:51.1413210,1075.134526,1053.473582,2150.269051,2,4094201
89415274,2026-08-01T23:46:57.6429186,1075.125886,1069.219593,2150.251773,2,5312818
89330142,2026-08-01T13:02:04.4337640,1075.112119,1065.594392,2150.224238,2,6495673
89326448,2026-08-01T12:34:05.2634584,1075.067177,1043.586387,2150.134354,2,3814748
89405587,2026-08-01T22:34:48.9457910,1075.059934,1033.526832,2150.119868,2,5687460
89293473,2026-08-01T08:26:04.3417057,1075.035162,1031.443016,2150.070324,2,4785223
89376883,2026-08-01T18:54:43.3086990,1075.025000,1073.514243,2150.050000,2,3994197
89310804,2026-08-01T10:34:05.9363857,1075.023357,1062.333901,2150.046714,2,2197395
89316585,2026-08-01T11:18:04.6104437,1075.022203,1032.769936,2150.044407,2,4953384
89402614,2026-08-01T22:10:48.8307179,1075.020800,1031.174325,2150.041600,2,2638662
89229962,2026-08-01T00:10:18.1197713,1075.003057,1069.229823,2150.006114,2,4158515
89405258,2026-08-01T22:30:48.3722828,1074.989493,1040.845730,2149.978987,2,4458039
89403149,2026-08-01T22:14:49.4695250,1074.965039,1055.565767,2149.930078,2,4963537
89272798,2026-08-01T05:49:59.9308007,1074.935431,1072.155693,2149.870861,2,1230298
89371917,2026-08-01T18:18:42.4103504,1074.930987,1060.909227,2149.861973,2,3890898
89388917,2026-08-01T20:26:50.3700346,1074.896397,1055.427068,2149.792795,2,5574902
89339617,2026-08-01T14:14:05.6566286,1074.891112,1072.821806,2149.782225,2,2585469
89411545,2026-08-01T23:18:57.5467520,1074.871575,1033.194678,2149.743151,2,4538513
89409974,2026-08-01T23:06:57.3786200,1074.828996,1053.371934,2149.657992,2,6837499
89288129,2026-08-01T07:46:04.4442247,1074.822424,1056.554723,2149.644848,2,4076898
89389942,2026-08-01T20:34:51.6140285,1074.796443,994.944647,2149.592886,2,4753415
89372693,2026-08-01T18:22:43.3268424,1074.742005,1050.930131,2149.484011,2,5200324
89400027,2026-08-01T21:50:48.4268296,1074.729860,1071.942366,2149.459721,2,5867631
89396274,2026-08-01T21:22:48.4414751,1074.716903,1036.136340,2149.433807,2,4566984
89364435,2026-08-01T17:22:40.0790943,1074.712670,1071.030392,2149.425340,2,4170700
89402626,2026-08-01T22:10:48.8450719,1074.706662,1052.767645,2149.413324,2,5014091
89393032,2026-08-01T20:58:49.9345102,1074.648103,1030.803342,2149.296206,2,4562387
89279861,2026-08-01T06:42:00.3050331,1074.641064,1024.904690,2149.282127,2,5581950
89301473,2026-08-01T09:26:04.3382926,1074.513286,1047.489175,2149.026571,2,4741282
89395749,2026-08-01T21:18:51.4752917,1074.513136,1035.505917,2149.026272,2,4249675
89401427,2026-08-01T22:02:48.2256639,1074.502585,1067.007982,2149.005170,2,5225211
89386300,2026-08-01T20:06:48.6173604,1074.501623,996.376904,2149.003245,2,4879821
89257969,2026-08-01T03:54:01.9449951,1074.481459,1022.199323,2148.962919,2,4774903
89322744,2026-08-01T12:06:04.4083397,1074.475367,1060.393832,2148.950734,2,9202904
89398952,2026-08-01T21:42:48.2488896,1074.465666,1057.780465,2148.931333,2,4212349
89257131,2026-08-01T03:46:00.6789175,1074.462740,1058.089041,2148.925480,2,5964997
89416865,2026-08-01T23:58:57.4620679,1074.320094,1054.245403,2148.640189,2,4605771
89408422,2026-08-01T22:54:58.2573438,1074.302102,1071.518154,2148.604205,2,5733627
89306890,2026-08-01T10:06:04.4226939,1074.298720,1057.375627,2148.597441,2,4156736
89403023,2026-08-01T22:14:49.0722573,1074.295112,1028.948089,2148.590224,2,4436339
89363903,2026-08-01T17:18:42.6059684,1074.260354,1049.697241,2148.520708,2,6033808
89316560,2026-08-01T11:18:04.5611016,1074.229761,1061.852072,2148.459522,2,7923964
89405842,2026-08-01T22:34:50.0227128,1074.222333,1060.751406,2148.444665,2,4251633
89376601,2026-08-01T18:54:42.3211546,1074.214640,1045.306055,2148.429279,2,5580523
89236583,2026-08-01T01:02:17.6898584,1074.201546,1069.841648,2148.403092,2,4410106
89297183,2026-08-01T08:54:08.3351924,1074.188949,1062.843692,2148.377898,2,6503455
89348574,2026-08-01T15:22:36.5542306,1074.166895,1050.205296,2148.333790,2,5419442
89408927,2026-08-01T22:58:57.3828861,1074.157076,1046.130980,2148.314151,2,2724538
89363479,2026-08-01T17:14:41.4606560,1074.079451,1067.637481,2148.158902,2,4750394
89412610,2026-08-01T23:26:57.6422104,1074.052711,1053.286845,2148.105421,2,5695977
89414728,2026-08-01T23:42:58.1103487,1074.021878,1054.539822,2148.043755,2,4028604
89394172,2026-08-01T21:06:49.0764156,1073.998288,1023.931815,2147.996575,2,4511221
89300416,2026-08-01T09:18:07.9359000,1073.988071,1031.552288,2147.976142,2,7416862
89345357,2026-08-01T14:58:38.7474891,1073.945999,1053.101140,2147.891998,2,4906798
89345333,2026-08-01T14:58:38.6629412,1073.940042,1070.466262,2147.880084,2,1206793
89414203,2026-08-01T23:38:56.9444766,1073.916078,1049.201380,2147.832157,2,1039720
89274898,2026-08-01T06:06:00.0351738,1073.863728,1021.274024,2147.727456,2,5384051
89404102,2026-08-01T22:22:49.7478220,1073.860272,1040.473594,2147.720544,2,5567702
89397509,2026-08-01T21:30:49.2108326,1073.860226,1070.714118,2147.720451,2,6064020
89275643,2026-08-01T06:10:00.6415076,1073.857800,1046.506070,2147.715599,2,7570644
89270997,2026-08-01T05:34:01.4597326,1073.853453,1041.357891,2147.706905,2,6873916
89404779,2026-08-01T22:26:48.3812045,1073.835276,1064.237850,2147.670552,2,3926729
89328592,2026-08-01T12:50:04.4833641,1073.821104,1060.194710,2147.642209,2,6904644
89237591,2026-08-01T01:10:17.8598993,1073.806691,1073.761203,2147.613382,2,4161490
89233611,2026-08-01T00:38:18.0040585,1073.773359,1059.982489,2147.546717,2,2834994
89339835,2026-08-01T14:14:06.0478695,1073.770754,1048.263930,2147.541507,2,7482426
89410551,2026-08-01T23:10:57.5538036,1073.722439,1061.900178,2147.444879,2,7242419
89401546,2026-08-01T22:02:48.5571546,1073.709538,998.241592,2147.419076,2,3955452
89383060,2026-08-01T19:42:48.8165108,1073.700147,1062.466270,2147.400294,2,3450160
89407342,2026-08-01T22:46:57.6387068,1073.667284,1024.184263,2147.334567,2,3940046
89412078,2026-08-01T23:22:58.1144015,1073.610394,1048.490821,2147.220788,2,4623073
89405796,2026-08-01T22:34:49.8512615,1073.604815,1056.673983,2147.209629,2,4333944
89388307,2026-08-01T20:22:51.0536282,1073.593078,1035.629271,2147.186156,2,3821258
89341862,2026-08-01T14:30:04.7489035,1073.568592,1052.182997,2147.137183,2,4871161
89278836,2026-08-01T06:34:01.1126276,1073.563958,1025.328076,2147.127916,2,7675665
89326115,2026-08-01T12:30:04.8158213,1073.559843,1036.841306,2147.119685,2,4828924
89319804,2026-08-01T11:42:05.0126482,1073.548049,1065.827236,2147.096097,2,5997164
89411049,2026-08-01T23:14:58.0695224,1073.530128,1065.640391,2147.060255,2,5779747
89391034,2026-08-01T20:42:49.1394720,1073.515910,1020.826215,2147.031820,2,3873224
89350803,2026-08-01T15:38:36.3057284,1073.474435,1031.282039,2146.948870,2,4742087
89395157,2026-08-01T21:14:49.7406224,1073.369200,1051.551247,2146.738400,2,6417625
89252483,2026-08-01T03:09:30.7372045,1073.332447,1057.775406,2146.664894,2,4288148
89403159,2026-08-01T22:14:49.5192457,1073.277005,1063.253093,2146.554011,2,6081809
89242077,2026-08-01T01:49:30.2240849,1073.273900,1046.376110,2146.547801,2,4520211
89314943,2026-08-01T11:06:05.0178993,1073.262038,1059.940866,2146.524077,2,5482536
89267112,2026-08-01T05:05:59.9806391,1073.256228,1048.499451,2146.512456,2,5011055
89287307,2026-08-01T07:38:04.7300637,1073.221237,1068.010258,2146.442474,2,4255989
89397330,2026-08-01T21:30:48.7410446,1073.210724,1033.082158,2146.421449,2,4434309
89412084,2026-08-01T23:22:58.1261570,1073.171310,1050.767779,2146.342620,2,3540704
89238618,2026-08-01T01:18:17.9980248,1073.168243,1072.040524,2146.336487,2,4337254
89234011,2026-08-01T00:42:18.1441692,1073.151975,1036.861728,2146.303950,2,5325781
89412101,2026-08-01T23:22:58.1528510,1073.147942,1071.727256,2146.295885,2,3429151
89231995,2026-08-01T00:26:17.9960301,1073.106304,1042.233727,2146.212609,2,6346468
89231461,2026-08-01T00:22:17.9543764,1073.106304,1045.869252,2146.212609,2,6120308
89399642,2026-08-01T21:46:48.5261351,1073.103833,1050.105369,2146.207666,2,6710720
89402619,2026-08-01T22:10:48.8370786,1073.095056,1041.488132,2146.190111,2,5045122
89358766,2026-08-01T16:38:41.8547330,1073.045974,1065.722683,2146.091948,2,4630150
89231475,2026-08-01T00:22:17.9643391,1073.034915,1048.941417,2146.069829,2,7003968
89352341,2026-08-01T15:50:36.4584683,1073.012507,1067.920613,2146.025015,2,5341795
89342268,2026-08-01T14:34:42.1268183,1072.960464,1063.639267,2145.920928,2,4405123
89407857,2026-08-01T22:50:57.1642938,1072.924673,1021.986414,2145.849346,2,3961632
89259977,2026-08-01T04:10:00.0827496,1072.923230,1071.932670,2145.846460,2,5336445
89337002,2026-08-01T13:54:08.2474123,1072.900277,1035.113149,2145.800554,2,6082335
89416336,2026-08-01T23:54:58.5152702,1072.869274,1067.112105,2145.738549,2,4387270
89287070,2026-08-01T07:38:04.3698495,1072.842583,1062.293487,2145.685165,2,5710061
89267427,2026-08-01T05:06:00.4201856,1072.815431,1050.882099,2145.630861,2,2630575
89229957,2026-08-01T00:10:18.1180080,1072.814033,1072.763336,2145.628066,2,6908276
89412618,2026-08-01T23:26:57.6628120,1072.804301,1052.385478,2145.608602,2,3325067
89350657,2026-08-01T15:38:35.7961577,1072.779324,1037.376254,2145.558649,2,7617888
89278626,2026-08-01T06:34:00.7394058,1072.773998,1069.795494,2145.547996,2,5698467
89390913,2026-08-01T20:42:48.7226275,1072.748192,1052.573365,2145.496384,2,6840463
89272393,2026-08-01T05:46:00.4598733,1072.740023,1024.287878,2145.480046,2,4317971
89232475,2026-08-01T00:30:17.9590333,1072.698858,1027.614123,2145.397716,2,7572271
89383605,2026-08-01T19:46:49.2418015,1072.671324,1067.460623,2145.342649,2,3025846
89316548,2026-08-01T11:18:04.5456977,1072.649321,1069.212183,2145.298643,2,3755907
89320164,2026-08-01T11:46:04.7774858,1072.646801,1051.898952,2145.293601,2,5155003
89229419,2026-08-01T00:06:18.1639816,1072.612658,1057.977773,2145.225317,2,5429666
89409475,2026-08-01T23:02:57.8117728,1072.606744,1069.334110,2145.213488,2,6597216
89413677,2026-08-01T23:34:59.8110351,1072.599651,1061.854779,2145.199301,2,3936196
89298423,2026-08-01T09:02:08.1278084,1072.596794,1044.229054,2145.193588,2,1489921
89396271,2026-08-01T21:22:48.4365978,1072.593745,1028.898074,2145.187490,2,3454676
89258389,2026-08-01T03:58:00.2499996,1072.580090,1034.119289,2145.160180,2,5750956
89231466,2026-08-01T00:22:17.9612037,1072.563176,1030.154854,2145.126352,2,2483743
89319683,2026-08-01T11:42:04.8259967,1072.535476,891.158027,2145.070952,2,4824697
89393560,2026-08-01T21:02:48.3523126,1072.478235,1060.838720,2144.956471,2,5225661
89411563,2026-08-01T23:18:57.6032741,1072.434733,1061.699502,2144.869466,2,7440641
89398419,2026-08-01T21:38:50.2519295,1072.432937,1043.422528,2144.865873,2,4747759
89285437,2026-08-01T07:26:00.3508052,1072.408242,1042.454649,2144.816483,2,3301476
89412107,2026-08-01T23:22:58.1570959,1072.405382,1071.474208,2144.810765,2,2141157
89310242,2026-08-01T10:30:06.0390601,1072.391941,1059.276787,2144.783882,2,4974342
89390679,2026-08-01T20:38:49.6172192,1072.391920,1046.623608,2144.783840,2,4427200
89388804,2026-08-01T20:26:49.9523106,1072.374917,1043.044461,2144.749834,2,4270539
89390417,2026-08-01T20:38:48.8416902,1072.360097,1064.111848,2144.720193,2,4885378
89371111,2026-08-01T18:10:42.7736078,1072.357646,1061.344160,2144.715291,2,5189543
89229954,2026-08-01T00:10:18.1147407,1072.356995,1057.335770,2144.713990,2,3797639
89406810,2026-08-01T22:42:57.3638643,1072.351694,1011.486308,2144.703388,2,4366630
89404216,2026-08-01T22:22:50.1670715,1072.349014,1054.888693,2144.698028,2,4443069
89395289,2026-08-01T21:14:50.2356996,1072.341802,1058.407175,2144.683605,2,5736438
89397862,2026-08-01T21:34:49.5400370,1072.284332,1001.971627,2144.568665,2,2209371
89352799,2026-08-01T15:54:37.0540127,1072.277870,1059.120036,2144.555740,2,3874883
89229417,2026-08-01T00:06:18.1639492,1072.273498,1057.072453,2144.546995,2,1499102
89313132,2026-08-01T10:54:08.1228724,1072.244452,1000.859552,2144.488903,2,3560853
89396757,2026-08-01T21:26:50.1115780,1072.235201,1061.319261,2144.470402,2,6906129
89251464,2026-08-01T03:01:30.4772039,1072.234446,1030.233318,2144.468893,2,4264934
89359297,2026-08-01T16:42:40.9454615,1072.200059,1057.141967,2144.400118,2,4321248
89328999,2026-08-01T12:54:05.8265376,1072.146957,1054.344905,2144.293913,2,5937252
89288336,2026-08-01T07:46:04.8437772,1072.140090,1047.499881,2144.280181,2,6319246
89233294,2026-08-01T00:38:17.5540156,1072.132600,1049.902161,2144.265201,2,4660167
89415258,2026-08-01T23:46:57.5800439,1072.120376,1046.984525,2144.240752,2,6719312
89392749,2026-08-01T20:54:51.8521803,1072.114971,1060.705094,2144.229943,2,4539411
89346891,2026-08-01T15:10:34.2499017,1072.102603,1036.790383,2144.205206,2,6724406
89367414,2026-08-01T17:42:41.2374024,1072.083364,1045.497090,2144.166729,2,4131717
89390503,2026-08-01T20:38:49.0634927,1072.064278,1002.889624,2144.128556,2,4293803
89391674,2026-08-01T20:46:49.3223529,1072.059363,1043.458143,2144.118727,2,4405504
89384164,2026-08-01T19:50:49.5149881,1072.045489,1071.259481,2144.090977,2,3183349
89230963,2026-08-01T00:18:18.3800207,1072.014273,1054.218301,2144.028545,2,4012828
89318754,2026-08-01T11:34:06.7636527,1072.004134,1051.156605,2144.008268,2,3513299
89332832,2026-08-01T13:22:04.5332058,1071.985038,1070.487819,2143.970076,2,6785012
89392096,2026-08-01T20:50:49.2120770,1071.965626,1033.417343,2143.931251,2,5537292
89239657,2026-08-01T01:26:18.3782933,1071.925822,1057.492210,2143.851645,2,3919858
89407349,2026-08-01T22:46:57.6574798,1071.900382,1042.633621,2143.800764,2,5348020
89350689,2026-08-01T15:38:35.9177572,1071.871954,1040.984232,2143.743907,2,6122220
89402612,2026-08-01T22:10:48.8251783,1071.871641,1026.667035,2143.743282,2,4992544
89408930,2026-08-01T22:58:57.4100351,1071.869579,1035.453013,2143.739158,2,3493070
89414210,2026-08-01T23:38:56.9517226,1071.817513,1052.889443,2143.635026,2,6616557
89404217,2026-08-01T22:22:50.1716231,1071.774849,1058.992559,2143.549699,2,3566382
89367634,2026-08-01T17:46:40.1796395,1071.769554,1042.953775,2143.539108,2,5996158
89311705,2026-08-01T10:42:05.3242277,1071.749374,1037.420738,2143.498747,2,7586660
89333914,2026-08-01T13:30:04.5847173,1071.727976,1036.217885,2143.455951,2,4084405
89408941,2026-08-01T22:58:57.4331458,1071.719147,1053.045980,2143.438294,2,4088537
89398934,2026-08-01T21:42:48.2130057,1071.667968,1019.465626,2143.335935,2,6464597
89354943,2026-08-01T16:10:35.2087702,1071.595587,1054.696741,2143.191174,2,4045503
89395225,2026-08-01T21:14:50.0184066,1071.594383,1033.057464,2143.188765,2,3763845
89398370,2026-08-01T21:38:50.1260539,1071.586699,1066.358805,2143.173398,2,5148911
89398427,2026-08-01T21:38:50.2628734,1071.523932,1054.556969,2143.047863,2,4907676
89400005,2026-08-01T21:50:48.3667416,1071.523216,1053.954013,2143.046433,2,6122919
89314737,2026-08-01T11:06:04.7053607,1071.508757,1063.297506,2143.017514,2,5185047
89402625,2026-08-01T22:10:48.8430965,1071.488515,1049.902692,2142.977030,2,7003187
89334326,2026-08-01T13:34:07.2090678,1071.483075,1067.542901,2142.966151,2,3043417
89412604,2026-08-01T23:26:57.6292319,1071.479589,1041.832585,2142.959178,2,3393544
89397328,2026-08-01T21:30:48.7396985,1071.472425,1032.564061,2142.944849,2,5297721
89288724,2026-08-01T07:50:04.6500571,1071.471641,1046.714737,2142.943283,2,4680089
89394218,2026-08-01T21:06:49.2228872,1071.467204,1043.292680,2142.934408,2,3145022
89281797,2026-08-01T06:58:00.0718136,1071.463420,1039.756557,2142.926840,2,4659473
89412131,2026-08-01T23:22:58.2415422,1071.446361,1058.352115,2142.892722,2,2574925
89412562,2026-08-01T23:26:57.5116255,1071.428954,1026.892772,2142.857908,2,2831265
89404751,2026-08-01T22:26:48.3463181,1071.409949,1059.979565,2142.819898,2,5382160
89279891,2026-08-01T06:42:00.3347343,1071.406061,1046.395623,2142.812121,2,6780969
89284360,2026-08-01T07:17:59.8632819,1071.394335,1066.737098,2142.788670,2,3122071
89315058,2026-08-01T11:06:05.1871588,1071.392575,1012.700444,2142.785150,2,3736227
89414204,2026-08-01T23:38:56.9450262,1071.372115,1054.830575,2142.744230,2,2662252
89375397,2026-08-01T18:42:43.3184498,1071.348221,1025.879540,2142.696443,2,3220373
89250851,2026-08-01T02:57:30.7739104,1071.296080,1014.605935,2142.592159,2,3125287
89314378,2026-08-01T11:02:04.5264704,1071.257227,1063.422588,2142.514453,2,5046615
89402113,2026-08-01T22:06:49.3274045,1071.231054,1057.129460,2142.462109,2,3628569
89406813,2026-08-01T22:42:57.4053673,1071.178115,1033.767300,2142.356230,2,3254175
89411559,2026-08-01T23:18:57.5684568,1071.152557,1056.470006,2142.305115,2,3954270
89380125,2026-08-01T19:18:41.9598196,1071.144044,1068.704744,2142.288089,2,5079498
89390609,2026-08-01T20:38:49.4199263,1071.105713,1045.858999,2142.211426,2,5849364
89291302,2026-08-01T08:10:04.5161624,1071.061943,1063.978316,2142.123886,2,5055277
89414733,2026-08-01T23:42:58.1294929,1071.047064,1056.507369,2142.094128,2,6430408
89407906,2026-08-01T22:50:57.3211379,1071.008001,1068.321183,2142.016003,2,7466055
89335626,2026-08-01T13:42:04.9306826,1071.006081,1059.550795,2142.012163,2,5633903
89391154,2026-08-01T20:42:49.5620563,1070.999483,1049.260395,2141.998965,2,4895117
89333769,2026-08-01T13:30:04.3429951,1070.998709,1058.840292,2141.997418,2,3357797
89408411,2026-08-01T22:54:58.2313386,1070.965712,1042.086524,2141.931425,2,4026907
89312796,2026-08-01T10:50:04.4469312,1070.942939,1061.168064,2141.885877,2,6055104
89416344,2026-08-01T23:54:58.5394090,1070.933319,1070.305981,2141.866638,2,4179685
89259908,2026-08-01T04:09:59.9874496,1070.923391,1060.275709,2141.846782,2,1114296
89411040,2026-08-01T23:14:58.0387939,1070.872230,1060.146658,2141.744460,2,6148941
89402617,2026-08-01T22:10:48.8359962,1070.871898,1039.658458,2141.743797,2,6074982
89303669,2026-08-01T09:42:04.2742498,1070.840459,1032.949842,2141.680918,2,2563877
89410321,2026-08-01T23:10:56.9807197,1070.830817,1056.643221,2141.661634,2,4532257
89272424,2026-08-01T05:46:00.5430033,1070.814333,1050.805494,2141.628665,2,4964674
89244173,2026-08-01T02:05:31.4338233,1070.796888,1067.032746,2141.593776,2,1233203
89355727,2026-08-01T16:14:38.6603947,1070.776645,1049.230816,2141.553290,2,6447847
89411554,2026-08-01T23:18:57.5556784,1070.748953,1038.839774,2141.497905,2,846369
89231467,2026-08-01T00:22:17.9603441,1070.735885,1026.887950,2141.471770,2,2801386
89354922,2026-08-01T16:10:35.1463152,1070.734116,1044.023711,2141.468232,2,4916705
89229402,2026-08-01T00:06:18.1432138,1070.671817,1041.506826,2141.343635,2,5170073
89235589,2026-08-01T00:54:18.3663076,1070.667518,1027.319441,2141.335035,2,6783084
89268353,2026-08-01T05:14:01.0697633,1070.659479,1039.021102,2141.318958,2,5597447
89401172,2026-08-01T21:58:48.9590969,1070.623689,1059.421766,2141.247378,2,4516120
89233031,2026-08-01T00:34:18.1412109,1070.592487,1034.320975,2141.184974,2,5248513
89405288,2026-08-01T22:30:48.4510765,1070.586861,1062.494970,2141.173722,2,3990287
89390062,2026-08-01T20:34:52.1394486,1070.529144,1039.154018,2141.058289,2,4639741
89263704,2026-08-01T04:38:00.4718682,1070.526711,1056.985922,2141.053422,2,5540915
89413204,2026-08-01T23:30:57.6548865,1070.521548,1063.449495,2141.043096,2,11639351
89416867,2026-08-01T23:58:57.4624866,1070.519229,1061.389470,2141.038459,2,4933075
89415264,2026-08-01T23:46:57.6198020,1070.498390,1056.388797,2140.996780,2,3726988
89411059,2026-08-01T23:14:58.1031200,1070.488725,1067.390283,2140.977450,2,4850981
89233852,2026-08-01T00:42:17.8988529,1070.451812,1031.509091,2140.903624,2,5996996
89273604,2026-08-01T05:54:02.4285047,1070.427797,1035.118641,2140.855593,2,5213035
89414738,2026-08-01T23:42:58.1353895,1070.395047,1056.723421,2140.790094,2,3017917
89263649,2026-08-01T04:38:00.4121572,1070.370225,1052.911502,2140.740450,2,7077888
89271509,2026-08-01T05:38:00.4387417,1070.329133,1069.673130,2140.658267,2,6329870
89398946,2026-08-01T21:42:48.2322576,1070.301641,1056.908057,2140.603281,2,5456468
89279138,2026-08-01T06:38:00.0683606,1070.286533,1020.834237,2140.573066,2,5700795
89412072,2026-08-01T23:22:58.1109113,1070.281843,1028.896409,2140.563686,2,4919323
89265200,2026-08-01T04:50:00.9202668,1070.255288,1053.808182,2140.510576,2,4390383
89306874,2026-08-01T10:06:04.3858412,1070.253515,1038.231390,2140.507029,2,9540653
89313835,2026-08-01T10:58:04.7291961,1070.252753,1064.139720,2140.505506,2,5034227
89312303,2026-08-01T10:46:04.7065192,1070.209861,1048.766197,2140.419723,2,5996941
89403683,2026-08-01T22:18:48.6639030,1070.208986,1042.325436,2140.417972,2,6333307
89398415,2026-08-01T21:38:50.2404623,1070.206611,1037.711720,2140.413221,2,4815993
89405776,2026-08-01T22:34:49.7577836,1070.203785,1016.159096,2140.407570,2,6623243
89322184,2026-08-01T12:02:04.2450301,1070.179641,1050.282989,2140.359282,2,5072729
89396822,2026-08-01T21:26:50.2618230,1070.173744,1039.093368,2140.347487,2,2658248
89410490,2026-08-01T23:10:57.3736363,1070.169270,1032.378231,2140.338541,2,4520232
89386348,2026-08-01T20:06:48.7699820,1070.140265,1016.326976,2140.280530,2,5634454
89264659,2026-08-01T04:46:00.3056056,1070.129893,1057.987849,2140.259786,2,4528009
89387514,2026-08-01T20:14:52.0566291,1070.119916,1032.344893,2140.239833,2,6613004
89404204,2026-08-01T22:22:50.1176830,1070.112099,1039.703984,2140.224197,2,5426312
89399990,2026-08-01T21:50:48.3316476,1070.109766,1032.699576,2140.219532,2,4403829
89411023,2026-08-01T23:14:58.0059038,1070.102969,1039.741259,2140.205939,2,4644215
89415799,2026-08-01T23:50:57.4410207,1070.071345,1056.368852,2140.142691,2,3951411
89318960,2026-08-01T11:38:05.1079936,1070.061850,1069.072006,2140.123699,2,2800471
89338183,2026-08-01T14:02:04.7509201,1069.999258,1062.693861,2139.998515,2,2491223
89405274,2026-08-01T22:30:48.4208474,1069.938542,1054.771397,2139.877084,2,4142701
89304196,2026-08-01T09:46:04.4365811,1069.930704,1053.030973,2139.861408,2,4978663
89274589,2026-08-01T06:02:00.3166576,1069.922076,1017.775877,2139.844151,2,4824002
89230940,2026-08-01T00:18:18.3539128,1069.915895,1017.091551,2139.831790,2,6990928
89403766,2026-08-01T22:18:48.9281166,1069.904831,1065.985858,2139.809662,2,4081636
89391568,2026-08-01T20:46:49.0408851,1069.890563,1019.605019,2139.781125,2,1386337
89404722,2026-08-01T22:26:48.2742743,1069.880651,1019.401020,2139.761302,2,2937188
89401056,2026-08-01T21:58:48.6498735,1069.844719,1061.714962,2139.689438,2,5531089
89284100,2026-08-01T07:14:01.9448210,1069.842928,1041.680579,2139.685856,2,4802998
89405262,2026-08-01T22:30:48.3763950,1069.842569,1035.620939,2139.685139,2,4914665
89409977,2026-08-01T23:06:57.3767527,1069.804092,1041.132011,2139.608185,2,4061734
89232607,2026-08-01T00:30:18.1514685,1069.804023,1059.197583,2139.608045,2,5688775
89374263,2026-08-01T18:34:46.4364450,1069.786902,1006.592139,2139.573805,2,4437230
89312589,2026-08-01T10:50:04.1370790,1069.782784,1051.699915,2139.565568,2,1925998
89411031,2026-08-01T23:14:58.0142788,1069.749140,1051.306025,2139.498280,2,4376353
89414771,2026-08-01T23:42:58.2522842,1069.745128,1059.951136,2139.490257,2,7322097
89391450,2026-08-01T20:46:48.6510128,1069.745060,1019.100251,2139.490119,2,6300343
89404878,2026-08-01T22:26:48.5496738,1069.743628,1053.738124,2139.487255,2,4239432
89356101,2026-08-01T16:18:35.1417657,1069.737408,1046.807038,2139.474816,2,2773253
89251719,2026-08-01T03:05:29.9827303,1069.698122,1062.184619,2139.396243,2,3874963
89404195,2026-08-01T22:22:49.9676522,1069.656392,1035.638839,2139.312783,2,5182992
89240537,2026-08-01T01:37:30.2120492,1069.646271,1028.282358,2139.292542,2,3953236
89333886,2026-08-01T13:30:04.5481148,1069.593588,1059.562878,2139.187175,2,4739496
89412603,2026-08-01T23:26:57.6291040,1069.580107,1024.288353,2139.160213,2,8174757
89355474,2026-08-01T16:14:37.9347795,1069.506244,1049.668119,2139.012487,2,4713535
89405790,2026-08-01T22:34:49.8217819,1069.461263,1046.318807,2138.922526,2,2920490
89395743,2026-08-01T21:18:51.4542553,1069.450677,1013.315682,2138.901354,2,3165891
89382443,2026-08-01T19:38:42.9089969,1069.414284,1063.197520,2138.828567,2,1252713
89409090,2026-08-01T22:58:57.7441243,1069.396814,1050.835730,2138.793627,2,4135873
89320109,2026-08-01T11:46:04.6485910,1069.390167,1050.606616,2138.780335,2,5061557
89391185,2026-08-01T20:42:49.6754898,1069.387800,1019.763732,2138.775600,2,3096968
89269705,2026-08-01T05:26:00.1563773,1069.334698,1052.144586,2138.669397,2,4397688
89404734,2026-08-01T22:26:48.3230292,1069.322407,1023.625869,2138.644815,2,6324638
89396809,2026-08-01T21:26:50.2371547,1069.309004,1022.169200,2138.618007,2,4696130
89289379,2026-08-01T07:54:06.4273659,1069.305355,1058.190027,2138.610709,2,4770517
89241748,2026-08-01T01:45:30.7636150,1069.302575,1061.443077,2138.605149,2,4633712
89329671,2026-08-01T12:58:04.7588216,1069.297323,1063.911037,2138.594647,2,5532337
89401570,2026-08-01T22:02:48.6117608,1069.277147,1045.679980,2138.554295,2,3318156
89401049,2026-08-01T21:58:48.6311006,1069.252933,1056.683561,2138.505865,2,3123545
89369383,2026-08-01T17:58:43.0220012,1069.248454,1045.357743,2138.496908,2,6861338
89416864,2026-08-01T23:58:57.4609376,1069.233880,1042.321315,2138.467759,2,6664006
89232478,2026-08-01T00:30:17.9611034,1069.223379,1022.061526,2138.446758,2,5427950
89231036,2026-08-01T00:18:18.4825816,1069.219009,1065.252021,2138.438018,2,3227330
89405786,2026-08-01T22:34:49.8160492,1069.210089,1039.883393,2138.420178,2,2864094
89388335,2026-08-01T20:22:51.1542437,1069.201846,1029.494875,2138.403692,2,6738577
89409449,2026-08-01T23:02:57.7412577,1069.194898,1028.342504,2138.389796,2,8238908
89398944,2026-08-01T21:42:48.2310408,1069.194697,1042.549225,2138.389393,2,4298999
89413134,2026-08-01T23:30:57.4888474,1069.148619,1032.402316,2138.297239,2,3992929
89407351,2026-08-01T22:46:57.6612373,1069.134871,1043.122114,2138.269742,2,5181408
89397887,2026-08-01T21:34:49.6166520,1069.124621,1046.567419,2138.249242,2,4503526
89416978,2026-08-01T23:58:57.8091664,1069.109923,1055.118613,2138.219847,2,4455365
89360922,2026-08-01T16:54:43.4620212,1069.106041,1043.686562,2138.212082,2,6558319
89234985,2026-08-01T00:50:17.8446705,1069.094930,1055.358752,2138.189860,2,1058560
89329803,2026-08-01T12:58:04.9592275,1069.073512,1054.709702,2138.147024,2,6217520
89404747,2026-08-01T22:26:48.3388516,1069.042145,1049.533247,2138.084290,2,3018899
89399995,2026-08-01T21:50:48.3432219,1069.027420,1038.338225,2138.054841,2,3371297
89413132,2026-08-01T23:30:57.4781856,1069.022792,1029.501810,2138.045584,2,4113089
89341099,2026-08-01T14:26:04.2183223,1068.961072,1063.274516,2137.922143,2,4339183
89264523,2026-08-01T04:46:00.0737425,1068.951494,1016.006145,2137.902989,2,4823873
89397323,2026-08-01T21:30:48.7306376,1068.907737,1001.182202,2137.815474,2,5674692
89400878,2026-08-01T21:58:48.2345250,1068.904582,1046.490010,2137.809164,2,5344512
89396303,2026-08-01T21:22:48.5229330,1068.893979,1046.375744,2137.787958,2,3560025
89347484,2026-08-01T15:14:40.5306883,1068.878208,1068.162937,2137.756417,2,5100494
89364197,2026-08-01T17:18:43.1654173,1068.797870,1067.836455,2137.595740,2,3649429
89393662,2026-08-01T21:02:48.6231689,1068.786478,1032.826097,2137.572957,2,3749138
89233014,2026-08-01T00:34:18.0964103,1068.773216,1021.923461,2137.546432,2,9107208
89230449,2026-08-01T00:14:18.0524396,1068.770302,1043.551537,2137.540604,2,2494855
89230956,2026-08-01T00:18:18.3720159,1068.762585,1039.840224,2137.525170,2,4556549
89411575,2026-08-01T23:18:57.6296031,1068.757501,1058.251814,2137.515002,2,5377714
89408410,2026-08-01T22:54:58.2335787,1068.747873,1047.490110,2137.495747,2,6897865
89414727,2026-08-01T23:42:58.1100675,1068.719240,1037.148448,2137.438479,2,4709401
89398425,2026-08-01T21:38:50.2627829,1068.705218,1044.978321,2137.410436,2,4774595
89411046,2026-08-01T23:14:58.0598946,1068.703721,1055.124711,2137.407441,2,4584649
89233525,2026-08-01T00:38:17.8904977,1068.680416,1031.389031,2137.360833,2,5139763
89275172,2026-08-01T06:06:00.5286137,1068.672403,1042.885941,2137.344806,2,3722342
89237140,2026-08-01T01:06:17.9713960,1068.660877,1007.902909,2137.321754,2,5162775
89292482,2026-08-01T08:18:04.6400121,1068.655433,1059.624414,2137.310866,2,3058921
89402084,2026-08-01T22:06:49.2467932,1068.644189,1013.900037,2137.288378,2,9554242
89412691,2026-08-01T23:26:57.8429855,1068.636832,1053.134668,2137.273665,2,4212394
89228946,2026-08-01T00:02:17.9816514,1068.635977,1063.045405,2137.271954,2,4744469
89232472,2026-08-01T00:30:17.9590580,1068.625203,1035.518571,2137.250406,2,5920454
89412081,2026-08-01T23:22:58.1227396,1068.610918,1044.319832,2137.221836,2,4945373
89233572,2026-08-01T00:38:17.9667603,1068.551564,1044.148302,2137.103127,2,4463629
89387724,2026-08-01T20:18:50.2359127,1068.505894,1057.644336,2137.011788,2,3860780
89388556,2026-08-01T20:22:52.0084235,1068.453245,1030.884214,2136.906491,2,1992160
89317584,2026-08-01T11:26:04.7434131,1068.444489,1065.989283,2136.888978,2,5320759
89374833,2026-08-01T18:38:45.8113993,1068.403477,1040.978939,2136.806953,2,4585705
89230957,2026-08-01T00:18:18.3722075,1068.398835,1048.890925,2136.797669,2,2412211
89396327,2026-08-01T21:22:48.5653284,1068.392214,1051.706103,2136.784428,2,4344999
89337126,2026-08-01T13:54:08.4594002,1068.365019,1022.976226,2136.730037,2,5432404
89398443,2026-08-01T21:38:50.3193465,1068.350731,1049.543101,2136.701461,2,4084987
89404754,2026-08-01T22:26:48.3488819,1068.332553,1057.014161,2136.665105,2,4693656
89314406,2026-08-01T11:02:04.5562480,1068.331380,1055.003989,2136.662761,2,4697841
89309122,2026-08-01T10:22:04.8126082,1068.311125,1056.245350,2136.622249,2,9079565
89230938,2026-08-01T00:18:18.3507800,1068.290209,1015.106277,2136.580418,2,6306371
89411914,2026-08-01T23:22:57.6555054,1068.287234,1032.242599,2136.574467,2,4931841
89332907,2026-08-01T13:22:04.4155269,1068.279038,1058.477192,2136.558077,2,5398036
89231894,2026-08-01T00:26:17.8734473,1068.270663,1058.490617,2136.541326,2,6482209
89409984,2026-08-01T23:06:57.4192565,1068.256915,1047.766773,2136.513830,2,5592144
89247328,2026-08-01T02:29:30.4318665,1068.255718,1058.470507,2136.511436,2,4308953
89407511,2026-08-01T22:46:58.1249733,1068.247552,1052.963257,2136.495104,2,4851723
89331281,2026-08-01T13:10:05.1219446,1068.225764,1058.023004,2136.451528,2,5711578
89401055,2026-08-01T21:58:48.6474635,1068.214923,1049.382818,2136.429846,2,5515762
89318196,2026-08-01T11:30:04.7710919,1068.173020,1057.191208,2136.346039,2,2746240
89230440,2026-08-01T00:14:18.0440578,1068.169373,1025.083127,2136.338746,2,4808481
89403811,2026-08-01T22:18:49.0292494,1068.168135,1053.527150,2136.336271,2,2187606
89416868,2026-08-01T23:58:57.4659639,1068.153941,1055.014594,2136.307883,2,4190370
89333950,2026-08-01T13:30:04.6579839,1068.152635,1056.071625,2136.305269,2,4464186
89248374,2026-08-01T02:37:30.4153838,1068.150055,1044.837039,2136.300109,2,4705066
89398430,2026-08-01T21:38:50.2674413,1068.106923,1051.790524,2136.213846,2,4113896
89390533,2026-08-01T20:38:49.1609280,1068.087004,1014.201212,2136.174008,2,4732647
89268864,2026-08-01T05:18:00.2824176,1068.077647,1066.571739,2136.155293,2,2501912
89268869,2026-08-01T05:18:00.3045734,1068.068774,1055.076451,2136.137547,2,4567253
89392203,2026-08-01T20:50:49.5248936,1068.063526,1050.491424,2136.127052,2,3470553
89233027,2026-08-01T00:34:18.1373265,1068.059645,1030.941918,2136.119290,2,4796149
89412613,2026-08-01T23:26:57.6460883,1068.033582,1037.744170,2136.067164,2,5120049
89412082,2026-08-01T23:22:58.1261200,1068.033582,1041.397693,2136.067164,2,7273029
89281298,2026-08-01T06:54:01.2098275,1068.026450,1030.401113,2136.052900,2,5331744
89399010,2026-08-01T21:42:48.4293988,1068.017569,1063.069296,2136.035137,2,4340985
89281833,2026-08-01T06:58:00.1322541,1068.012515,1025.735209,2136.025029,2,5073762
89384573,2026-08-01T19:54:49.9408813,1068.000288,1010.656576,2136.000576,2,4618310
89231979,2026-08-01T00:26:17.9846322,1067.985956,1022.737388,2135.971912,2,3411647
89391991,2026-08-01T20:50:48.8419974,1067.983051,1066.760065,2135.966102,2,1186883
89313323,2026-08-01T10:54:08.4284702,1067.880688,1053.137179,2135.761376,2,4260071
89396296,2026-08-01T21:22:48.5158891,1067.870173,1050.463613,2135.740346,2,4463777
89408999,2026-08-01T22:58:57.5456914,1067.858672,1066.905592,2135.717344,2,4344123
89397398,2026-08-01T21:30:48.9104837,1067.857076,1061.999139,2135.714151,2,6505698
89401045,2026-08-01T21:58:48.6250660,1067.855091,1039.110805,2135.710181,2,4576731
89230952,2026-08-01T00:18:18.3663339,1067.834190,1021.245590,2135.668381,2,3345803
89411041,2026-08-01T23:14:58.0392904,1067.795288,1053.519424,2135.590577,2,5672257
89389579,2026-08-01T20:30:52.1106363,1067.793006,1025.726732,2135.586012,2,2659370
89266744,2026-08-01T05:02:00.0952601,1067.790138,1061.343995,2135.580276,2,3655175
89235084,2026-08-01T00:50:17.9869222,1067.785586,1024.816652,2135.571172,2,5078806
89253846,2026-08-01T03:22:00.3191338,1067.768167,1060.534784,2135.536335,2,5914807
89405748,2026-08-01T22:34:49.6387666,1067.665016,924.517701,2135.330031,2,5836593
89263528,2026-08-01T04:38:00.1810436,1067.643715,1028.439772,2135.287430,2,4434427
89339085,2026-08-01T14:10:04.6558745,1067.635056,1027.005387,2135.270111,2,1827651
89308906,2026-08-01T10:22:04.4335997,1067.615185,1032.781806,2135.230370,2,5065670
89228887,2026-08-01T00:02:17.8562647,1067.548524,1038.386996,2135.097048,2,4837419
89395226,2026-08-01T21:14:50.0193396,1067.547465,1032.178877,2135.094929,2,7463907
89234005,2026-08-01T00:42:18.1109616,1067.545642,1028.912492,2135.091285,2,5802470
89232001,2026-08-01T00:26:18.0059560,1067.537897,1050.107613,2135.075794,2,5421027
89315812,2026-08-01T11:14:06.4120741,1067.525604,1045.791927,2135.051208,2,6022529
89349659,2026-08-01T15:30:36.1204401,1067.520927,1048.871016,2135.041854,2,5587623
89347952,2026-08-01T15:18:36.5357891,1067.505968,1050.010245,2135.011936,2,6342358
89308670,2026-08-01T10:18:04.8072658,1067.450725,1023.041346,2134.901450,2,4352630
89393717,2026-08-01T21:02:48.7913563,1067.408774,1038.894971,2134.817547,2,5857847
89399535,2026-08-01T21:46:48.3215754,1067.361321,1067.154049,2134.722641,2,5038904
89317681,2026-08-01T11:26:04.8726724,1067.339832,1031.639954,2134.679665,2,3560914
89403674,2026-08-01T22:18:48.6528864,1067.335904,1025.638639,2134.671808,2,5616606
89345984,2026-08-01T15:02:36.1708247,1067.325695,1050.753991,2134.651390,2,3142973
89398905,2026-08-01T21:42:48.0734629,1067.304361,1058.010681,2134.608722,2,5331662
89407354,2026-08-01T22:46:57.6683360,1067.259776,1038.919630,2134.519552,2,2965588
89230960,2026-08-01T00:18:18.3751037,1067.251119,1041.452075,2134.502238,2,3721824
89381177,2026-08-01T19:26:42.3490270,1067.227407,1066.793426,2134.454815,2,5992697
89407449,2026-08-01T22:46:57.9321500,1067.210408,1057.111572,2134.420815,2,7340740
89242785,2026-08-01T01:53:32.0207821,1067.158374,1030.386481,2134.316748,2,5641332
89284106,2026-08-01T07:14:01.9546311,1067.105683,1045.544114,2134.211366,2,7107448
89365168,2026-08-01T17:26:40.3354120,1067.095950,1034.559389,2134.191900,2,5358417
89414921,2026-08-01T23:42:58.7388201,1067.069068,1042.395452,2134.138136,2,6692463
89410522,2026-08-01T23:10:57.4748880,1067.032343,1050.053091,2134.064686,2,5427036
89356805,2026-08-01T16:22:36.3601987,1066.994064,1057.975983,2133.988129,2,5259891
89414757,2026-08-01T23:42:58.2068901,1066.966064,1057.719843,2133.932128,2,4547813
89324227,2026-08-01T12:18:04.3121013,1066.948332,1051.213778,2133.896665,2,4516489
89367096,2026-08-01T17:42:40.4381601,1066.933161,1019.887712,2133.866322,2,6221946
89403666,2026-08-01T22:18:48.6425777,1066.924480,1025.087703,2133.848960,2,5928556
89386702,2026-08-01T20:10:50.6643556,1066.907984,1017.162139,2133.815967,2,5068131
89377950,2026-08-01T19:02:43.1191846,1066.904357,1017.656407,2133.808714,2,4352672
89348145,2026-08-01T15:18:37.0161816,1066.901806,1019.267537,2133.803611,2,7924979
89414762,2026-08-01T23:42:58.2207899,1066.880509,1057.172342,2133.761018,2,5841201
89411020,2026-08-01T23:14:57.9985888,1066.835191,1026.353185,2133.670383,2,3758256
89390532,2026-08-01T20:38:49.1560856,1066.823257,1026.214601,2133.646515,2,3788236
89413200,2026-08-01T23:30:57.6526411,1066.819096,1063.440404,2133.638193,2,4077069
89411550,2026-08-01T23:18:57.5532060,1066.785256,1034.498818,2133.570511,2,6470014
89410105,2026-08-01T23:06:57.7479008,1066.782255,1057.303260,2133.564510,2,4520204
89403856,2026-08-01T22:18:49.1461966,1066.778063,1050.791082,2133.556126,2,3364552
89289195,2026-08-01T07:54:06.1434741,1066.747203,1033.166504,2133.494406,2,5437035
89343383,2026-08-01T14:42:35.2404595,1066.644920,1044.895852,2133.289840,2,3284050
89404819,2026-08-01T22:26:48.4393152,1066.626929,1058.321569,2133.253858,2,5789458
89412627,2026-08-01T23:26:57.6774322,1066.624466,1045.178262,2133.248932,2,6991498
89405793,2026-08-01T22:34:49.8356237,1066.574604,1049.281157,2133.149207,2,4393369
89400520,2026-08-01T21:54:49.8441352,1066.571462,1046.232696,2133.142924,2,5439064
89402629,2026-08-01T22:10:48.8484382,1066.543519,1050.230354,2133.087038,2,4419568
89415805,2026-08-01T23:50:57.4618521,1066.520530,1063.120836,2133.041060,2,2578038
89262017,2026-08-01T04:26:00.0749995,1066.512168,1062.757394,2133.024336,2,3360143
89348149,2026-08-01T15:18:37.0191854,1066.500445,1044.537815,2133.000889,2,5605136
89390652,2026-08-01T20:38:49.5302546,1066.477387,1030.447787,2132.954774,2,3158204
89405781,2026-08-01T22:34:49.8082705,1066.467502,1031.022950,2132.935004,2,4837677
89231363,2026-08-01T00:22:17.7628582,1066.453205,1058.508185,2132.906411,2,4095506
89233435,2026-08-01T00:38:17.7491260,1066.429704,1063.642839,2132.859407,2,8888641
89413668,2026-08-01T23:34:59.7528082,1066.425372,1036.174749,2132.850745,2,8423686
89408945,2026-08-01T22:58:57.4377086,1066.419094,1048.904806,2132.838189,2,2829709
89413672,2026-08-01T23:34:59.7577042,1066.401850,1032.255701,2132.803700,2,3240547
89332831,2026-08-01T13:22:04.2598237,1066.324335,1023.472425,2132.648669,2,1869920
89278613,2026-08-01T06:34:00.7303758,1066.316394,1044.937305,2132.632788,2,6496231
89409469,2026-08-01T23:02:57.7962459,1066.302623,1049.874506,2132.605246,2,4791624
89414050,2026-08-01T23:38:56.5768084,1066.291176,1054.371758,2132.582351,2,5182383
89408423,2026-08-01T22:54:58.2595892,1066.286907,1052.698883,2132.573814,2,2310106
89400546,2026-08-01T21:54:49.9160573,1066.236931,1050.442476,2132.473861,2,6220625
89412091,2026-08-01T23:22:58.1438313,1066.226548,1057.099796,2132.453096,2,1712639
89390943,2026-08-01T20:42:48.8433721,1066.210100,1060.701626,2132.420200,2,7423638
89293013,2026-08-01T08:22:04.9357764,1066.193634,1063.642946,2132.387267,2,5038237
89396824,2026-08-01T21:26:50.2643218,1066.182830,1032.079375,2132.365660,2,7194123
89282468,2026-08-01T07:02:00.2682552,1066.152012,1039.285772,2132.304025,2,5252596
89396862,2026-08-01T21:26:50.3476132,1066.128158,1053.559642,2132.256317,2,5701286
89413149,2026-08-01T23:30:57.5282976,1066.125279,1061.448186,2132.250559,2,5203434
89320570,2026-08-01T11:50:04.3618121,1066.080635,1048.351634,2132.161271,2,2673001
89237653,2026-08-01T01:10:17.9419791,1066.059420,991.565286,2132.118840,2,5638794
89330201,2026-08-01T13:02:04.6302690,1066.058060,1057.677297,2132.116120,2,3513418
89233025,2026-08-01T00:34:18.1078384,1066.050017,1020.478074,2132.100034,2,5843309
89236196,2026-08-01T00:58:17.9713238,1066.034843,1035.592424,2132.069687,2,5151028
89408936,2026-08-01T22:58:57.4248669,1065.997757,1036.889149,2131.995514,2,3774092
89231490,2026-08-01T00:22:17.9641404,1065.991887,1030.824698,2131.983775,2,6821084
89273566,2026-08-01T05:54:02.3523120,1065.981767,1043.045804,2131.963535,2,2666180
89327513,2026-08-01T12:42:04.4132287,1065.979336,1044.819932,2131.958672,2,3080753
89230441,2026-08-01T00:14:18.0460238,1065.951154,1016.489329,2131.902309,2,5553394
89278801,2026-08-01T06:34:01.0353161,1065.947668,1021.052749,2131.895336,2,3782646
89388823,2026-08-01T20:26:50.0227099,1065.937378,1050.404738,2131.874757,2,2691545
89266230,2026-08-01T04:58:00.1498038,1065.910871,1051.824941,2131.821743,2,5130178
89228732,2026-08-01T00:02:17.6743767,1065.897975,1046.834152,2131.795950,2,5180986
89250889,2026-08-01T02:57:30.6142632,1065.874422,1050.883676,2131.748845,2,5839772
89305795,2026-08-01T09:58:04.5193151,1065.873360,1036.063081,2131.746721,2,3219810
89232485,2026-08-01T00:30:17.9708388,1065.848091,1024.400501,2131.696181,2,6365290
89311175,2026-08-01T10:38:04.4588965,1065.843101,1062.350701,2131.686201,2,8460711
89299473,2026-08-01T09:10:07.4715308,1065.834738,1048.973762,2131.669476,2,3774622
89381611,2026-08-01T19:30:41.9546549,1065.816081,1060.554973,2131.632162,2,5713349
89233524,2026-08-01T00:38:17.8899333,1065.755622,1015.693700,2131.511245,2,6127433
89391513,2026-08-01T20:46:48.9139258,1065.746021,1060.966507,2131.492042,2,5448484
89232481,2026-08-01T00:30:17.9657902,1065.720661,1023.015843,2131.441322,2,3204047
89401566,2026-08-01T22:02:48.6071514,1065.693084,1031.260193,2131.386167,2,3565030
89399378,2026-08-01T21:46:48.0500137,1065.668268,1064.232131,2131.336535,2,3900739
89413131,2026-08-01T23:30:57.4748125,1065.667754,1030.537955,2131.335508,2,2289102
89374810,2026-08-01T18:38:45.7283213,1065.664931,1052.426736,2131.329863,2,5699465
89230953,2026-08-01T00:18:18.3683020,1065.646892,1030.410648,2131.293785,2,3313569
89413671,2026-08-01T23:34:59.7569770,1065.637696,1040.961066,2131.275391,2,7169315
89352314,2026-08-01T15:50:36.4200525,1065.620527,1007.475399,2131.241053,2,6911186
89406846,2026-08-01T22:42:57.4502146,1065.609109,1047.140134,2131.218218,2,4712769
89331782,2026-08-01T13:14:06.2556968,1065.602311,1036.591439,2131.204621,2,2557304
89396285,2026-08-01T21:22:48.4644894,1065.550709,1031.792208,2131.101418,2,4119096
89416321,2026-08-01T23:54:58.4503722,1065.546366,1038.704870,2131.092733,2,4783299
89379236,2026-08-01T19:14:45.1744349,1065.524028,1028.458208,2131.048055,2,5474133
89273325,2026-08-01T05:54:02.0116534,1065.501400,1033.933522,2131.002799,2,4433867
89397687,2026-08-01T21:34:48.9179520,1065.472963,1059.880315,2130.945925,2,7328358
89231994,2026-08-01T00:26:17.9987792,1065.470579,1028.340531,2130.941159,2,6306414
89405281,2026-08-01T22:30:48.4311948,1065.395853,1053.701041,2130.791705,2,9039014
89392611,2026-08-01T20:54:51.3522358,1065.368854,1020.313892,2130.737709,2,7497016
89399998,2026-08-01T21:50:48.3465769,1065.347815,1035.648686,2130.695631,2,5735202
89333359,2026-08-01T13:26:04.3602915,1065.334440,1051.786943,2130.668880,2,3531219
89409987,2026-08-01T23:06:57.4275167,1065.303104,1047.410433,2130.606207,2,3928523
89407978,2026-08-01T22:50:57.5096492,1065.300518,1056.885792,2130.601036,2,3177482
89394701,2026-08-01T21:10:51.3627594,1065.292067,1036.621420,2130.584135,2,4597015
89405795,2026-08-01T22:34:49.8537845,1065.260731,1038.518152,2130.521462,2,3262553
89378447,2026-08-01T19:06:43.9585107,1065.259716,1041.745824,2130.519432,2,3730547
89370828,2026-08-01T18:10:41.5735375,1065.173373,1064.727876,2130.346746,2,4844838
89415277,2026-08-01T23:46:57.6494982,1065.153862,1052.987959,2130.307724,2,4076848
89406325,2026-08-01T22:38:57.5054931,1065.142458,1053.674570,2130.284915,2,5982571
89409489,2026-08-01T23:02:57.8528249,1065.080382,1064.196799,2130.160763,2,5587279
89393642,2026-08-01T21:02:48.5510957,1065.079212,1017.184177,2130.158423,2,3406898
89346674,2026-08-01T15:06:35.1279698,1065.059538,1009.523550,2130.119075,2,4426598
89324517,2026-08-01T12:18:04.8473270,1065.058832,1061.428416,2130.117665,2,3615736
89404753,2026-08-01T22:26:48.3369511,1065.042271,1045.232001,2130.084543,2,4379190
89338747,2026-08-01T14:06:04.6758656,1064.958651,1055.409795,2129.917302,2,5407037
89305281,2026-08-01T09:54:05.6419873,1064.947320,1049.810650,2129.894641,2,5101300
89404203,2026-08-01T22:22:49.9872770,1064.944520,1027.983535,2129.889039,2,4354084
89313912,2026-08-01T10:58:04.9225225,1064.930078,1056.372500,2129.860156,2,6537042
89404759,2026-08-01T22:26:48.3399713,1064.922089,1047.585594,2129.844178,2,6403229
89301934,2026-08-01T09:30:04.1632675,1064.857928,1026.139957,2129.715857,2,4376830
89228891,2026-08-01T00:02:17.8427311,1064.840410,1029.846868,2129.680819,2,4472303
89414750,2026-08-01T23:42:58.1665170,1064.827717,1064.263918,2129.655433,2,7387605
89229428,2026-08-01T00:06:18.1727307,1064.802198,1061.821251,2129.604396,2,4075358
89411541,2026-08-01T23:18:57.5412570,1064.784653,1022.674077,2129.569306,2,4590538
89230948,2026-08-01T00:18:18.3623142,1064.777778,1017.348314,2129.555557,2,6309321
89309087,2026-08-01T10:22:04.4319717,1064.766152,1064.557908,2129.532303,2,4615786
89231993,2026-08-01T00:26:17.9976515,1064.760211,1037.791961,2129.520422,2,5689471
89415923,2026-08-01T23:50:57.7627789,1064.749654,1054.243884,2129.499308,2,5249493
89331212,2026-08-01T13:10:05.0083283,1064.742450,1062.905519,2129.484899,2,5964294
89241672,2026-08-01T01:45:30.6806750,1064.680501,1044.025098,2129.361003,2,5228677
89408416,2026-08-01T22:54:58.2386827,1064.672607,1054.489721,2129.345214,2,7967956
89231465,2026-08-01T00:22:17.9614673,1064.671473,1018.244780,2129.342946,2,4239726
89332281,2026-08-01T13:18:04.6282574,1064.649529,1063.747792,2129.299059,2,1817308
89395253,2026-08-01T21:14:50.1173798,1064.628218,1034.679347,2129.256435,2,3291658
89232533,2026-08-01T00:30:18.0532883,1064.607110,1050.219670,2129.214221,2,4009378
89391559,2026-08-01T20:46:49.0295397,1064.599620,1015.186374,2129.199241,2,2601133
89262136,2026-08-01T04:26:00.2838349,1064.593537,1036.909707,2129.187074,2,3394241
89297478,2026-08-01T08:54:08.7726555,1064.569493,1031.706197,2129.138986,2,4597931
89255091,2026-08-01T03:30:00.5339943,1064.560898,1027.948400,2129.121795,2,4142563
89361004,2026-08-01T16:54:43.6209872,1064.555531,1018.238690,2129.111061,2,4176833
89394724,2026-08-01T21:10:51.4245987,1064.550851,1036.460534,2129.101702,2,4126349
89316520,2026-08-01T11:18:04.5114696,1064.544231,1055.627760,2129.088463,2,6276701
89245300,2026-08-01T02:13:31.1612472,1064.513917,1031.315159,2129.027835,2,3908818
89416307,2026-08-01T23:54:58.4294452,1064.511251,1008.292910,2129.022503,2,5913694
89403164,2026-08-01T22:14:49.5238844,1064.498349,1046.053660,2128.996698,2,5624404
89412213,2026-08-01T23:22:58.4479706,1064.496616,1057.258721,2128.993232,2,6003840
89382974,2026-08-01T19:42:48.4259194,1064.473364,1023.014766,2128.946728,2,4598767
89414214,2026-08-01T23:38:56.9608487,1064.465400,1046.670854,2128.930800,2,4430650
89336584,2026-08-01T13:50:04.5296537,1064.461908,1055.460064,2128.923815,2,3556885
89399981,2026-08-01T21:50:48.3118950,1064.443623,1028.124873,2128.887246,2,6030839
89399437,2026-08-01T21:46:48.1317322,1064.441171,1024.884879,2128.882342,2,5891395
89411565,2026-08-01T23:18:57.6128838,1064.440062,1042.880912,2128.880124,2,4945423
89364506,2026-08-01T17:22:40.2403398,1064.434030,1046.065902,2128.868061,2,4635654
89280297,2026-08-01T06:46:00.3438269,1064.425168,1028.284287,2128.850336,2,5227110
89340152,2026-08-01T14:18:04.4286270,1064.414516,1064.371266,2128.829031,2,1683730
89400682,2026-08-01T21:54:50.2547705,1064.402504,1056.357302,2128.805009,2,2439381
89318695,2026-08-01T11:34:06.6520339,1064.379258,1040.091722,2128.758516,2,7869905
89403182,2026-08-01T22:14:49.5786947,1064.366615,1051.214848,2128.733229,2,3857342
89404755,2026-08-01T22:26:48.3489234,1064.354697,1049.589909,2128.709394,2,2902592
89292145,2026-08-01T08:14:07.0489169,1064.350346,1036.959650,2128.700693,2,5462511
89285988,2026-08-01T07:30:00.0120640,1064.349942,1044.013794,2128.699883,2,5977660
89230478,2026-08-01T00:14:18.0749295,1064.349616,1058.937848,2128.699231,2,5875309
89229944,2026-08-01T00:10:18.1035646,1064.340848,1033.912892,2128.681697,2,5084178
89338485,2026-08-01T14:06:04.1510598,1064.293090,1030.399537,2128.586179,2,5646853
89370304,2026-08-01T18:06:43.5293088,1064.273286,1048.887936,2128.546571,2,4435418
89336409,2026-08-01T13:50:04.2304421,1064.258755,1054.113698,2128.517510,2,4554271
89395761,2026-08-01T21:18:51.5278177,1064.249163,1040.983547,2128.498325,2,7477526
89310220,2026-08-01T10:30:05.9446343,1064.216224,1028.102185,2128.432448,2,5165409
89394187,2026-08-01T21:06:49.1297269,1064.195776,1032.375400,2128.391553,2,6212329
89403679,2026-08-01T22:18:48.6568860,1064.195004,1038.472685,2128.390008,2,7705441
89233023,2026-08-01T00:34:18.1050312,1064.192935,1023.674555,2128.385869,2,4511376
89403165,2026-08-01T22:14:49.5258017,1064.189789,1052.143577,2128.379577,2,4086620
89392689,2026-08-01T20:54:51.6742495,1064.167868,1031.375497,2128.335736,2,5428016
89393178,2026-08-01T20:58:50.3851974,1064.158827,1036.103662,2128.317654,2,6307611
89239964,2026-08-01T01:33:55.1448296,1064.144483,1045.799505,2128.288965,2,5396735
89230448,2026-08-01T00:14:18.0520985,1064.127392,1028.313175,2128.254784,2,8069219
89264536,2026-08-01T04:46:00.1167373,1064.122481,1034.399165,2128.244961,2,4994902
89416884,2026-08-01T23:58:57.5153511,1064.116292,1057.635244,2128.232584,2,5269968
89398546,2026-08-01T21:38:50.5676397,1064.104604,1055.526827,2128.209209,2,5776588
89398869,2026-08-01T21:42:48.0097346,1064.084828,1057.720918,2128.169657,2,6175850
89353848,2026-08-01T16:02:36.5377435,1064.084573,1012.774973,2128.169146,2,2594998
89405794,2026-08-01T22:34:49.8405030,1064.051345,1033.903031,2128.102689,2,6802844
89276475,2026-08-01T06:17:59.9763533,1064.047413,1038.441215,2128.094826,2,5888564
89401559,2026-08-01T22:02:48.5814335,1064.039570,1016.649820,2128.079141,2,6019114
89394188,2026-08-01T21:06:49.1341397,1063.979007,1035.677118,2127.958014,2,5079259
89412090,2026-08-01T23:22:58.1416475,1063.970846,1041.519278,2127.941691,2,3909039
89416310,2026-08-01T23:54:58.4323953,1063.970767,1009.503662,2127.941533,2,2700238
89237391,2026-08-01T01:10:17.5629404,1063.969464,1037.750854,2127.938928,2,3289152
89337622,2026-08-01T13:58:05.1171763,1063.966039,1057.135934,2127.932078,2,5752801
89391969,2026-08-01T20:50:48.7690770,1063.956839,1026.480354,2127.913677,2,3818324
89311717,2026-08-01T10:42:05.3376972,1063.944047,1062.895037,2127.888095,2,5070082
89342306,2026-08-01T14:34:42.2146258,1063.930344,1046.552221,2127.860688,2,5291389
89295581,2026-08-01T08:42:04.3374868,1063.861815,1027.892979,2127.723630,2,6189002
89228898,2026-08-01T00:02:17.8651282,1063.845382,1049.308517,2127.690763,2,5368052
89388975,2026-08-01T20:26:50.6083683,1063.822470,1002.305018,2127.644940,2,8162490
89398422,2026-08-01T21:38:50.2567665,1063.778398,1038.308429,2127.556796,2,3291379
89270799,2026-08-01T05:34:01.1346148,1063.739456,1017.874222,2127.478913,2,5206480
89311148,2026-08-01T10:38:04.4289768,1063.724625,1057.878017,2127.449250,2,2400247
89413665,2026-08-01T23:34:59.7518382,1063.699875,1040.762483,2127.399751,2,4338033
89273846,2026-08-01T05:57:59.9628021,1063.670983,1039.459895,2127.341967,2,4013601
89267912,2026-08-01T05:10:00.4227700,1063.663745,1029.056274,2127.327489,2,6428587
89230947,2026-08-01T00:18:18.3610971,1063.637570,1021.306515,2127.275139,2,5581133
89400530,2026-08-01T21:54:49.8662009,1063.626092,1046.836807,2127.252183,2,5310159
89232466,2026-08-01T00:30:17.9578012,1063.582547,1009.723312,2127.165094,2,1133817
89290219,2026-08-01T08:02:04.4758743,1063.578104,1026.799879,2127.156208,2,4894521
89255909,2026-08-01T03:38:00.1353537,1063.530523,985.063197,2127.061046,2,4313248
89411054,2026-08-01T23:14:58.0922177,1063.522191,1062.770780,2127.044382,2,3333637
89412730,2026-08-01T23:26:57.9558842,1063.521619,1058.778408,2127.043238,2,6197994
89403143,2026-08-01T22:14:49.4560110,1063.427155,1009.177551,2126.854310,2,943793
89404746,2026-08-01T22:26:48.3346780,1063.381193,1039.881542,2126.762386,2,3607560
89416871,2026-08-01T23:58:57.4682022,1063.352930,1042.581977,2126.705859,2,3288843
89299031,2026-08-01T09:06:05.8640859,1063.340106,1055.254408,2126.680212,2,4654160
89408942,2026-08-01T22:58:57.4338906,1063.304856,1042.969135,2126.609712,2,2517808
89368883,2026-08-01T17:54:43.6242359,1063.303525,1043.137731,2126.607050,2,6575657
89315295,2026-08-01T11:10:04.4980861,1063.294629,1060.912034,2126.589259,2,5369458
89252816,2026-08-01T03:13:30.9134236,1063.264272,1035.772039,2126.528544,2,4548720
89332438,2026-08-01T13:18:04.9124731,1063.249039,1032.413420,2126.498078,2,4889155
89358232,2026-08-01T16:34:37.7440915,1063.245327,1053.644184,2126.490654,2,5954087
89368122,2026-08-01T17:50:39.8615015,1063.199330,1060.860443,2126.398659,2,5003890
89244861,2026-08-01T02:09:30.9282745,1063.163275,1032.306058,2126.326550,2,4760829
89230439,2026-08-01T00:14:18.0426887,1063.150930,1011.884889,2126.301860,2,5519157
89389580,2026-08-01T20:30:52.1127434,1063.131251,1013.253662,2126.262502,2,988092
89301153,2026-08-01T09:22:04.8438501,1063.126937,1009.457882,2126.253873,2,3405327
89251542,2026-08-01T03:01:30.5720957,1063.080162,1039.175626,2126.160325,2,4771117
89229956,2026-08-01T00:10:18.1166528,1063.078649,1051.562083,2126.157298,2,4920207
89241572,2026-08-01T01:45:30.5660088,1063.066670,1062.240638,2126.133340,2,3911727
89394818,2026-08-01T21:10:51.7160998,1063.030322,1039.429670,2126.060644,2,9298667
89313675,2026-08-01T10:58:04.4706222,1062.991653,1057.798696,2125.983305,2,6215698
89349775,2026-08-01T15:30:36.5150883,1062.982720,1047.276923,2125.965441,2,2151686
89264766,2026-08-01T04:46:00.4558143,1062.958237,1008.643452,2125.916473,2,4656901
89343826,2026-08-01T14:46:36.0162188,1062.912715,1051.076254,2125.825430,2,3318778
89347213,2026-08-01T15:10:35.0713783,1062.912630,1046.313773,2125.825260,2,4427425
89395756,2026-08-01T21:18:51.5126313,1062.904887,1028.757797,2125.809775,2,4510020
89409627,2026-08-01T23:02:58.3161607,1062.903527,1057.925641,2125.807054,2,4745224
89400532,2026-08-01T21:54:49.8676378,1062.900098,1045.621891,2125.800197,2,7333669
89345547,2026-08-01T14:58:39.2417947,1062.875215,1037.511516,2125.750431,2,3681259
89229953,2026-08-01T00:10:18.1135593,1062.865829,1034.523976,2125.731658,2,3096984
89398414,2026-08-01T21:38:50.2349016,1062.808402,1022.895380,2125.616803,2,5661090
89400510,2026-08-01T21:54:49.8236480,1062.805030,1050.453923,2125.610060,2,5476913
89378741,2026-08-01T19:10:42.3590842,1062.785454,1060.789704,2125.570908,2,2864102
89341682,2026-08-01T14:30:04.4248337,1062.767796,1060.696507,2125.535591,2,5809573
89391500,2026-08-01T20:46:48.8622696,1062.764451,1062.567906,2125.528901,2,5470979
89413155,2026-08-01T23:30:57.5392767,1062.762140,1058.122661,2125.524279,2,5733245
89262718,2026-08-01T04:30:00.2459260,1062.752546,1028.384574,2125.505092,2,3306453
89369006,2026-08-01T17:54:43.8068611,1062.740666,1045.597602,2125.481331,2,5971274
89265746,2026-08-01T04:54:01.6156365,1062.732886,1058.606775,2125.465772,2,5385015
89342882,2026-08-01T14:38:34.9512986,1062.715505,1014.045691,2125.431011,2,4507718
89397944,2026-08-01T21:34:49.8274785,1062.683690,1042.225561,2125.367379,2,6561997
89232554,2026-08-01T00:30:18.0696773,1062.682401,1040.051961,2125.364802,2,2577583
89353059,2026-08-01T15:54:37.7761375,1062.645944,1048.692301,2125.291888,2,5802507
89231341,2026-08-01T00:22:17.7401631,1062.626012,1041.644368,2125.252023,2,3200872
89361304,2026-08-01T16:58:40.2152078,1062.606722,1062.437134,2125.213445,2,3812381
89332748,2026-08-01T13:22:04.1289215,1062.595471,1034.908413,2125.190942,2,3769245
89394849,2026-08-01T21:10:51.8240629,1062.574662,1043.768786,2125.149324,2,5563692
89336604,2026-08-01T13:50:04.5473449,1062.570561,1053.759014,2125.141122,2,3757592
89408051,2026-08-01T22:50:57.7080264,1062.537939,1049.182365,2125.075877,2,2398673
89396282,2026-08-01T21:22:48.4552166,1062.523906,1031.891927,2125.047812,2,3318558
89230467,2026-08-01T00:14:18.0729506,1062.522703,1053.489176,2125.045405,2,4462631
89392217,2026-08-01T20:50:49.5427477,1062.520001,1028.796715,2125.040002,2,3855011
89409907,2026-08-01T23:06:57.2071473,1062.513941,1031.692181,2125.027881,2,9426079
89229940,2026-08-01T00:10:18.0974227,1062.498480,1025.457850,2124.996961,2,5087561
89395134,2026-08-01T21:14:49.6493773,1062.493142,1042.527134,2124.986283,2,3546212
89337182,2026-08-01T13:54:08.5422085,1062.443006,1037.253694,2124.886012,2,5299443
89394699,2026-08-01T21:10:51.3584953,1062.432670,1025.746433,2124.865339,2,3219123
89299867,2026-08-01T09:14:08.5646939,1062.413414,1030.238092,2124.826829,2,5723042
89405341,2026-08-01T22:30:48.5847773,1062.410313,1059.403861,2124.820626,2,6726587
89233029,2026-08-01T00:34:18.1386340,1062.395292,1023.155826,2124.790584,2,4442308
89383472,2026-08-01T19:46:48.6614599,1062.316889,1051.695107,2124.633779,2,6030279
89399442,2026-08-01T21:46:48.1400233,1062.301121,1030.528410,2124.602243,2,3903154
89397883,2026-08-01T21:34:49.6158143,1062.299257,1026.848312,2124.598513,2,3977864
89412638,2026-08-01T23:26:57.7187966,1062.298241,1057.231664,2124.596483,2,3891342
89398375,2026-08-01T21:38:50.1382522,1062.284606,1059.038134,2124.569213,2,4258180
89396286,2026-08-01T21:22:48.4658566,1062.284306,1026.943617,2124.568612,2,4260682
89408934,2026-08-01T22:58:57.4192315,1062.279704,1019.976846,2124.559408,2,5394649
89411555,2026-08-01T23:18:57.5625927,1062.252979,1039.639932,2124.505957,2,5108332
89272285,2026-08-01T05:46:00.2841129,1062.237170,1000.529850,2124.474341,2,4303464
89406832,2026-08-01T22:42:57.4215115,1062.166401,1018.680840,2124.332803,2,6212002
89317174,2026-08-01T11:22:05.1452753,1062.163220,1033.761526,2124.326440,2,5564912
89410497,2026-08-01T23:10:57.4090951,1062.149248,1016.585931,2124.298496,2,5289528
89389898,2026-08-01T20:34:51.3642717,1062.124580,1062.120161,2124.249161,2,4085095
89338554,2026-08-01T14:06:04.2698324,1062.112327,1033.516198,2124.224654,2,4885614
89237604,2026-08-01T01:10:17.8731750,1062.084304,1053.852808,2124.168608,2,3322974
89394693,2026-08-01T21:10:51.3460076,1062.074378,1016.214513,2124.148755,2,3594278
89357550,2026-08-01T16:30:35.9091939,1062.064692,1037.228527,2124.129385,2,2811159
89413750,2026-08-01T23:35:00.0337701,1062.060375,1057.767699,2124.120750,2,4916067
89348014,2026-08-01T15:18:36.7091655,1062.030544,1039.895974,2124.061088,2,5445978
89242812,2026-08-01T01:53:32.0438077,1062.027930,1024.155671,2124.055860,2,3667966
89341630,2026-08-01T14:30:04.2880646,1062.027626,1027.153766,2124.055252,2,2768459
89411557,2026-08-01T23:18:57.5658973,1062.023364,1038.320696,2124.046727,2,6434568
89325386,2026-08-01T12:26:04.2500119,1061.996100,1003.014400,2123.992200,2,4707601
89267825,2026-08-01T05:10:00.3050158,1061.964496,1041.003074,2123.928993,2,3528061
89406318,2026-08-01T22:38:57.4733760,1061.958807,1036.574970,2123.917614,2,6583705
89235646,2026-08-01T00:54:18.4657250,1061.956647,1020.459186,2123.913295,2,4039034
89356592,2026-08-01T16:22:35.7805867,1061.949754,1036.863539,2123.899509,2,2288966
89416462,2026-08-01T23:54:58.9257538,1061.949623,1049.979562,2123.899246,2,5141565
89415253,2026-08-01T23:46:57.5706874,1061.918622,1012.119126,2123.837244,2,2958098
89396215,2026-08-01T21:22:48.3066760,1061.913100,1046.188915,2123.826199,2,5522168
89401034,2026-08-01T21:58:48.6052977,1061.910757,1015.558018,2123.821514,2,4624667
89321908,2026-08-01T11:58:04.9268211,1061.883697,1040.734349,2123.767393,2,6638916
89357122,2026-08-01T16:26:34.7454352,1061.867476,1048.919659,2123.734953,2,5835087
89415279,2026-08-01T23:46:57.6558094,1061.861003,1052.099770,2123.722007,2,2838389
89410520,2026-08-01T23:10:57.4706087,1061.853250,1042.974058,2123.706499,2,4007036
89397405,2026-08-01T21:30:48.9258662,1061.836877,1040.363853,2123.673755,2,3447182
89319812,2026-08-01T11:42:05.0216560,1061.833340,1034.356768,2123.666681,2,3852549
89230959,2026-08-01T00:18:18.3749264,1061.744259,1030.172859,2123.488517,2,4311003
89390025,2026-08-01T20:34:52.0087096,1061.734149,1006.113541,2123.468297,2,4009097
89290326,2026-08-01T08:02:04.6273158,1061.715633,1049.594569,2123.431266,2,1286993
89229407,2026-08-01T00:06:18.1460877,1061.698581,1032.936389,2123.397162,2,3721765
89302032,2026-08-01T09:30:04.2828080,1061.659672,1049.052855,2123.319344,2,5584008
89340632,2026-08-01T14:22:04.4123343,1061.648303,1036.868615,2123.296607,2,5619459
89362371,2026-08-01T17:06:41.6201398,1061.647919,1033.106397,2123.295838,2,6829284
89343001,2026-08-01T14:38:35.2047347,1061.641688,1018.304524,2123.283376,2,4339594
89405346,2026-08-01T22:30:48.6188506,1061.606954,1058.689170,2123.213908,2,3931462
89400972,2026-08-01T21:58:48.4510524,1061.601986,1060.655405,2123.203972,2,5721283
89364607,2026-08-01T17:22:40.4367224,1061.597259,1027.721912,2123.194517,2,4056249
89413294,2026-08-01T23:30:57.9452939,1061.595022,1053.919962,2123.190044,2,8388576
89234086,2026-08-01T00:42:18.1756390,1061.562938,1030.580515,2123.125876,2,6484468
89236697,2026-08-01T01:02:17.8552933,1061.545843,1031.631585,2123.091686,2,4131268
89405268,2026-08-01T22:30:48.4110502,1061.524955,1022.773680,2123.049909,2,3340913
89285902,2026-08-01T07:29:59.8881412,1061.503600,1031.729535,2123.007200,2,4754314
89235118,2026-08-01T00:50:18.0428896,1061.492961,1027.792306,2122.985922,2,7153003
89407882,2026-08-01T22:50:57.2379572,1061.479511,1026.683905,2122.959021,2,4693043
89406998,2026-08-01T22:42:57.8721916,1061.478848,1051.309875,2122.957696,2,4806869
89230965,2026-08-01T00:18:18.3838389,1061.465750,1045.066339,2122.931500,2,3441295
89400522,2026-08-01T21:54:49.8480185,1061.452084,1027.566961,2122.904168,2,5228679
89398431,2026-08-01T21:38:50.2711289,1061.445984,1031.124606,2122.891968,2,5268876
89230964,2026-08-01T00:18:18.3817883,1061.396824,1032.792423,2122.793647,2,5069592
89264223,2026-08-01T04:42:00.3652795,1061.394444,1045.453645,2122.788887,2,3018793
89346548,2026-08-01T15:06:34.8136952,1061.381277,1052.010360,2122.762554,2,5173965
89412629,2026-08-01T23:26:57.6784123,1061.380444,1034.000225,2122.760889,2,4858934
89269344,2026-08-01T05:22:00.4777375,1061.377055,1057.749057,2122.754110,2,4538679
89415266,2026-08-01T23:46:57.6234115,1061.367603,1042.465677,2122.735207,2,3286504
89334797,2026-08-01T13:38:04.2740559,1061.363321,1050.429766,2122.726641,2,5214589
89250311,2026-08-01T02:53:33.5382591,1061.349818,1039.328384,2122.699636,2,6092354
89411624,2026-08-01T23:18:57.7581157,1061.335204,1054.668871,2122.670408,2,5423487
89367330,2026-08-01T17:42:41.0512904,1061.311262,1028.429019,2122.622524,2,5127694
89292991,2026-08-01T08:22:04.9113985,1061.287513,1043.472195,2122.575026,2,5305967
89252832,2026-08-01T03:13:30.9319838,1061.271061,1052.095772,2122.542122,2,3065031
89412098,2026-08-01T23:22:58.1501805,1061.251145,1055.609679,2122.502291,2,7326662
89383790,2026-08-01T19:46:49.9331529,1061.245499,1019.700826,2122.490998,2,4912805
89272308,2026-08-01T05:46:00.3918503,1061.161190,1018.318661,2122.322379,2,7171866
89271229,2026-08-01T05:38:00.0237087,1061.147550,1029.958689,2122.295100,2,4146819
89412981,2026-08-01T23:30:57.1066309,1061.133900,1029.670920,2122.267801,2,5119065
89401039,2026-08-01T21:58:48.6129345,1061.095927,1025.340992,2122.191855,2,5486604
89415802,2026-08-01T23:50:57.4536996,1061.090855,1046.408551,2122.181709,2,5121992
89300913,2026-08-01T09:22:04.4479988,1061.084922,1055.619375,2122.169843,2,5296795
89402637,2026-08-01T22:10:48.9081866,1061.080820,1037.936174,2122.161640,2,5170680
89411569,2026-08-01T23:18:57.6187314,1061.072639,1039.622426,2122.145279,2,5310067
89301587,2026-08-01T09:26:04.5083536,1061.072299,1053.877085,2122.144598,2,3094632
89235070,2026-08-01T00:50:17.9728703,1061.054060,995.293819,2122.108121,2,5043387
89388498,2026-08-01T20:22:51.7635190,1061.033121,1003.925701,2122.066242,2,4668899
89405621,2026-08-01T22:34:49.0238660,1061.029644,1014.757937,2122.059287,2,4967852
89407901,2026-08-01T22:50:57.3098657,1061.018585,1054.609587,2122.037170,2,5583451
89240703,2026-08-01T01:37:30.5113324,1061.010725,1060.107324,2122.021451,2,2528368
89234599,2026-08-01T00:46:18.8809677,1060.994712,999.163485,2121.989424,2,3163696
89414228,2026-08-01T23:38:57.0260773,1060.987339,1060.486688,2121.974678,2,5879239
89270706,2026-08-01T05:34:00.9691321,1060.958748,1041.154040,2121.917496,2,4161471
89300931,2026-08-01T09:22:04.4739661,1060.922870,1030.222739,2121.845739,2,5785438
89289799,2026-08-01T07:58:04.6665155,1060.911759,1057.735118,2121.823518,2,1288869
89409017,2026-08-01T22:58:57.5794394,1060.882622,1052.099690,2121.765243,2,7235831
89415263,2026-08-01T23:46:57.6160550,1060.873955,1027.718773,2121.747910,2,4938787
89413534,2026-08-01T23:34:59.2200091,1060.852432,1057.318996,2121.704864,2,5416714
89394711,2026-08-01T21:10:51.3818164,1060.833598,1022.249386,2121.667197,2,5158462
89231470,2026-08-01T00:22:17.9629155,1060.811720,1023.449740,2121.623440,2,4112856
89412632,2026-08-01T23:26:57.7063187,1060.775491,1047.901336,2121.550982,2,4382916
89306849,2026-08-01T10:06:04.3515780,1060.772725,1059.491457,2121.545451,2,5431542
89388992,2026-08-01T20:26:50.6684931,1060.759774,1046.040870,2121.519549,2,3725073
89347032,2026-08-01T15:10:34.5841007,1060.745528,1050.890125,2121.491057,2,5329643
89395219,2026-08-01T21:14:50.0062341,1060.744968,1006.560746,2121.489935,2,6102561
89230480,2026-08-01T00:14:18.0830669,1060.743622,1052.788801,2121.487243,2,4602203
89279876,2026-08-01T06:42:00.3146980,1060.741822,1060.717044,2121.483645,2,5058357
89326450,2026-08-01T12:34:05.3106459,1060.722669,1023.728709,2121.445338,2,4367569
89415303,2026-08-01T23:46:57.7335019,1060.717167,1056.966464,2121.434334,2,3946117
89247128,2026-08-01T02:29:30.1304921,1060.703983,1034.667105,2121.407965,2,3579112
89315475,2026-08-01T11:10:04.7660342,1060.648756,1042.785070,2121.297512,2,5159340
89264868,2026-08-01T04:46:00.6087316,1060.579729,1050.660744,2121.159457,2,5366979
89269959,2026-08-01T05:26:00.5117799,1060.535974,1015.183834,2121.071949,2,5817666
89395797,2026-08-01T21:18:51.6149535,1060.534654,1030.529868,2121.069309,2,4529565
89398465,2026-08-01T21:38:50.3702581,1060.534095,1047.115672,2121.068190,2,5429912
89413715,2026-08-01T23:34:59.9067326,1060.523755,1054.170757,2121.047510,2,5794039
89393262,2026-08-01T20:58:50.6327629,1060.521933,1034.061380,2121.043866,2,5240552
89416883,2026-08-01T23:58:57.5173171,1060.521324,1057.108478,2121.042648,2,7447333
89316903,2026-08-01T11:22:04.5448380,1060.477716,1030.245845,2120.955433,2,5603937
89393778,2026-08-01T21:02:48.9748903,1060.475333,1039.366298,2120.950667,2,5003711
89325005,2026-08-01T12:22:04.7213708,1060.471483,1031.677571,2120.942966,2,4948265
89313327,2026-08-01T10:54:08.4340017,1060.454656,1034.336182,2120.909312,2,5241245
89234336,2026-08-01T00:46:18.4755625,1060.450562,1030.550811,2120.901125,2,5650167
89336956,2026-08-01T13:54:08.1766218,1060.435509,1059.568196,2120.871017,2,4522948
89346441,2026-08-01T15:06:34.5693935,1060.422444,1051.107393,2120.844888,2,6448677
89312152,2026-08-01T10:46:04.4463127,1060.412678,997.681323,2120.825356,2,7340005
89230501,2026-08-01T00:14:18.1032370,1060.395953,1047.357060,2120.791906,2,6446084
89322691,2026-08-01T12:06:04.3207107,1060.388836,1027.064332,2120.777671,2,1510593
89308064,2026-08-01T10:14:05.9134802,1060.371234,1054.195245,2120.742467,2,5666819
89349594,2026-08-01T15:30:35.8722391,1060.342694,1035.936424,2120.685387,2,6124419
89369321,2026-08-01T17:58:42.7503631,1060.314235,1054.561003,2120.628470,2,4097292
89304371,2026-08-01T09:46:04.8423375,1060.291467,1047.582059,2120.582934,2,5910560
89292133,2026-08-01T08:14:07.0338580,1060.270483,1006.744513,2120.540967,2,8698677
89402632,2026-08-01T22:10:48.8569458,1060.270011,1029.771710,2120.540022,2,6018046
89284894,2026-08-01T07:22:00.3535669,1060.230576,1030.863774,2120.461152,2,6376259
89405870,2026-08-01T22:34:50.1461350,1060.205010,1059.417921,2120.410020,2,5205868
89402274,2026-08-01T22:06:49.7428801,1060.202840,1059.106219,2120.405680,2,3393799
89408951,2026-08-01T22:58:57.4436237,1060.185919,1049.025508,2120.371838,2,6289371
89412094,2026-08-01T23:22:58.1445933,1060.175758,1040.336571,2120.351515,2,6315246
89229952,2026-08-01T00:10:18.1058261,1060.173629,1029.672279,2120.347258,2,4574940
89398428,2026-08-01T21:38:50.2659862,1060.153105,1034.201691,2120.306209,2,5003227
89404364,2026-08-01T22:22:50.4780274,1060.143288,1058.613328,2120.286577,2,3645005
89340302,2026-08-01T14:18:04.7374816,1060.121650,1030.995686,2120.243300,2,5654871
89294590,2026-08-01T08:34:05.8091986,1060.120539,1043.274700,2120.241078,2,4938462
89243666,2026-08-01T02:01:30.2721671,1060.103913,1035.913759,2120.207827,2,5356018
89386963,2026-08-01T20:10:51.6544504,1060.097934,1038.149261,2120.195867,2,4889947
89412249,2026-08-01T23:22:58.5481254,1060.087405,1045.164945,2120.174809,2,4115276
89387206,2026-08-01T20:14:50.6516509,1060.010155,1011.396661,2120.020310,2,5650551
89335533,2026-08-01T13:42:04.7491981,1059.995579,1054.349938,2119.991158,2,7038923
89358785,2026-08-01T16:38:41.8742834,1059.994495,1014.675148,2119.988990,2,4742104
89411154,2026-08-01T23:14:58.3470448,1059.961956,1049.906928,2119.923911,2,3867160
89399080,2026-08-01T21:42:48.5909134,1059.956388,1050.166442,2119.912776,2,4797760
89341382,2026-08-01T14:26:04.9121890,1059.951779,1031.799415,2119.903557,2,6030821
89268990,2026-08-01T05:18:00.4479638,1059.916760,1042.442415,2119.833520,2,3608794
89228853,2026-08-01T00:02:17.8189112,1059.891355,1024.346782,2119.782711,2,2022175
89275420,2026-08-01T06:10:00.2494668,1059.875761,1050.709925,2119.751521,2,5356947
89371131,2026-08-01T18:10:42.8469107,1059.869138,1032.145194,2119.738275,2,4147463
89416872,2026-08-01T23:58:57.4699880,1059.861460,1041.636806,2119.722920,2,5557418
89323803,2026-08-01T12:14:07.3513609,1059.847830,1034.859980,2119.695660,2,6319947
89275427,2026-08-01T06:10:00.2587010,1059.838137,1049.472096,2119.676275,2,6211194
89409981,2026-08-01T23:06:57.4138179,1059.833068,1026.735344,2119.666136,2,4370869
89401577,2026-08-01T22:02:48.6279502,1059.832445,1039.429766,2119.664890,2,3867196
89409982,2026-08-01T23:06:57.4141007,1059.819764,1026.691809,2119.639529,2,4339379
89416314,2026-08-01T23:54:58.4359623,1059.736667,1009.068162,2119.473335,2,4450223
89246150,2026-08-01T02:21:30.2944514,1059.713022,1037.803727,2119.426043,2,4675254
89403161,2026-08-01T22:14:49.5199317,1059.655685,1028.263195,2119.311370,2,4180035
89416318,2026-08-01T23:54:58.4424383,1059.649115,1026.763982,2119.298230,2,4649159
89413662,2026-08-01T23:34:59.7487727,1059.629211,1024.455375,2119.258422,2,820790
89298807,2026-08-01T09:06:05.5288760,1059.616461,1045.509506,2119.232923,2,3100375
89324762,2026-08-01T12:22:04.3120811,1059.612374,1027.255241,2119.224748,2,5175380
89392753,2026-08-01T20:54:51.8699004,1059.597373,1057.479552,2119.194745,2,5823878
89286105,2026-08-01T07:30:00.1769406,1059.568595,1045.172041,2119.137189,2,2344809
89229803,2026-08-01T00:10:17.8903662,1059.565035,1037.798760,2119.130070,2,3112060
89263183,2026-08-01T04:34:02.2580849,1059.558027,1028.272983,2119.116054,2,3743092
89400082,2026-08-01T21:50:48.5679489,1059.543793,1051.514596,2119.087585,2,3820630
89405284,2026-08-01T22:30:48.4398171,1059.540355,1035.578221,2119.080710,2,1150250
89235073,2026-08-01T00:50:17.9739492,1059.532268,995.278508,2119.064536,2,4634878
89282176,2026-08-01T07:01:59.9089329,1059.506205,1052.358043,2119.012411,2,4028773
89280181,2026-08-01T06:46:00.0609704,1059.504623,1056.483989,2119.009246,2,2465854
89234578,2026-08-01T00:46:18.8553908,1059.481253,1028.088804,2118.962506,2,5275818
89351168,2026-08-01T15:42:35.2554640,1059.478336,1047.581983,2118.956673,2,4395896
89391650,2026-08-01T20:46:49.2449986,1059.474373,1011.837569,2118.948747,2,5885316
89303767,2026-08-01T09:42:04.4287035,1059.464484,1054.183482,2118.928967,2,4879401
89353084,2026-08-01T15:54:37.8196669,1059.448711,1055.275062,2118.897422,2,5635787
89388286,2026-08-01T20:22:50.9538871,1059.430015,1047.451182,2118.860030,2,344796
89404263,2026-08-01T22:22:50.2718076,1059.419380,1057.562596,2118.838760,2,4484217
89395925,2026-08-01T21:18:51.9475997,1059.410130,1039.778828,2118.820260,2,4997918
89400006,2026-08-01T21:50:48.3667129,1059.392747,1031.252400,2118.785495,2,4547535
89309561,2026-08-01T10:26:04.2578285,1059.385623,1047.108668,2118.771246,2,4609540
89246605,2026-08-01T02:25:29.9757559,1059.365697,1059.277649,2118.731394,2,1563866
89319178,2026-08-01T11:38:05.4635957,1059.365596,1047.849996,2118.731192,2,5529087
89295024,2026-08-01T08:38:05.7528236,1059.304273,1033.556551,2118.608546,2,6954663
89359858,2026-08-01T16:46:45.5112746,1059.259600,1017.154117,2118.519200,2,5159996
89236557,2026-08-01T01:02:17.6641565,1059.249928,1043.250746,2118.499857,2,4536999
89238115,2026-08-01T01:14:17.8710087,1059.246819,1043.140464,2118.493638,2,4431069
89293694,2026-08-01T08:26:04.7384604,1059.203428,1030.978948,2118.406857,2,5258877
89253571,2026-08-01T03:18:01.2384383,1059.186234,1021.811011,2118.372467,2,4871920
89388358,2026-08-01T20:22:51.2427091,1059.175739,1035.053492,2118.351479,2,8260201
89402495,2026-08-01T22:10:48.4508233,1059.168334,1023.165268,2118.336668,2,6242855
89312604,2026-08-01T10:50:04.1512268,1059.157547,1034.297389,2118.315094,2,6969692
89393283,2026-08-01T20:58:50.6914449,1059.155988,1053.213284,2118.311977,2,4000204
89267818,2026-08-01T05:10:00.2719584,1059.154667,1045.276139,2118.309333,2,7299064
89406825,2026-08-01T22:42:57.4139002,1059.137671,1019.240236,2118.275342,2,4820963
89317085,2026-08-01T11:22:04.8536911,1059.091442,1037.708849,2118.182883,2,4794047
89410517,2026-08-01T23:10:57.4659300,1059.073718,1040.221923,2118.147437,2,3619099
89339057,2026-08-01T14:10:04.6076250,1059.058907,1049.117051,2118.117814,2,5571356
89322140,2026-08-01T12:02:04.1860297,1059.040864,1043.042965,2118.081729,2,5775295
89310791,2026-08-01T10:34:05.9188475,1059.036595,1033.585612,2118.073189,2,3860463
89305256,2026-08-01T09:54:05.6174026,1059.036153,1002.287221,2118.072306,2,5923048
89233026,2026-08-01T00:34:18.1371580,1059.031916,1013.278393,2118.063831,2,3695619
89396343,2026-08-01T21:22:48.6258435,1059.019382,1035.143066,2118.038764,2,4135138
89275560,2026-08-01T06:10:00.5217332,1059.018883,1030.768604,2118.037766,2,3931103
89403696,2026-08-01T22:18:48.7174165,1058.997159,1033.351611,2117.994319,2,3945698
89315483,2026-08-01T11:10:04.8092850,1058.987665,1044.059273,2117.975331,2,6686007
89413674,2026-08-01T23:34:59.7680600,1058.983110,1024.630266,2117.966220,2,4482032
89394858,2026-08-01T21:10:51.8403675,1058.983095,1012.864581,2117.966189,2,4278217
89402269,2026-08-01T22:06:49.7279093,1058.956914,1054.199986,2117.913828,2,4699084
89413159,2026-08-01T23:30:57.5474557,1058.944630,1043.705594,2117.889260,2,6647384
89373515,2026-08-01T18:30:41.3342065,1058.901241,1047.689560,2117.802482,2,3572575
89230993,2026-08-01T00:18:18.4129344,1058.895715,1040.332149,2117.791429,2,5891959
89403711,2026-08-01T22:18:48.7382782,1058.875204,1044.477316,2117.750409,2,4703971
89312785,2026-08-01T10:50:04.4347042,1058.847429,1028.259820,2117.694857,2,4667408
89368170,2026-08-01T17:50:39.9416590,1058.784864,1028.290575,2117.569728,2,3932196
89290312,2026-08-01T08:02:04.6123143,1058.758329,1038.455799,2117.516657,2,5649437
89261025,2026-08-01T04:18:00.1193567,1058.748241,1046.502164,2117.496483,2,6013222
89293524,2026-08-01T08:26:04.4485848,1058.745706,1049.047921,2117.491412,2,5706310
89404868,2026-08-01T22:26:48.5381864,1058.744334,1050.409749,2117.488667,2,6802441
89401573,2026-08-01T22:02:48.6173080,1058.734608,1026.818750,2117.469216,2,6519433
89236420,2026-08-01T01:02:17.4533495,1058.699611,1043.048693,2117.399223,2,5791903
89329652,2026-08-01T12:58:04.7347662,1058.680653,1031.685074,2117.361306,2,1966276
89368242,2026-08-01T17:50:40.0457082,1058.673764,1027.199550,2117.347527,2,3892622
89228904,2026-08-01T00:02:17.8519755,1058.660364,1033.980098,2117.320728,2,5470809
89298275,2026-08-01T09:02:07.9114603,1058.648714,1048.857637,2117.297427,2,661810
89330056,2026-08-01T13:02:04.3129939,1058.647664,1025.461815,2117.295328,2,4816469
89388334,2026-08-01T20:22:51.1488213,1058.646970,1036.649969,2117.293941,2,4054982
89313701,2026-08-01T10:58:04.5174655,1058.640299,1017.058186,2117.280598,2,4249686
89408917,2026-08-01T22:58:57.3581014,1058.637021,984.846019,2117.274042,2,5363560
89229420,2026-08-01T00:06:18.1662714,1058.603808,1037.562194,2117.207617,2,6437552
89261071,2026-08-01T04:18:00.1690124,1058.539768,1037.069013,2117.079535,2,6460748
89385121,2026-08-01T19:58:48.9114833,1058.522122,1039.737776,2117.044243,2,6186229
89416180,2026-08-01T23:54:58.0136084,1058.513164,1039.209813,2117.026328,2,5132481
89298257,2026-08-01T09:02:07.8765376,1058.489682,1057.213065,2116.979364,2,5386796
89250729,2026-08-01T02:57:30.4921883,1058.470816,1013.514605,2116.941632,2,5918637
89336875,2026-08-01T13:54:08.0691112,1058.453447,999.715440,2116.906895,2,4708649
89416204,2026-08-01T23:54:58.0679455,1058.430920,1038.370887,2116.861840,2,5853698
89405688,2026-08-01T22:34:49.3528194,1058.422079,1051.179448,2116.844159,2,5491396
89403167,2026-08-01T22:14:49.5283872,1058.402991,1034.179820,2116.805982,2,4383028
89288123,2026-08-01T07:46:04.4238975,1058.386745,1010.101116,2116.773489,2,5283577
89392552,2026-08-01T20:54:51.1670614,1058.374099,1056.616522,2116.748199,2,6466531
89331802,2026-08-01T13:14:06.3109580,1058.364291,1049.302095,2116.728582,2,3130236
89403746,2026-08-01T22:18:48.8558965,1058.363639,1058.127741,2116.727279,2,3614282
89263132,2026-08-01T04:34:02.1598727,1058.351706,1036.298631,2116.703413,2,5216351
89235524,2026-08-01T00:54:18.2563965,1058.336460,1044.699650,2116.672920,2,4713533
89416510,2026-08-01T23:54:59.0243340,1058.333415,1038.414750,2116.666829,2,4715769
89416329,2026-08-01T23:54:58.5064705,1058.309950,1042.853579,2116.619899,2,3814516
89400517,2026-08-01T21:54:49.8389299,1058.298291,1016.837183,2116.596583,2,1547853
89303210,2026-08-01T09:38:04.4696975,1058.284650,1045.473347,2116.569301,2,6222387
89250389,2026-08-01T02:53:33.6485154,1058.273919,1036.855561,2116.547837,2,4804408
89311161,2026-08-01T10:38:04.4451320,1058.214524,1024.543823,2116.429048,2,2852989
89406435,2026-08-01T22:38:57.8139455,1058.200791,1053.376938,2116.401581,2,4539518
89401564,2026-08-01T22:02:48.6065853,1058.166206,1004.176079,2116.332413,2,4228436
89235494,2026-08-01T00:54:18.1960936,1058.165676,1027.729493,2116.331353,2,3211157
89403684,2026-08-01T22:18:48.6640552,1058.154202,1026.170358,2116.308404,2,5094222
89229413,2026-08-01T00:06:18.1539938,1058.146380,1020.082026,2116.292760,2,3754799
89233817,2026-08-01T00:42:17.8596220,1058.136205,1053.266579,2116.272411,2,5310653
89389378,2026-08-01T20:30:51.2737129,1058.122664,1049.457206,2116.245327,2,4773552
89322920,2026-08-01T12:06:04.7416218,1058.118367,1039.326652,2116.236733,2,2129082
89362511,2026-08-01T17:06:41.8469118,1058.078711,1035.752153,2116.157423,2,4331637
89269686,2026-08-01T05:26:00.1345220,1058.046434,1017.589309,2116.092867,2,3529098
89392233,2026-08-01T20:50:49.6108222,1058.032030,1022.168089,2116.064060,2,4885672
89406302,2026-08-01T22:38:57.4471389,1058.010227,1004.118062,2116.020454,2,5450340
89401576,2026-08-01T22:02:48.6262022,1057.995521,1027.530201,2115.991041,2,4519024
89280378,2026-08-01T06:46:00.5779245,1057.949893,1001.117467,2115.899786,2,6306279
89294788,2026-08-01T08:34:06.3225198,1057.926115,1014.394840,2115.852230,2,4936478
89234619,2026-08-01T00:46:18.9405240,1057.895935,998.771590,2115.791871,2,5596469
89411542,2026-08-01T23:18:57.5401445,1057.890859,1007.433068,2115.781717,2,4626366
89414726,2026-08-01T23:42:58.1059860,1057.872407,1017.302860,2115.744814,2,6980816
89404760,2026-08-01T22:26:48.3490580,1057.869076,1035.243841,2115.738151,2,3447031
89402115,2026-08-01T22:06:49.3309475,1057.861227,1031.861460,2115.722454,2,4437385
89343995,2026-08-01T14:46:36.5375943,1057.850621,1037.229843,2115.701243,2,6372839
89406486,2026-08-01T22:38:57.9210656,1057.836851,1056.396298,2115.673702,2,4930880
89273277,2026-08-01T05:54:01.9287809,1057.835445,1038.618680,2115.670891,2,6457694
89396438,2026-08-01T21:22:48.8720161,1057.834068,1038.997332,2115.668136,2,5764851
89407912,2026-08-01T22:50:57.3313272,1057.815587,1041.356313,2115.631175,2,3107935
89229955,2026-08-01T00:10:18.1158000,1057.804068,1029.720705,2115.608136,2,2773058
89415803,2026-08-01T23:50:57.4601055,1057.798056,1043.127932,2115.596111,2,5432651
89407943,2026-08-01T22:50:57.4130374,1057.769966,1044.647349,2115.539932,2,7241547
89407480,2026-08-01T22:46:58.0236255,1057.717672,1055.113809,2115.435344,2,3355997
89409462,2026-08-01T23:02:57.7794224,1057.701574,1019.770204,2115.403147,2,3799078
89292352,2026-08-01T08:18:04.4078457,1057.694871,1033.036166,2115.389742,2,4180904
89413218,2026-08-01T23:30:57.7180173,1057.684074,1056.832143,2115.368147,2,7539374
89397346,2026-08-01T21:30:48.7713821,1057.680783,1049.537683,2115.361565,2,6122694
89357675,2026-08-01T16:30:36.2199497,1057.668006,1051.680781,2115.336013,2,4051058
89397885,2026-08-01T21:34:49.6180657,1057.616004,1054.237051,2115.232008,2,4277563
89412274,2026-08-01T23:22:58.6318115,1057.614410,1043.042283,2115.228819,2,4580896
89257133,2026-08-01T03:46:00.6805953,1057.613621,998.181534,2115.227242,2,4453544
89414227,2026-08-01T23:38:57.0227006,1057.610649,1053.860025,2115.221298,2,5107392
89304308,2026-08-01T09:46:04.6216134,1057.590636,1056.459257,2115.181272,2,6525212
89346971,2026-08-01T15:10:34.4313713,1057.583415,1048.717047,2115.166830,2,7670086
89410511,2026-08-01T23:10:57.4483727,1057.581975,1037.068426,2115.163949,2,4914186
89416328,2026-08-01T23:54:58.4662962,1057.573936,1031.134755,2115.147872,2,3891205
89311169,2026-08-01T10:38:04.4530489,1057.564657,1035.286642,2115.129314,2,5618223
89231035,2026-08-01T00:18:18.4822114,1057.488925,1042.137267,2114.977850,2,4262640
89324828,2026-08-01T12:22:04.4315374,1057.472514,1037.246355,2114.945029,2,4637785
89388998,2026-08-01T20:26:50.6837112,1057.467280,997.232237,2114.934559,2,3613640
89374805,2026-08-01T18:38:45.7100953,1057.461667,1046.651237,2114.923335,2,5559491
89235087,2026-08-01T00:50:17.9907792,1057.436819,1005.577129,2114.873639,2,3520745
89406837,2026-08-01T22:42:57.4344095,1057.427021,1032.707513,2114.854042,2,5249850
89228875,2026-08-01T00:02:17.8535351,1057.394902,1018.476335,2114.789804,2,3863895
89392112,2026-08-01T20:50:49.2590881,1057.382586,1007.599407,2114.765172,2,4394737
89302524,2026-08-01T09:34:07.0386250,1057.357497,1022.007277,2114.714993,2,3464183
89324839,2026-08-01T12:22:04.4450766,1057.355854,1028.998129,2114.711708,2,2382367
89395811,2026-08-01T21:18:51.6512967,1057.350424,1039.538108,2114.700848,2,4568611
89334838,2026-08-01T13:38:04.3321125,1057.341795,1016.707008,2114.683589,2,3878619
89397836,2026-08-01T21:34:49.4383651,1057.285274,1035.392084,2114.570549,2,4676868
89250196,2026-08-01T02:53:33.3979693,1057.276274,1054.537358,2114.552548,2,484375
89232010,2026-08-01T00:26:18.0440264,1057.269993,1038.118764,2114.539986,2,1608907
89410666,2026-08-01T23:10:57.8589873,1057.263632,1056.153022,2114.527263,2,5029997
89404197,2026-08-01T22:22:49.9759884,1057.260499,1011.809547,2114.520997,2,3574134
89414731,2026-08-01T23:42:58.1227855,1057.219146,1015.116076,2114.438292,2,5776818
89340176,2026-08-01T14:18:04.4607460,1057.217460,1042.736319,2114.434919,2,2307873
89230455,2026-08-01T00:14:18.0609740,1057.205205,1017.029518,2114.410410,2,5162361
89405813,2026-08-01T22:34:49.9241895,1057.137290,1036.982353,2114.274579,2,5985177
89333733,2026-08-01T13:30:04.2807641,1057.108569,1030.868251,2114.217139,2,1584803
89255403,2026-08-01T03:34:00.7056914,1057.101844,1030.771216,2114.203687,2,5447362
89230459,2026-08-01T00:14:18.0647785,1057.080866,1028.624941,2114.161732,2,4652955
89257907,2026-08-01T03:54:01.8575398,1057.059868,1047.776247,2114.119736,2,2384825
89315804,2026-08-01T11:14:06.3781524,1057.021252,1052.836186,2114.042505,2,5789878
89414767,2026-08-01T23:42:58.2394795,1057.016841,1051.706059,2114.033683,2,5384789
89376186,2026-08-01T18:50:42.9958734,1057.014718,1043.480973,2114.029437,2,5124095
89231500,2026-08-01T00:22:18.0000014,1057.010179,1033.551427,2114.020358,2,3790711
89393316,2026-08-01T20:58:50.8197705,1056.984576,1034.559820,2113.969152,2,4760761
89401742,2026-08-01T22:02:49.0758150,1056.974112,1049.474356,2113.948224,2,7718918
89414201,2026-08-01T23:38:56.9400629,1056.954838,1015.067301,2113.909676,2,3862121
89321111,2026-08-01T11:54:07.1660747,1056.937062,1045.406241,2113.874124,2,7187564
89411928,2026-08-01T23:22:57.7062913,1056.927638,1024.217173,2113.855275,2,4004656
89232518,2026-08-01T00:30:17.9784059,1056.904819,1025.977632,2113.809637,2,1729899
89230450,2026-08-01T00:14:18.0536453,1056.893909,1024.086176,2113.787817,2,3609857
89414224,2026-08-01T23:38:57.0162475,1056.867504,1051.684070,2113.735007,2,5268290
89398982,2026-08-01T21:42:48.3420353,1056.846896,1041.596539,2113.693791,2,4696745
89243167,2026-08-01T01:57:30.4213535,1056.828885,1033.746371,2113.657769,2,5777448
89389923,2026-08-01T20:34:51.5119012,1056.804537,1043.889819,2113.609074,2,6170236
89240198,2026-08-01T01:33:56.0183871,1056.786968,1048.092075,2113.573935,2,4960052
89347421,2026-08-01T15:14:40.4073196,1056.739462,993.821974,2113.478924,2,3450105
89229975,2026-08-01T00:10:18.1556816,1056.716173,1044.844043,2113.432347,2,3236593
89396876,2026-08-01T21:26:50.3782850,1056.684554,1028.086253,2113.369107,2,5692400
89407370,2026-08-01T22:46:57.7296843,1056.647522,1041.178216,2113.295044,2,7526368
89397356,2026-08-01T21:30:48.8120182,1056.618675,1023.273585,2113.237351,2,7244250
89279734,2026-08-01T06:42:00.1227340,1056.554367,993.333720,2113.108734,2,6890535
89322070,2026-08-01T12:02:04.1070755,1056.552556,1055.389180,2113.105112,2,4376325
89396284,2026-08-01T21:22:48.4597472,1056.549006,1013.756051,2113.098012,2,5958791
89334255,2026-08-01T13:34:07.0629303,1056.540149,1045.725992,2113.080297,2,6333324
89399625,2026-08-01T21:46:48.4743166,1056.521197,1054.682173,2113.042393,2,3921242
89398466,2026-08-01T21:38:50.3735002,1056.519722,1030.372605,2113.039445,2,5960497
89386309,2026-08-01T20:06:48.6432216,1056.445549,1017.349223,2112.891098,2,4746215
89402785,2026-08-01T22:10:49.2159810,1056.422275,1054.743451,2112.844549,2,4868500
89330722,2026-08-01T13:06:04.4658380,1056.408066,1029.027794,2112.816133,2,1561051
89406838,2026-08-01T22:42:57.4398306,1056.395169,1021.330123,2112.790338,2,7791684
89402670,2026-08-01T22:10:48.9481364,1056.363694,1039.410304,2112.727388,2,2619586
89413651,2026-08-01T23:34:59.7292422,1056.341379,1049.063631,2112.682758,2,5537531
89236522,2026-08-01T01:02:17.6071787,1056.315773,1026.115698,2112.631546,2,4700852
89405267,2026-08-01T22:30:48.4068719,1056.311378,1009.464872,2112.622757,2,5258653
89335008,2026-08-01T13:38:04.6370999,1056.308222,1046.937844,2112.616445,2,2252787
89399121,2026-08-01T21:42:48.6686911,1056.293634,1054.479358,2112.587268,2,8696068
89407887,2026-08-01T22:50:57.2539539,1056.293341,1029.782421,2112.586682,2,3315989
89392261,2026-08-01T20:50:49.6756595,1056.288647,1029.113247,2112.577295,2,3761179
89335026,2026-08-01T13:38:04.6603829,1056.277852,1053.362582,2112.555705,2,6536908
89408452,2026-08-01T22:54:58.3410571,1056.254938,1048.054297,2112.509877,2,6181091
89391560,2026-08-01T20:46:49.0318451,1056.241161,1004.239828,2112.482321,2,4267438
89333393,2026-08-01T13:26:04.4332097,1056.204827,1042.617067,2112.409654,2,5861122
89313913,2026-08-01T10:58:04.9228772,1056.190084,1039.985296,2112.380168,2,5789209
89229424,2026-08-01T00:06:18.1716003,1056.178946,1030.192454,2112.357892,2,4805674
89255920,2026-08-01T03:38:00.1378130,1056.172452,1021.902127,2112.344904,2,5113420
89415794,2026-08-01T23:50:57.4289753,1056.165061,1027.394162,2112.330122,2,9075848
89407893,2026-08-01T22:50:57.2687550,1056.149515,1026.120838,2112.299030,2,4863013
89273870,2026-08-01T05:58:00.0107100,1056.143808,1029.933812,2112.287616,2,5008308
89395715,2026-08-01T21:18:51.3731788,1056.143407,1052.941221,2112.286813,2,5155651
89409973,2026-08-01T23:06:57.3748380,1056.110192,1008.430974,2112.220384,2,6200440
89415764,2026-08-01T23:50:57.3630877,1056.097084,987.992563,2112.194167,2,2893937
89388442,2026-08-01T20:22:51.5533808,1056.045057,982.994469,2112.090113,2,3360511
89406324,2026-08-01T22:38:57.4813440,1056.024939,1029.748306,2112.049879,2,4710401
89271037,2026-08-01T05:34:01.5428212,1056.011011,1016.201160,2112.022022,2,5084874
89397321,2026-08-01T21:30:48.7269462,1055.992526,974.293855,2111.985052,2,5925547
89362816,2026-08-01T17:10:42.8614300,1055.986645,1009.857820,2111.973290,2,5107211
89355549,2026-08-01T16:14:38.1771151,1055.889734,1009.656296,2111.779467,2,5567473
89415788,2026-08-01T23:50:57.4231897,1055.879336,1023.518388,2111.758673,2,5869385
89393094,2026-08-01T20:58:50.1411771,1055.868280,1050.214328,2111.736561,2,4058436
89390952,2026-08-01T20:42:48.8732625,1055.867779,1044.440320,2111.735558,2,3665535
89229410,2026-08-01T00:06:18.1494018,1055.861545,1020.628759,2111.723091,2,2718477
89400044,2026-08-01T21:50:48.4567130,1055.854306,1034.509321,2111.708611,2,5931529
89265065,2026-08-01T04:50:00.7367835,1055.847346,1048.237125,2111.694693,2,6324864
89303900,2026-08-01T09:42:04.6146491,1055.823783,996.443251,2111.647566,2,3885641
89404701,2026-08-01T22:26:48.2404132,1055.822336,1047.698670,2111.644672,2,5256799
89395747,2026-08-01T21:18:51.4657650,1055.792906,1003.257409,2111.585812,2,5734837
89349126,2026-08-01T15:26:36.0286447,1055.786901,1035.973991,2111.573802,2,5095162
89234014,2026-08-01T00:42:18.1111647,1055.775440,1006.932672,2111.550880,2,4385870
89365734,2026-08-01T17:30:40.6609500,1055.760659,1022.399071,2111.521319,2,4916617
89335542,2026-08-01T13:42:04.7598627,1055.749112,1040.703160,2111.498223,2,3243456
89238637,2026-08-01T01:18:18.0189204,1055.746939,1028.694923,2111.493878,2,3304254
89393245,2026-08-01T20:58:50.5558007,1055.733518,1018.041286,2111.467037,2,5113148
89406141,2026-08-01T22:38:57.0139832,1055.720655,1021.542770,2111.441310,2,6366021
89415866,2026-08-01T23:50:57.6152759,1055.714652,1052.813784,2111.429305,2,2854118
89411602,2026-08-01T23:18:57.7195087,1055.711673,1044.390649,2111.423345,2,4504549
89397427,2026-08-01T21:30:48.9965038,1055.701013,1041.758705,2111.402025,2,648496
89414764,2026-08-01T23:42:58.2321286,1055.698327,1045.728472,2111.396653,2,2997775
89403799,2026-08-01T22:18:49.0075233,1055.684310,1048.170670,2111.368620,2,5729798
89258107,2026-08-01T03:54:02.1489683,1055.628074,1016.410121,2111.256148,2,5611954
89328744,2026-08-01T12:50:04.7340545,1055.616739,1041.245116,2111.233477,2,4262689
89393767,2026-08-01T21:02:48.9333805,1055.596469,1019.834937,2111.192938,2,4042908
89248223,2026-08-01T02:37:30.1704343,1055.593224,1017.098833,2111.186447,2,5181671
89257148,2026-08-01T03:46:00.6815361,1055.590107,1038.395782,2111.180214,2,5436770
89322737,2026-08-01T12:06:04.3728360,1055.587481,1035.017191,2111.174962,2,5361919
89406651,2026-08-01T22:42:56.9447549,1055.577528,1050.962283,2111.155056,2,5224969
89416882,2026-08-01T23:58:57.5163925,1055.551896,1037.754291,2111.103792,2,5942157
89314951,2026-08-01T11:06:05.0261210,1055.529798,1025.694961,2111.059596,2,4962900
89414229,2026-08-01T23:38:57.0261464,1055.528361,1051.457692,2111.056721,2,4216187
89400123,2026-08-01T21:50:48.6671322,1055.522970,1051.595637,2111.045941,2,2796263
89300838,2026-08-01T09:22:04.3488904,1055.520217,1039.728781,2111.040434,2,4346184
89388943,2026-08-01T20:26:50.4861069,1055.508598,983.147091,2111.017195,2,5220771
89399629,2026-08-01T21:46:48.4815971,1055.495560,1039.320469,2110.991120,2,3197242
89324311,2026-08-01T12:18:04.4841027,1055.469787,1033.028084,2110.939573,2,3568091
89379548,2026-08-01T19:14:46.3447841,1055.460061,1020.944313,2110.920123,2,5045146
89276945,2026-08-01T06:21:59.9313091,1055.455384,1024.357052,2110.910768,2,3986138
89339560,2026-08-01T14:14:05.5270353,1055.438539,1044.290468,2110.877077,2,3894800
89264162,2026-08-01T04:42:00.3032451,1055.430440,1015.721155,2110.860880,2,7718048
89399418,2026-08-01T21:46:48.1192228,1055.415929,1019.793995,2110.831858,2,7622309
89259535,2026-08-01T04:06:00.2131898,1055.402464,1043.143165,2110.804929,2,6148652
89347471,2026-08-01T15:14:40.5113184,1055.338965,1007.011402,2110.677930,2,7050340
89396332,2026-08-01T21:22:48.5774571,1055.331302,1026.878037,2110.662604,2,5356589
89407467,2026-08-01T22:46:57.9751550,1055.303634,1055.068040,2110.607268,2,6999651
89254362,2026-08-01T03:26:00.2097515,1055.296226,1018.230807,2110.592451,2,5259208
89310808,2026-08-01T10:34:05.9424890,1055.287685,1047.727599,2110.575370,2,5398389
89406745,2026-08-01T22:42:57.2034441,1055.285556,1054.805488,2110.571113,2,4864029
89364942,2026-08-01T17:26:39.8126892,1055.261814,966.334039,2110.523628,2,5069707
89415800,2026-08-01T23:50:57.4501093,1055.236698,1036.159580,2110.473396,2,6066882
89407903,2026-08-01T22:50:57.3159720,1055.227240,1034.386578,2110.454480,2,5976191
89332797,2026-08-01T13:22:04.4663416,1055.224195,1035.362214,2110.448389,2,5033597
89249908,2026-08-01T02:49:31.8220970,1055.071911,1039.000064,2110.143822,2,3747004
89333917,2026-08-01T13:30:04.6096960,1055.034328,1049.308921,2110.068656,2,4678596
89398762,2026-08-01T21:42:47.7468661,1055.025562,1041.979406,2110.051123,2,3279353
89405280,2026-08-01T22:30:48.4295428,1055.012831,1023.567439,2110.025662,2,3822435
89405376,2026-08-01T22:30:48.6703051,1055.003994,1050.292519,2110.007988,2,4243423
89236407,2026-08-01T01:02:17.4420317,1054.946262,1040.690300,2109.892524,2,5046065
89405275,2026-08-01T22:30:48.4225025,1054.942885,1025.584218,2109.885771,2,6519730
89405803,2026-08-01T22:34:49.9053490,1054.926538,1036.475105,2109.853076,2,2462473
89230542,2026-08-01T00:14:18.1738033,1054.919431,1037.458317,2109.838863,2,5357568
89391175,2026-08-01T20:42:49.6470833,1054.904508,1010.234005,2109.809015,2,4626675
89228881,2026-08-01T00:02:17.8556198,1054.901013,1041.744885,2109.802026,2,4865472
89416750,2026-08-01T23:58:57.1679787,1054.874453,1022.832980,2109.748907,2,4691647
89406416,2026-08-01T22:38:57.7436494,1054.855220,1045.950007,2109.710440,2,4900428
89364030,2026-08-01T17:18:42.8301610,1054.842003,1021.935289,2109.684007,2,7106479
89403222,2026-08-01T22:14:49.7118677,1054.792576,1053.971439,2109.585153,2,4132515
89341781,2026-08-01T14:30:04.6156359,1054.789528,1050.536964,2109.579057,2,2048063
89399000,2026-08-01T21:42:48.4106231,1054.764076,1031.060214,2109.528152,2,4940029
89242606,2026-08-01T01:53:31.7216334,1054.705480,1006.641739,2109.410959,2,6034932
89361469,2026-08-01T16:58:40.5244855,1054.703136,1049.513948,2109.406273,2,2957719
89265882,2026-08-01T04:54:01.7518086,1054.687109,1053.567640,2109.374219,2,4319303
89232068,2026-08-01T00:26:18.1391131,1054.680057,1025.212233,2109.360115,2,3996538
89394175,2026-08-01T21:06:49.0842395,1054.672444,997.799325,2109.344887,2,5874554
89249288,2026-08-01T02:45:30.7911687,1054.668442,1044.425881,2109.336884,2,7138990
89295174,2026-08-01T08:38:05.9701887,1054.661296,1044.778467,2109.322591,2,4010364
89409997,2026-08-01T23:06:57.4335649,1054.659655,1038.651849,2109.319310,2,4725602
89360891,2026-08-01T16:54:43.4254459,1054.644911,1018.854421,2109.289823,2,3408565
89397895,2026-08-01T21:34:49.6385825,1054.615522,1030.349136,2109.231044,2,3545469
89413688,2026-08-01T23:34:59.8346766,1054.611255,1045.561267,2109.222510,2,3170144
89379533,2026-08-01T19:14:46.2739134,1054.609832,1045.897873,2109.219665,2,6070179
89364955,2026-08-01T17:26:39.8373467,1054.574017,1045.366414,2109.148035,2,5776892
89383528,2026-08-01T19:46:48.8573096,1054.570636,1019.742935,2109.141272,2,5665767
89412612,2026-08-01T23:26:57.6446602,1054.550472,1006.702658,2109.100943,2,2207887
89375047,2026-08-01T18:42:42.0712401,1054.550087,1025.089409,2109.100174,2,4753649
89410078,2026-08-01T23:06:57.7047419,1054.549924,1053.721582,2109.099848,2,6079751
89395233,2026-08-01T21:14:50.0290234,1054.531139,1010.257669,2109.062278,2,4499367
89317903,2026-08-01T11:30:04.3546611,1054.530993,1042.248209,2109.061986,2,3700591
89228871,2026-08-01T00:02:17.8443286,1054.521673,1027.165219,2109.043346,2,3840312
89333188,2026-08-01T13:26:04.0711419,1054.500146,981.796306,2109.000292,2,2837622
89366646,2026-08-01T17:38:40.9663618,1054.491992,1016.432585,2108.983984,2,4328254
89377952,2026-08-01T19:02:43.1209320,1054.459108,981.886139,2108.918216,2,4711529
89404885,2026-08-01T22:26:48.5650105,1054.457104,1052.202752,2108.914208,2,4040895
89412786,2026-08-01T23:26:58.1296464,1054.455618,1053.909432,2108.911235,2,8955262
89404212,2026-08-01T22:22:50.1522280,1054.451612,1029.789870,2108.903224,2,6698948
89375877,2026-08-01T18:46:42.3051625,1054.431743,1019.731617,2108.863486,2,5117898
89248382,2026-08-01T02:37:30.4263159,1054.419120,1036.494433,2108.838240,2,5005181
89394654,2026-08-01T21:10:51.2183432,1054.396527,1047.785384,2108.793053,2,7549492
89413680,2026-08-01T23:34:59.8293282,1054.391254,1039.829470,2108.782509,2,6548231
89292034,2026-08-01T08:14:06.9161572,1054.388615,1024.678702,2108.777231,2,6196163
89265835,2026-08-01T04:54:01.7236651,1054.385496,1028.831564,2108.770991,2,5589723
89402624,2026-08-01T22:10:48.8430065,1054.374333,1019.802035,2108.748666,2,11301245
89229408,2026-08-01T00:06:18.1478049,1054.343488,1007.594809,2108.686975,2,6267653
89340686,2026-08-01T14:22:04.5466953,1054.313990,1026.430049,2108.627980,2,8141114
89272966,2026-08-01T05:50:00.2089323,1054.276673,1033.929016,2108.553347,2,4977329
89362875,2026-08-01T17:10:42.9411242,1054.229157,1006.734393,2108.458314,2,3846497
89331936,2026-08-01T13:14:06.5245932,1054.222484,1009.016380,2108.444967,2,4046094
89269207,2026-08-01T05:22:00.2627009,1054.194729,1037.338004,2108.389458,2,4253773
89393580,2026-08-01T21:02:48.4143102,1054.165359,1021.310615,2108.330719,2,2957374
89336946,2026-08-01T13:54:08.1666387,1054.162550,1036.271250,2108.325099,2,3647188
89400518,2026-08-01T21:54:49.8416167,1054.161773,1018.739478,2108.323546,2,8081569
89385209,2026-08-01T19:58:49.1801549,1054.152468,1040.020565,2108.304937,2,2901395
89271414,2026-08-01T05:38:00.3107010,1054.097479,991.658930,2108.194959,2,4059766
89241050,2026-08-01T01:41:30.5236765,1054.094310,990.359351,2108.188620,2,5106529
89392009,2026-08-01T20:50:48.8819603,1054.060330,1033.968181,2108.120660,2,3791003
89402723,2026-08-01T22:10:49.0569907,1054.010514,1053.474186,2108.021028,2,4191001
89400555,2026-08-01T21:54:49.9284795,1054.003794,1036.089491,2108.007588,2,5468967
89385366,2026-08-01T19:58:49.8225884,1053.988976,1006.409108,2107.977953,2,4322423
89408516,2026-08-01T22:54:58.6103185,1053.986217,1043.219662,2107.972435,2,3664336
89406386,2026-08-01T22:38:57.6429874,1053.967286,1049.116473,2107.934572,2,6041538
89275524,2026-08-01T06:10:00.4861178,1053.944847,1049.731139,2107.889695,2,2501336
89414221,2026-08-01T23:38:57.0131642,1053.936303,1034.908178,2107.872605,2,4898144
89410605,2026-08-01T23:10:57.7086895,1053.935094,1053.741250,2107.870189,2,3176983
89411029,2026-08-01T23:14:58.0141884,1053.884291,1008.286783,2107.768582,2,5598462
89407361,2026-08-01T22:46:57.7077284,1053.876545,1020.127608,2107.753089,2,2643934
89383817,2026-08-01T19:46:49.9788511,1053.874194,990.394949,2107.748388,2,4890365
89401035,2026-08-01T21:58:48.6084749,1053.850931,1017.486047,2107.701863,2,6634238
89394268,2026-08-01T21:06:49.3380329,1053.839281,1024.793281,2107.678561,2,3958276
89256652,2026-08-01T03:42:00.4319500,1053.821163,1049.467848,2107.642326,2,5161271
89255500,2026-08-01T03:34:00.9520240,1053.798458,1052.132281,2107.596915,2,6874294
89341954,2026-08-01T14:30:04.9169758,1053.798435,1030.803318,2107.596870,2,4608420
89408420,2026-08-01T22:54:58.2479778,1053.778730,1026.267078,2107.557459,2,3926401
89265875,2026-08-01T04:54:01.7517564,1053.756248,996.974251,2107.512495,2,4703129
89404750,2026-08-01T22:26:48.3460611,1053.744858,1033.138756,2107.489716,2,4756854
89296625,2026-08-01T08:50:05.7392791,1053.729130,1027.604524,2107.458260,2,5151486
89408949,2026-08-01T22:58:57.4415869,1053.729021,1026.631080,2107.458041,2,7968893
89235660,2026-08-01T00:54:18.4793798,1053.724709,1005.226599,2107.449418,2,5724806
89410509,2026-08-01T23:10:57.4417177,1053.713949,1015.274852,2107.427898,2,4923544
89326334,2026-08-01T12:34:05.0424323,1053.669131,1052.693723,2107.338263,2,5280973
89358699,2026-08-01T16:38:41.7384051,1053.642931,1017.188969,2107.285862,2,4049720
89284603,2026-08-01T07:18:00.1778361,1053.636336,1051.234699,2107.272671,2,4336670
89396915,2026-08-01T21:26:50.4560092,1053.620306,1050.113047,2107.240611,2,5927120
89402089,2026-08-01T22:06:49.2499191,1053.587556,994.258978,2107.175113,2,4944417
89376100,2026-08-01T18:50:42.6597008,1053.583522,1039.756053,2107.167045,2,3579815
89407440,2026-08-01T22:46:57.9155138,1053.583260,1040.476194,2107.166519,2,2053688
89407369,2026-08-01T22:46:57.7285043,1053.550281,1029.831612,2107.100562,2,1645177
89406956,2026-08-01T22:42:57.7863498,1053.549640,1052.947399,2107.099281,2,6251353
89402099,2026-08-01T22:06:49.3036870,1053.548771,1020.354941,2107.097542,2,4532527
89350349,2026-08-01T15:34:40.5820128,1053.542501,1030.328558,2107.085002,2,661546
89398943,2026-08-01T21:42:48.2310404,1053.529999,1005.579130,2107.059998,2,6209214
89413139,2026-08-01T23:30:57.4931877,1053.472469,1019.597292,2106.944939,2,4023657
89232027,2026-08-01T00:26:18.0557640,1053.470116,1030.815455,2106.940233,2,5481678
89259022,2026-08-01T04:02:00.2735250,1053.469464,991.529482,2106.938929,2,5798009
89313925,2026-08-01T10:58:04.9367598,1053.455642,1037.797450,2106.911285,2,3386663
89365631,2026-08-01T17:30:40.4631451,1053.429123,1016.469276,2106.858247,2,6778172
89264075,2026-08-01T04:42:00.1474559,1053.304978,1048.704447,2106.609956,2,2995862
89344941,2026-08-01T14:54:39.9418706,1053.301000,1029.256918,2106.602000,2,3485618
89393138,2026-08-01T20:58:50.2503289,1053.290975,1004.495378,2106.581950,2,5217958
89393258,2026-08-01T20:58:50.6181720,1053.285505,1022.781100,2106.571009,2,3239898
89369855,2026-08-01T18:02:42.8379159,1053.274445,1050.455209,2106.548891,2,2806291
89242245,2026-08-01T01:49:30.4540847,1053.272211,1040.457096,2106.544423,2,3611406
89231529,2026-08-01T00:22:18.0580190,1053.261621,1024.943407,2106.523241,2,5196219
89410972,2026-08-01T23:14:57.8520498,1053.258931,1005.560321,2106.517863,2,6569689
89402128,2026-08-01T22:06:49.3578990,1053.226098,1037.211800,2106.452196,2,3626115
89259522,2026-08-01T04:06:00.1718821,1053.185912,1001.196923,2106.371824,2,4573373
89377136,2026-08-01T18:58:43.5315227,1053.163665,1044.794011,2106.327331,2,2675773
89385625,2026-08-01T20:02:51.1956929,1053.148548,1031.580096,2106.297095,2,5331546
89333303,2026-08-01T13:26:04.2579293,1053.138720,1052.335758,2106.277440,2,6464122
89415783,2026-08-01T23:50:57.4197480,1053.101949,1027.245631,2106.203899,2,6382056
89415804,2026-08-01T23:50:57.4620534,1053.092755,1032.991104,2106.185510,2,4169752
89407920,2026-08-01T22:50:57.3501927,1053.075285,1028.600026,2106.150569,2,3855198
89402621,2026-08-01T22:10:48.8418553,1053.058975,996.755533,2106.117951,2,4198411
89393070,2026-08-01T20:58:50.0546292,1053.020931,1028.677923,2106.041863,2,4438397
89238733,2026-08-01T01:18:18.1510103,1053.015820,978.574396,2106.031639,2,3575555
89301582,2026-08-01T09:26:04.4740935,1052.973161,1032.124107,2105.946323,2,8854882
89395151,2026-08-01T21:14:49.7228623,1052.962444,1004.789403,2105.924889,2,6922422
89302034,2026-08-01T09:30:04.2857631,1052.952425,1042.237550,2105.904849,2,5902223
89416349,2026-08-01T23:54:58.5483501,1052.948960,1038.578480,2105.897919,2,364895
89276453,2026-08-01T06:17:59.9525128,1052.944375,1032.243806,2105.888750,2,5306047
89231996,2026-08-01T00:26:18.0001416,1052.944354,1014.419621,2105.888707,2,4897982
89239128,2026-08-01T01:22:17.6927826,1052.934066,1040.427185,2105.868132,2,4006771
89408459,2026-08-01T22:54:58.3581403,1052.920424,1043.392548,2105.840848,2,2680108
89411560,2026-08-01T23:18:57.5703700,1052.920298,1025.405843,2105.840596,2,6741270
89412121,2026-08-01T23:22:58.2295247,1052.911116,1038.804230,2105.822231,2,6128387
89413130,2026-08-01T23:30:57.4730407,1052.905297,1005.065552,2105.810594,2,3342790
89346025,2026-08-01T15:02:36.2732146,1052.903864,1045.208179,2105.807728,2,5097150
89412085,2026-08-01T23:22:58.1302706,1052.902235,1005.152902,2105.804470,2,6346997
89274855,2026-08-01T06:05:59.9590731,1052.888799,1039.442177,2105.777599,2,4458018
89406305,2026-08-01T22:38:57.4509138,1052.882301,1001.254273,2105.764602,2,5639060
89235077,2026-08-01T00:50:17.9777623,1052.878665,986.121902,2105.757329,2,4174648
89413162,2026-08-01T23:30:57.5591024,1052.850634,1035.487190,2105.701269,2,4983972
89382769,2026-08-01T19:38:44.2230634,1052.834792,1052.662991,2105.669584,2,5206901
89306975,2026-08-01T10:06:04.5606544,1052.822345,1038.020180,2105.644690,2,5516675
89297483,2026-08-01T08:54:08.8057383,1052.814499,1044.700323,2105.628998,2,5793056
89414385,2026-08-01T23:38:57.3461995,1052.812246,1046.858254,2105.624493,2,3147088
89229516,2026-08-01T00:06:18.3031374,1052.807631,1020.156236,2105.615262,2,5239096
89367608,2026-08-01T17:46:40.0969945,1052.772253,1023.074817,2105.544506,2,8853084
89249660,2026-08-01T02:49:30.8218503,1052.744151,1007.403592,2105.488303,2,4207603
89325316,2026-08-01T12:26:04.1471660,1052.741085,1002.100314,2105.482169,2,4179500
89331753,2026-08-01T13:14:06.2218261,1052.740669,1032.040557,2105.481338,2,6215837
89410023,2026-08-01T23:06:57.5304586,1052.710540,1046.055779,2105.421080,2,6544679
89283292,2026-08-01T07:10:00.0302454,1052.705995,1022.125238,2105.411990,2,4920543
89341831,2026-08-01T14:30:04.7049532,1052.691817,1021.739028,2105.383634,2,2629121
89361980,2026-08-01T17:02:40.4153754,1052.690040,1005.484809,2105.380081,2,5595183
89408237,2026-08-01T22:54:57.7313872,1052.676671,1030.258142,2105.353342,2,4820955
89394133,2026-08-01T21:06:48.9830698,1052.673316,1038.343398,2105.346632,2,4601712
89312793,2026-08-01T10:50:04.4435688,1052.640611,1023.667728,2105.281222,2,4645505
89411597,2026-08-01T23:18:57.6712668,1052.639933,1043.782416,2105.279865,2,8011982
89399480,2026-08-01T21:46:48.2166557,1052.638392,1022.156232,2105.276783,2,3920286
